8287,USP9Y,O00507
71241,Dmrtc2,Q8CGW9
2592,GALT,P07902
1768,DNAH6,Q9C0G6
254528,MEIOB,Q8N635
255101,CFAP65,Q6ZU64
286151,FBXO43,Q4G163
65267,WNK3,Q9BYP7
147872,CCDC155,Q8N6L0
83449,PMFBP1,Q8TBY8
84071,ARMC2,Q8NEN0
11144,DMC1,Q14565
10665,TSBP1,Q5SRN2
7516,XRCC2,O43543
9077,DIRAS3,O95661
79846,CFAP69,A5D8W1
83894,TTC29,Q8NA56
139189,DGKK,Q5KSL6
5030,P2RY4,P51582
93978,CLEC6A,Q6EIG7
23424,TDRD7,Q8NHU6
118491,CFAP70,Q5T0N1
8632,DNAH17,Q9UFH2
140801,RPL10L,Q96L21
23498,HAAO,P46952
79190,IRX6,P78412
4540,MT-ND5,P03915
2967,GTF2H3,Q13889
100130958,SYCE1L,A8MT33
51127,TRIM17,Q9Y577
23414,ZFPM2,Q8WW38
3239,HOXD13,P35453
2737,GLI3,P10071
57576,KIF17,Q9P2E2
51752,ERAP1,Q9NZ08
3008,H1-4,P10412
2175,FANCA,O15360
146754,DNAH2,Q9P225
9075,CLDN2,P57739
89876,MAATS1,Q7Z4T9
23639,LRRC6,Q86X45
9651,PLCH2,O75038
84733,CBX2,Q14781
389874,ZCCHC13,Q8WW36
84074,QRICH2,Q9H0J4
84515,MCM8,Q9UJA3
23543,RBFOX2,O43251
8481,OFD1,O75665
442444,FAM47C,Q5HY64
26093,CCDC9,Q9Y3X0
3491,CCN1,O00622
1490,CCN2,P29279
4616,GADD45B,O75293
201134,CEP112,Q8N8E3
22873,DZIP1,Q86YF9
130951,M1AP,Q8TC57
55329,MNS1,Q8NEH6
83861,RSPH3,Q86UC2
199223,TTC21A,Q8NDW8
80067,DCAF17,Q5H9S7
51554,ACKR4,Q9NPB9
23471,TRAM1,Q15629
92292,GLYATL1,Q969I3
4678,NASP,P49321
3192,HNRNPU,Q00839
3646,EIF3E,P60228
5828,PEX2,P28328
987,LRBA,P50851
83989,FAM172A,Q8WUF8
10949,HNRNPA0,Q13151
123811,FOPNL,Q96NB1
23760,PITPNB,P48739
57060,PCBP4,P57723
5921,RASA1,P20936
9403,SELENOF,O60613
5166,PDK4,Q16654
84871,AGBL4,Q5VU57
221914,GPC2,Q8N158
2521,FUS,P35637
116255,MOGAT1,Q96PD6
163782,KANK4,Q5T7N3
80097,MZT2B,Q6NZ67
4919,ROR1,Q01973
55900,ZNF302,Q9NR11
2010,EMD,P50402
80031,SEMA6D,Q8NFY4
6189,RPS3A,P61247
64786,TBC1D15,Q8TC07
282991,BLOC1S2,Q6QNY1
6160,RPL31,P62899
27249,MMADHC,Q9H3L0
1915,EEF1A1,P68104
6201,RPS7,P62081
10552,ARPC1A,Q92747
85313,PPIL4,Q8WUA2
4666,NACA,Q13765
6122,RPL3,P39023
203102,ADAM32,Q8TC27
51009,DERL2,Q9GZP9
122961,ISCA2,Q86U28
10605,PAIP1,Q9H074
3945,LDHB,P07195
6152,RPL24,P83731
29028,ATAD2,Q6PL18
23562,CLDN14,O95500
57698,SHTN1,A0MZ66
114294,LACTB,P83111
196528,ARID2,Q68CP9
9723,SEMA3E,O15041
285093,RTP5,Q14D33
1301,COL11A1,P12107
5621,PRNP,F7VJQ1
5621,PRNP,P04156
11137,PWP1,Q13610
23478,SEC11A,P67812
255967,PAN3,Q58A45
83650,SLC35G5,Q96KT7
23588,KLHDC2,Q9Y2U9
53981,CPSF2,Q9P2I0
29090,TIMM21,Q9BVV7
3550,IK,Q13123
55142,HAUS2,Q9NVX0
5701,PSMC2,P35998
9406,ZRANB2,O95218
30834,ZNRD1,Q9P1U0
140767,NRSN1,Q8IZ57
4172,MCM3,P25205
85019,TMEM241,Q24JQ0
9074,CLDN6,P56747
23190,UBXN4,Q92575
51637,RTRAF,Q9Y224
51071,DERA,Q9Y315
23560,GTPBP4,Q9BZE4
56650,CLDND1,Q9NY35
6473,SHOX,O15266
6726,SRP9,P49458
3185,HNRNPF,P52597
5108,PCM1,Q15154
509,ATP5F1C,P36542
7905,REEP5,Q00765
83538,TTC25,Q96NG3
8667,EIF3H,O15372
29880,ALG5,Q9Y673
124152,IQCK,Q8N0W5
3094,HINT1,P49773
57520,HECW2,Q9P2P5
83475,DOHH,Q9BU89
81545,FBXO38,Q6PIJ6
29070,CCDC113,Q9H0I3
23011,RAB21,Q9UL25
10133,OPTN,Q96CV9
8704,B4GALT2,O60909
6125,RPL5,P46777
8863,PER3,P56645
23527,ACAP2,Q15057
255798,SMCO1,Q147U7
29079,MED4,Q9NPJ6
29110,TBK1,Q9UHD2
27181,SIGLEC8,Q9NYZ4
54762,GRAMD1C,Q8IYS0
5689,PSMB1,P20618
85025,TMEM60,Q9H2L4
84168,ANTXR1,Q9H6X2
56647,BCCIP,Q9P287
10320,IKZF1,Q13422
5891,MOK,Q9UQ07
2971,GTF3A,Q92664
57611,ISLR2,Q6UXK2
84193,SETD3,Q86TU7
9253,NUMBL,Q9Y6R0
80344,DCAF11,Q8TEB1
5101,PCDH9,Q9HC56
57129,MRPL47,Q9HD33
26529,OR12D2,P58182
10575,CCT4,P50991
51300,TIMMDC1,Q9NPL8
64746,ACBD3,Q9H3P7
10987,COPS5,Q92905
84272,YIPF4,Q9BSR8
7337,UBE3A,Q05086
5066,PAM,P19021
22949,PTGR1,Q14914
7360,UGP2,Q16851
84172,POLR1B,Q9H9Y6
9512,PMPCB,O75439
51667,NUB1,Q9Y5A7
200205,IBA57,Q5T440
57165,GJC2,Q5T442
57619,SHROOM3,Q8TF72
23741,EID1,Q9Y6B2
90624,LYRM7,Q5U5X0
378,ARF4,P18085
54981,NMRK1,Q9NWW6
28985,MCTS1,Q9ULC4
1811,SLC26A3,P40879
1149,CIDEA,O60543
643836,ZFP62,Q8NB50
4735,SEPTIN2,Q15019
56311,ANKRD7,Q92527
9726,ZNF646,O15015
80273,GRPEL1,Q9HAV7
80213,TM2D3,Q9BRN9
4715,NDUFB9,Q9Y6M9
8853,ASAP2,O43150
2116,ETV2,O00321
9702,CEP57,Q86XR8
63931,MRPS14,O60783
78999,LRFN4,Q6PJG9
2289,FKBP5,Q13451
53335,BCL11A,Q9H165
10412,NSA2,O95478
64802,NMNAT1,Q9HAN9
79710,MORC4,Q8TE76
9925,ZBTB5,O15062
539,ATP5PO,P48047
231,AKR1B1,P15121
26010,SPATS2L,Q9NUQ6
256710,GLIPR1L1,Q6UWM5
6128,RPL6,Q02878
90843,TCEAL8,Q8IYN2
83658,DYNLRB1,Q9NP97
6932,TCF7,P36402
1478,CSTF2,P33240
26502,NARF,Q9UHQ1
5521,PPP2R2B,Q00005
1875,E2F5,Q15329
51719,CAB39,Q9Y376
2560,GABRB1,P18505
124590,USH1G,Q495M9
51187,RSL24D1,Q9UHA3
79027,ZNF655,Q8N720
3840,KPNA4,O00629
79817,MOB3B,Q86TA1
26034,IPCEF1,Q8WWN9
55052,MRPL20,Q9BYC9
2746,GLUD1,P00367
1207,CLNS1A,P54105
221823,PRPS1L1,P21108
154661,RUNDC3B,Q96NL0
114786,XKR4,Q5GH76
1939,EIF2D,P41214
4700,NDUFA6,P56556
53938,PPIL3,Q9H2H8
250,ALPP,P05187
9688,NUP93,Q8N1F7
153129,SLC38A9,Q8NBW4
54807,ZNF586,Q9NXT0
9767,JADE3,Q92613
3422,IDI1,Q13907
80224,NUBPL,Q8TB37
6155,RPL27,P61353
285755,PPIL6,Q8IXY8
7323,UBE2D3,P61077
55914,ERBIN,Q96RT1
7750,ZMYM2,Q9UBW7
64960,MRPS15,P82914
6360,CCL16,O15467
2267,FGL1,Q08830
6364,CCL20,P78556
4298,MLLT1,Q03111
2517,FUCA1,P04066
55515,ASIC4,Q96FT7
50640,PNPLA8,Q9NP80
525,ATP6V1B1,P15313
816,CAMK2B,Q13554
2712,GK2,Q14410
143471,PSMA8,Q8TAA3
22909,FAN1,Q9Y2M0
9867,PJA2,O43164
317701,VN1R2,Q8NFZ6
3930,LBR,Q14739
64801,ARV1,Q9H2C2
29902,FAM216A,Q8WUB2
55284,UBE2W,Q96B02
85365,ALG2,Q9H553
6191,RPS4X,P62701
80196,RNF34,Q969K3
55901,THSD1,Q9NS62
252983,STXBP4,Q6ZWJ1
54813,KLHL28,Q9NXS3
7881,KCNAB1,Q14722
63934,ZNF667,Q5HYK9
26973,CHORDC1,Q9UHD1
55266,TMEM19,Q96HH6
8724,SNX3,O60493
404217,CTXN1,P60606
56674,TMEM9B,Q9NQ34
22841,RAB11FIP2,Q7L804
144363,ETFRF1,Q6IPR1
5143,PDE4C,Q08493
64792,IFT22,Q9H7X7
10559,SLC35A1,P78382
112476,PRRT2,Q7Z6L0
9975,NR1D2,Q14995
22903,BTBD3,Q9Y2F9
488,ATP2A2,P16615
2846,LPAR4,Q99677
10855,HPSE,Q9Y251
157922,CAMSAP1,Q5T5Y3
3312,HSPA8,P11142
6194,RPS6,P62753
22887,FOXJ3,Q9UPW0
713,C1QB,P02746
114327,EFHC1,Q5JVL4
113510,HELQ,Q8TDG4
23013,SPEN,Q96T58
9902,MRC2,Q9UBG0
127795,C1orf87,Q8N0U7
60492,CCDC90B,Q9GZT6
126549,ANKLE1,Q8NAG6
6921,ELOC,Q15369
8867,SYNJ1,O43426
64430,PCNX4,Q63HM2
27229,TUBGCP4,Q9UGJ1
11034,DSTN,P60981
145581,LRFN5,Q96NI6
29959,NRBP1,Q9UHY1
5932,RBBP8,Q99708
55860,ACTR10,Q9NZ32
51382,ATP6V1D,Q9Y5K8
84661,DPY30,Q9C005
51371,POMP,Q9Y244
63875,MRPL17,Q9NRX2
152518,NFXL1,Q6ZNB6
64766,S100PBP,Q96BU1
817,CAMK2D,Q13557
89894,TMEM116,Q8NCL8
8562,DENR,O43583
1033,CDKN3,Q16667
51322,WAC,Q9BTA9
55081,IFT57,Q9NWB7
375616,KCP,Q6ZWJ8
5191,PEX7,O00628
2130,EWSR1,Q01844
51060,TXNDC12,O95881
23172,ABRAXAS2,Q15018
4826,NNAT,Q16517
7027,TFDP1,Q14186
9367,RAB9A,P51151
84640,USP38,Q8NB14
4718,NDUFC2,O95298
55148,UBR7,Q8N806
60592,SCOC,Q9UIL1
728661,SLC35E2B,P0CK96
5934,RBL2,Q08999
6319,SCD,O00767
4077,NBR1,Q14596
167826,OLIG3,Q7RTU3
27072,VPS41,P49754
140691,TRIM69,Q86WT6
50999,TMED5,Q9Y3A6
10474,TADA3,O75528
256309,CCDC110,Q8TBZ0
79921,TCEAL4,Q96EI5
23608,MKRN1,Q9UHC7
8649,LAMTOR3,Q9UHA4
51031,GLOD4,Q9HC38
10580,SORBS1,Q9BX66
126070,ZNF440,Q8IYI8
56929,FEM1C,Q96JP0
56127,PCDHB9,Q9Y5E1
27018,BEX3,Q00994
3799,KIF5B,P33176
79693,YRDC,Q86U90
388536,ZNF790,Q6PG37
27147,DENND2A,Q9ULE3
374,AREG,P15514
10536,P3H3,Q8IVL6
55907,CMAS,Q8NFW8
4013,VWA5A,O00534
5693,PSMB5,P28074
54386,TERF2IP,Q9NYB0
10184,LHFPL2,Q6ZUX7
9782,MATR3,P43243
79841,AGBL2,Q5U5Z8
55719,SLF2,Q8IX21
8726,EED,O75530
57728,WDR19,Q8NEZ3
55228,PNMA8A,Q86V59
26019,UPF2,Q9HAU5
59343,SENP2,Q9HC62
51455,REV1,Q9UBZ9
56951,KCT2,Q8NC54
85476,GFM1,Q96RP9
10808,HSPH1,Q92598
3766,KCNJ10,P78508
80135,RPF1,Q9H9Y2
10648,SCGB1D1,O95968
160728,SLC5A8,Q8N695
5824,PEX19,P40855
55829,SELENOS,Q9BQE4
83882,TSPAN10,Q9H1Z9
51380,CSAD,Q9Y600
6498,SKIL,P12757
256051,ZNF549,Q6P9A3
152330,CNTN4,Q8IWV2
84103,C4orf17,Q53FE4
84298,LLPH,Q9BRT6
6827,SUPT4H1,P63272
55536,CDCA7L,Q96GN5
359,AQP2,P41181
8821,INPP4B,O15327
8500,PPFIA1,Q13136
8615,USO1,O60763
221830,TWISTNB,Q3B726
9051,PSTPIP1,O43586
55031,USP47,Q96K76
343069,HNRNPCL1,O60812
56254,RNF20,Q5VTR2
892,CCNC,P24863
139341,FUNDC1,Q8IVP5
113174,SAAL1,Q96ER3
79866,BORA,Q6PGQ7
59348,ZNF350,Q9GZX5
9443,MED7,O43513
29093,MRPL22,Q9NWU5
54453,RIN2,Q8WYP3
5172,SLC26A4,O43511
23094,SIPA1L3,O60292
81688,C6orf62,Q9GZU0
22948,CCT5,P48643
10063,COX17,Q14061
6477,SIAH1,Q8IUQ4
9759,HDAC4,P56524
94239,H2AZ2,Q71UI9
60491,NIF3L1,Q9GZT8
79770,TXNDC15,Q96J42
55130,ARMC4,Q5T2S8
58495,OVOL2,Q9BRP0
54965,PIGX,Q8TBF5
23673,STX12,Q86Y82
34,ACADM,P11310
9694,EMC2,Q15006
55640,FLVCR2,Q9UPI3
6518,SLC2A5,P22732
372,ARCN1,P48444
4053,LTBP2,Q14767
91526,ANKRD44,Q8N8A2
79862,ZNF669,Q96BR6
84190,METTL25,Q8N6Q8
165055,CCDC138,Q96M89
84173,ELMOD3,Q96FG2
285676,ZNF454,Q8N9F8
6259,RYK,P34925
5933,RBL1,P28749
1653,DDX1,Q92499
10667,FARS2,O95363
3150,HMGN1,P05114
51522,TMEM14C,Q9P0S9
241,ALOX5AP,P20292
26996,GPR160,Q9UJ42
10801,SEPTIN9,Q9UHD8
51000,SLC35B3,Q9H1N7
1937,EEF1G,P26641
10390,CEPT1,Q9Y6K0
55745,AP5M1,Q9H0R1
2257,FGF12,P61328
138639,PTPDC1,A2A3K4
123872,DNAAF1,Q8NEP3
23417,MLYCD,O95822
10915,TCERG1,O14776
84466,MEGF10,Q96KG7
6208,RPS14,P62263
1062,CENPE,Q02224
115123,MARCHF3,Q86UD3
79830,ZMYM1,Q5SVZ6
10550,ARL6IP5,O75915
83440,ADPGK,Q9BRR6
3200,HOXA3,O43365
7818,DAP3,P51398
168850,ZNF800,Q2TB10
29940,DSE,Q9UL01
80008,TMEM156,Q8N614
10283,CWC27,Q6UX04
65985,AACS,Q86V21
6738,RO60,P10155
10765,KDM5B,Q9UGL1
134121,C5orf49,A4QMS7
64852,TUT1,Q9H6E5
147744,TMEM190,Q8WZ59
57408,LRTM1,Q9HBL6
3598,IL13RA2,Q14627
255783,INAFM1,C9JVW0
6124,RPL4,P36578
4048,LTA4H,P09960
7267,TTC3,P53804
55486,PARL,Q9H300
10775,POP4,O95707
57175,CORO1B,Q9BR76
92999,ZBTB47,Q9UFB7
56889,TM9SF3,Q9HD45
29922,NME7,Q9Y5B8
51218,GLRX5,Q86SX6
22931,RAB18,Q9NP72
9877,ZC3H11A,O75152
8100,IFT88,Q13099
6204,RPS10,P46783
3375,IAPP,P10997
10728,PTGES3,Q15185
10096,ACTR3,P61158
90592,ZNF700,Q9H0M5
79661,NEIL1,Q96FI4
84888,SPPL2A,Q8TCT8
2710,GK,P32189
9821,RB1CC1,Q8TDY2
9208,LRRFIP1,Q32MZ4
1069,CETN2,P41208
8664,EIF3D,O15371
144811,LACC1,Q8IV20
1368,CPM,P14384
3612,IMPA1,P29218
58486,ZBED5,Q49AG3
51097,SCCPDH,Q8NBX0
23174,ZCCHC14,Q8WYQ9
515,ATP5PB,P24539
27230,SERP1,Q9Y6X1
51185,CRBN,Q96SW2
51601,LIPT1,Q9Y234
79611,ACSS3,Q9H6R3
51366,UBR5,O95071
143384,CACUL1,Q86Y37
506,ATP5F1B,P06576
64089,SNX16,P57768
10112,KIF20A,O95235
7364,UGT2B7,P16662
5095,PCCA,P05165
55744,COA1,Q9GZY4
399979,SNX19,Q92543
9774,BCLAF1,Q9NYF8
6480,ST6GAL1,P15907
23406,COTL1,Q14019
64965,MRPS9,P82933
10483,SEC23B,Q15437
80335,WDR82,Q6UXN9
4692,NDN,Q99608
5213,PFKM,P08237
10979,FERMT2,Q96AC1
6202,RPS8,P62241
9559,VPS26A,O75436
253558,LCLAT1,Q6UWP7
11163,NUDT4B,A0A024RBG1
11163,NUDT4,Q9NZJ9
255762,PDZD9,Q8IXQ8
6175,RPLP0,P05388
1452,CSNK1A1,P48729
60488,MRPS35,P82673
90701,SEC11C,Q9BY50
29994,BAZ2B,Q9UIF8
5688,PSMA7,O14818
55325,UFSP2,Q9NUQ7
138255,C9orf135,Q5VTT2
3670,ISL1,P61371
79724,ZNF768,Q9H5H4
91289,LMF2,Q9BU23
6717,SRI,P30626
10554,AGPAT1,Q99943
6788,STK3,Q13188
285237,C3orf38,Q5JPI3
55299,BRIX1,Q8TDN6
7179,TPTE,P56180
9550,ATP6V1G1,O75348
120406,NXPE2,Q96DL1
56943,ENY2,Q9NPA8
55837,EAPP,Q56P03
54438,GFOD1,Q9NXC2
79003,MIS12,Q9H081
80204,FBXO11,Q86XK2
687,KLF9,Q13886
84319,CMSS1,Q9BQ75
5051,PAFAH2,Q99487
133686,NADK2,Q4G0N4
55164,SHQ1,Q6PI26
5356,PLRG1,O43660
64417,TMEM267,Q0VDI3
152579,SCFD2,Q8WU76
4693,NDP,Q00604
1736,DKC1,O60832
10146,G3BP1,Q13283
85462,FHDC1,Q9C0D6
124245,ZC3H18,Q86VM9
139422,MAGEB10,Q96LZ2
27335,EIF3K,Q9UBQ5
54906,TASOR2,Q5VWN6
81033,KCNH6,Q9H252
27243,CHMP2A,O43633
6138,RPL15,P61313
51602,NOP58,Q9Y2X3
203259,FAM219A,Q8IW50
4216,MAP3K4,Q9Y6R4
79864,JHY,Q6NUN7
284613,CYB561D1,Q8N8Q1
51678,MPP6,Q9NZW5
55830,GLT8D1,Q68CQ7
54529,ASNSD1,Q9NWL6
79957,PAQR6,Q6TCH4
526,ATP6V1B2,P21281
4712,NDUFB6,O95139
113402,SFT2D1,Q8WV19
11010,GLIPR1,P48060
51501,HIKESHI,Q53FT3
7978,MTERF1,Q99551
10797,MTHFD2,P13995
3203,HOXA6,P31267
11102,RPP14,O95059
8687,KRT38,O76015
689,BTF3,P20290
2739,GLO1,Q04760
9354,UBE4A,Q14139
285190,RGPD4,Q7Z3J3
26122,EPC2,Q52LR7
29943,PADI1,Q9ULC6
55093,WDYHV1,Q96HA8
63939,FAM217B,Q9NTX9
813,CALU,O43852
25849,PARM1,Q6UWI2
5074,PAWR,Q96IZ0
9117,SEC22C,Q9BRL7
9135,RABEP1,Q15276
51110,LACTB2,Q53H82
10424,PGRMC2,O15173
2914,GRM4,Q14833
10237,SLC35B1,P78383
79632,FAM184A,Q8NB25
57700,FAM160B1,Q5W0V3
5523,PPP2R3A,Q06190
8531,YBX3,P16989
23301,EHBP1,Q8NDI1
6515,SLC2A3,P11169
3782,KCNN3,Q9UGI6
51389,RWDD1,Q9H446
10147,SUGP2,Q8IX01
84226,C2orf16,Q68DN1
157753,TMEM74,Q96NL1
284546,C1orf185,Q5T7R7
6161,RPL32,P62910
92370,PXYLP1,Q8TE99
5479,PPIB,P23284
23245,ASTN2,O75129
79023,NUP37,Q8NFH4
9761,MLEC,Q14165
84984,CEP19,Q96LK0
84932,RAB2B,Q8WUD1
10458,BAIAP2,Q9UQB8
2958,GTF2A2,P52657
1138,CHRNA5,P30532
151011,SEPTIN10,Q9P0V9
1982,EIF4G2,P78344
5690,PSMB2,P49721
4869,NPM1,P06748
821,CANX,P27824
150368,PHETA2,Q6ICB4
11051,NUDT21,O43809
284086,NEK8,Q86SG6
4628,MYH10,P35580
25805,BAMBI,Q13145
64770,CCDC14,Q49A88
221294,NT5DC1,Q5TFE4
5980,REV3L,O60673
5695,PSMB7,Q99436
10847,SRCAP,Q6ZRS2
54838,WBP1L,Q9NX94
10565,ARFGEF1,Q9Y6D6
10926,DBF4,Q9UBU7
594,BCKDHB,P21953
25911,DPCD,Q9BVM2
51202,DDX47,Q9H0S4
23167,EFR3A,Q14156
7298,TYMS,P04818
83737,ITCH,Q96J02
55924,INKA2,Q9NTI7
114876,OSBPL1A,Q9BXW6
5706,PSMC6,P62333
9404,LPXN,O60711
5686,PSMA5,P28066
2913,GRM3,Q14832
79902,NUP85,Q9BW27
4733,DRG1,Q9Y295
9119,KRT75,O95678
11198,SUPT16H,Q9Y5B9
3600,IL15,P40933
4534,MTM1,Q13496
5525,PPP2R5A,Q15172
10621,POLR3F,Q9H1D9
8382,NME5,P56597
1874,E2F4,Q16254
147372,CCBE1,Q6UXH8
84318,CCDC77,Q9BR77
85329,LGALS12,Q96DT0
64776,C11orf1,Q9H5F2
64897,CUSTOS,Q96C57
151556,GPR155,Q7Z3F1
55177,RMDN3,Q96TC7
10463,SLC30A9,Q6PML9
6016,RIT1,Q92963
54805,CNNM2,Q9H8M5
9831,ZNF623,O75123
5412,UBL3,O95164
104,ADARB1,P78563
6159,RPL29,P47914
9209,LRRFIP2,Q9Y608
1654,DDX3X,O00571
54870,QRICH1,Q2TAL8
51207,DUSP13,Q6B8I1
51207,DUSP13,Q9UII6
3964,LGALS8,O00214
79081,LBHD1,Q9BQE6
79886,CAAP1,Q9H8G2
3915,LAMC1,P11047
6612,SUMO3,P55854
10769,PLK2,Q9NYY3
79022,TMEM106C,Q9BVX2
2339,FNTA,P49354
26061,HACL1,Q9UJ83
10613,ERLIN1,O75477
84929,FIBCD1,Q8N539
27069,GHITM,Q9H3K2
4670,HNRNPM,P52272
8732,RNGTT,O60942
57534,MIB1,Q86YT6
8554,PIAS1,O75925
10914,PAPOLA,P51003
10473,HMGN4,O00479
10336,PCGF3,Q3KNV8
55690,PACS1,Q6VY07
126308,MOB3A,Q96BX8
55884,WSB2,Q9NYS7
64963,MRPS11,P82912
374986,MIGA1,Q8NAN2
57168,ASPHD2,Q6ICH7
9314,KLF4,O43474
66008,TRAK2,O60296
9966,TNFSF15,O95150
5081,PAX7,P23759
2869,GRK5,P34947
25816,TNFAIP8,O95379
164781,DAW1,Q8N136
54431,DNAJC10,Q8IXB1
4697,NDUFA4,O00483
1054,CEBPG,P53567
7088,TLE1,Q04724
10933,MORF4L1,Q9UBU8
27291,R3HCC1L,Q7Z5L2
56848,SPHK2,Q9NRA0
3682,ITGAE,P38570
122786,FRMD6,Q96NE9
142689,ASB12,Q8WXK4
7251,TSG101,Q99816
255919,CNEP1R1,Q8N9A8
9649,RALGPS1,Q5JS13
57504,MTA3,Q9BTC8
1808,DPYSL2,Q16555
148423,C1orf52,Q8N6N3
10439,OLFM1,Q99784
85478,CCDC65,Q8IXS2
112950,MED8,Q96G25
7485,GET1,O00258
64924,SLC30A5,Q8TAD4
54460,MRPS21,P82921
116115,ZNF526,Q8TF50
7441,VPREB1,P12018
10644,IGF2BP2,Q9Y6M1
162681,LAS2,Q8IYD9
8872,CDC123,O75794
27148,STK36,Q9NRP7
54915,YTHDF1,Q9BYJ9
51699,VPS29,Q9UBQ0
23022,PALLD,Q8WX93
79102,RNF26,Q9BY78
3838,KPNA2,P52292
92154,MTSS2,Q765P7
57182,ANKRD50,Q9ULJ7
51726,DNAJB11,Q9UBS4
11041,B4GAT1,O43505
84524,ZC3H8,Q8N5P1
27037,TRMT2A,Q8IZ69
8161,COIL,P38432
54962,TIPIN,Q9BVW5
9817,KEAP1,Q14145
128,ADH5,P11766
56851,EMC7,Q9NPA0
284370,ZNF615,Q8N8J6
6742,SSBP1,Q04837
51386,EIF3L,Q9Y262
26275,HIBCH,Q6NVY1
9690,UBE3C,Q15386
8766,RAB11A,P62491
23199,GSE1,Q14687
27258,LSM3,P62310
57563,KLHL8,Q9P2G9
7386,UQCRFS1,P47985
64397,ZNF106,Q9H2Y7
734,OSGIN2,Q9Y236
2653,GCSH,P23434
5558,PRIM2,P49643
10920,COPS8,Q99627
80264,ZNF430,Q9H8G1
50650,ARHGEF3,Q9NR81
151126,ZNF385B,Q569K4
3950,LECT2,O14960
8193,DPF1,Q92782
10988,METAP2,P50579
223082,ZNRF2,Q8NHG8
127,ADH4,P08319
55510,DDX43,Q9NXZ2
338755,OR2AG2,A6NM03
5165,PDK3,Q15120
757,TMEM50B,P56557
3735,KARS1,Q15046
79691,QTRT2,Q9H974
1477,CSTF1,Q05048
27087,B3GAT1,Q9P2W7
91942,NDUFAF2,Q8N183
266747,RGL4,Q8IZJ4
79882,ZC3H14,Q6PJT7
8805,TRIM24,O15164
55831,EMC3,Q9P0I2
127495,LRRC39,Q96DD0
6130,RPL7A,P62424
9712,USP6NL,Q92738
79665,DHX40,Q8IX18
23242,COBL,O75128
9698,PUM1,Q14671
7852,CXCR4,P61073
3796,KIF2A,O00139
8833,GMPS,P49915
952,CD38,P28907
6342,SCP2,P22307
339175,METTL2A,Q96IZ6
51076,CUTC,Q9NTM9
222826,FAM217A,Q8IXS0
378108,TRIM74,Q86UV6
54165,DCUN1D1,Q96GG9
160419,C12orf50,Q8NA57
5683,PSMA2,P25787
55971,BAIAP2L1,Q9UHR4
23120,ATP10B,O94823
1154,CISH,Q9NSE2
54504,CPVL,Q9H3G5
55466,DNAJA4,Q8WW22
5429,POLH,Q9Y253
11235,PDCD10,Q9BUL8
4858,NOVA2,Q9UNW9
51327,AHSP,Q9NZD4
10574,CCT7,Q99832
50486,G0S2,P27469
9586,CREB5,Q02930
80173,IFT74,Q96LB3
1891,ECH1,Q13011
5435,POLR2F,P61218
9320,TRIP12,Q14669
6533,SLC6A6,P31641
91937,TIMD4,Q96H15
84217,ZMYND12,Q9H0C1
148418,SAMD13,Q5VXD3
11244,ZHX1,Q9UKY1
27247,NFU1,Q9UMS0
22937,SCAP,Q12770
6595,SMARCA2,P51531
51503,CWC15,Q9P013
54552,GNL3L,Q9NVN8
80321,CEP70,Q8NHQ1
169355,IDO2,Q6ZQW0
1350,COX7C,P15954
55033,FKBP14,Q9NWM8
55622,TTC27,Q6P3X3
79931,TNIP3,Q96KP6
51673,TPPP3,Q9BW30
54951,COMMD8,Q9NX08
64789,EXO5,Q9H790
4726,NDUFS6,O75380
51720,UIMC1,Q96RL1
59351,PBOV1,Q9GZY1
2107,ETF1,P62495
8706,B3GALNT1,O75752
284565,NBPF15,Q8N660
5682,PSMA1,P25786
64167,ERAP2,Q6P179
27332,ZNF638,Q14966
55024,BANK1,Q8NDB2
8975,USP13,Q92995
11153,FICD,Q9BVA6
23677,SH3BP4,Q9P0V3
83641,FAM107B,Q9H098
9627,SNCAIP,Q9Y6H5
6625,SNRNP70,P08621
84557,MAP1LC3A,Q9H492
64579,NDST4,Q9H3R1
51126,NAA20,P61599
11222,MRPL3,P09001
23408,SIRT5,Q9NXA8
51203,NUSAP1,Q9BXS6
583,BBS2,Q9BXC9
80895,ILKAP,Q9H0C8
4927,NUP88,Q99567
83596,BCL2L12,Q9HB09
2302,FOXJ1,Q92949
89122,TRIM4,Q9C037
6877,TAF5,Q15542
2578,GAGE6,Q13070
84897,TBRG1,Q3YBR2
1611,DAP,P51397
401236,STMND1,H3BQB6
81569,ACTL8,Q9H568
150165,XKR3,Q5GH77
7107,GPR137B,O60478
9699,RIMS2,Q9UQ26
11022,TDRKH,Q9Y2W6
57615,ZNF492,Q9P255
26092,TOR1AIP1,Q5JTV8
10326,SIRPB1,O00241
10326,SIRPB1,Q5TFQ8
1290,COL5A2,P05997
9324,HMGN3,Q15651
56259,CTNNBL1,Q8WYA6
55892,MYNN,Q9NPC7
3234,HOXD8,P13378
2731,GLDC,P23378
51660,MPC1,Q9Y5U8
387332,TBPL2,Q6SJ96
27257,LSM1,O15116
80258,EFHC2,Q5JST6
79188,TMEM43,Q9BTV4
81689,ISCA1,Q9BUE6
9153,SLC28A2,O43868
126299,ZNF428,Q96B54
4149,MAX,P61244
80207,OPA3,Q9H6K4
54948,MRPL16,Q9NX20
1859,DYRK1A,Q13627
2935,GSPT1,P15170
55272,IMP3,Q9NV31
9643,MORF4L2,Q15014
6883,TAF12,Q16514
79663,HSPBAP1,Q96EW2
4711,NDUFB5,O43674
1998,ELF2,Q15723
29899,GPSM2,P81274
55207,ARL8B,Q9NVJ2
59336,PRDM13,Q9H4Q3
9541,CIR1,Q86X95
23209,MLC1,Q15049
286053,NSMCE2,Q96MF7
9729,KIAA0408,Q6ZU52
7813,EVI5,O60447
135932,TMEM139,Q8IV31
6470,SHMT1,P34896
5053,PAH,P00439
26985,AP3M1,Q9Y2T2
84334,COA8,Q96IL0
56945,MRPS22,P82650
1649,DDIT3,P35638
129642,MBOAT2,Q6ZWT7
6227,RPS21,P63220
22944,KIN,O60870
27035,NOX1,Q9Y5S8
9086,EIF1AY,O14602
80063,ATF7IP2,Q5U623
56681,SAR1A,Q9NR31
9002,F2RL3,Q96RI0
11269,DDX19B,Q9UMR2
51649,MRPS23,Q9Y3D9
291,SLC25A4,P12235
63923,TNN,Q9UQP3
64135,IFIH1,Q9BYX4
5001,ORC5,O43913
6617,SNAPC1,Q16533
10668,CGRRF1,Q99675
9167,COX7A2L,O14548
10314,LANCL1,O43813
83648,FAM167A,Q96KS9
58478,ENOPH1,Q9UHY7
2395,FXN,Q16595
1573,CYP2J2,P51589
23033,DOP1A,Q5JWR5
8513,LIPF,P07098
11280,SCN11A,Q9UI33
27109,DMAC2L,Q99766
9070,ASH2L,Q9UBL3
1674,DES,P17661
9590,AKAP12,Q02952
79157,MFSD11,O43934
25840,METTL7A,Q9H8H3
79016,DDA1,Q9BW61
284018,C17orf58,Q2M2W7
55346,TCP11L1,Q9NUJ3
142684,RAB40A,Q8WXH6
120935,CCDC38,Q502W7
3717,JAK2,O60674
8942,KYNU,Q16719
41,ASIC1,P78348
8277,TKTL1,P51854
5805,PTS,Q03393
25994,HIGD1A,Q9Y241
23469,PHF3,Q92576
22916,NCBP2,P52298
84179,SLC49A3,Q6UXD7
8526,DGKE,P52429
1230,CCR1,P32246
972,CD74,P04233
3052,HCCS,P53701
10788,IQGAP2,Q13576
340547,VSIG1,Q86XK7
143686,SESN3,P58005
79568,MAIP1,Q8WWC4
55741,EDEM2,Q9BV94
55311,ZNF444,Q8N0Y2
348995,NUP43,Q8NFH3
55238,SLC38A7,Q9NVC3
8557,TCAP,O15273
57761,TRIB3,Q96RU7
10929,SRSF8,Q9BRL6
4973,OLR1,P78380
78994,PRR14,Q9BWN1
23576,DDAH1,O94760
126820,WDR63,Q8IWG1
8785,MATN4,O95460
1604,CD55,P08174
25875,LETMD1,Q6P1Q0
10600,USP16,Q9Y5T5
51651,PTRH2,Q9Y3E5
114926,SMIM19,Q96E16
9107,MTMR6,Q9Y217
220988,HNRNPA3,P51991
23142,DCUN1D4,Q92564
135295,SRSF12,Q8WXF0
9184,BUB3,O43684
1439,CSF2RB,P32927
6856,SYPL1,Q16563
253959,RALGAPA1,Q6GYQ0
253639,ZNF620,Q6ZNG0
86,ACTL6A,O96019
100526832151230,KLHL23,Q8NBE8
9755,TBKBP1,A7MCY6
54904,NSD3,Q9BZ95
80829,ZFP91,Q96JP5
79573,TTC13,Q8NBP0
2036,EPB41L1,Q9H4G0
5286,PIK3C2A,O00443
5538,PPT1,P50897
266727,MDGA1,Q8NFP4
7296,TXNRD1,Q16881
51098,IFT52,Q9Y366
145553,MDP1,Q86V88
146861,SLC35G3,Q8N808
51510,CHMP5,Q9NZZ3
138065,RNF183,Q96D59
5495,PPM1B,O75688
64328,XPO4,Q9C0E2
5515,PPP2CA,P67775
159989,DEUP1,Q05D60
157773,C8orf48,Q96LL4
133482,SLCO6A1,Q86UG4
55165,CEP55,Q53EZ4
51182,HSPA14,Q0VDF9
30827,CXXC1,Q9P0U4
6222,RPS18,P62269
26589,MRPL46,Q9H2W6
53343,NUDT9,Q9BW91
10628,TXNIP,Q9H3M7
1130,LYST,Q99698
51115,RMDN1,Q96DB5
57096,RPGRIP1,Q96KN7
55758,RCOR3,Q9P2K3
23074,UHRF1BP1L,A0JNW5
10693,CCT6B,Q92526
9883,POM121,Q96HA1
118987,PDZD8,Q8NEN9
51324,SPG21,Q9NZD8
91151,TIGD7,Q6NT04
259240,WFDC9,Q8NEX5
55010,PARPBP,Q9NWS1
200728,TMEM17,Q86X19
4925,NUCB2,P80303
5204,PFDN5,Q99471
2812,GP1BB,P13224
51292,GMPR2,Q9P2T1
55969,RAB5IF,Q9BUV8
353142,LCE3A,Q5TA76
121275,OR10AD1,Q8NGE0
10206,TRIM13,O60858
1911,PHC1,P78364
23248,RPRD2,Q5VT52
8460,TPST1,O60507
127247,ASB17,Q8WXJ9
6129,RPL7,P18124
56997,COQ8A,Q8NI60
8835,SOCS2,O14508
55037,PTCD3,Q96EY7
5912,RAP2B,P61225
123,PLIN2,Q99541
8326,FZD9,O00144
8315,BRAP,Q7Z569
4052,LTBP1,Q14766
55297,CCDC91,Q7Z6B0
5510,PPP1R7,Q15435
50865,HEBP1,Q9NRV9
9837,GINS1,Q14691
5277,PIGA,P37287
64326,COP1,Q8NHY2
6449,SGTA,O43765
5576,PRKAR2A,P13861
91833,WDR20,Q8TBZ3
285315,C3orf33,Q6P1S2
5187,PER1,O15534
22834,ZNF652,Q9Y2D9
8031,NCOA4,Q13772
6832,SUPV3L1,Q8IYB8
54799,MBTD1,Q05BQ5
54888,NSUN2,Q08J23
344838,PAQR9,Q6ZVX9
55805,LRP2BP,Q9P2M1
79741,CCDC7,Q96M83
80149,ZC3H12A,Q5D1E8
8446,DUSP11,O75319
399664,MEX3D,Q86XN8
123803,NTAN1,Q96AB6
84191,CIAO2A,Q9H5X1
127018,LYPLAL1,Q5VWZ2
2992,GYG1,P46976
1466,CSRP2,Q16527
51654,CDK5RAP1,Q96SZ6
64216,TFB2M,Q9H5Q4
204,AK2,P54819
11164,NUDT5,Q9UKK9
51373,MRPS17,Q9Y2R5
55850,USE1,Q9NZ43
10787,NCKAP1,Q9Y2A7
23451,SF3B1,O75533
55863,TMEM126B,Q8IUX1
55700,MAP7D1,Q3KQU3
136051,ZNF786,Q8N393
7148,TNXB,P22105
54520,CCDC93,Q567U6
201456,FBXO15,Q8NCQ5
9380,GRHPR,Q9UBQ7
4482,MSRA,Q9UJ68
23271,CAMSAP2,Q08AD1
64324,NSD1,Q96L73
1974,EIF4A2,Q14240
84858,ZNF503,Q96F45
60680,CELF5,Q8N6W0
6137,RPL13,P26373
5257,PHKB,Q93100
22835,ZFP30,Q9Y2G7
2926,GRSF1,Q12849
54881,TEX10,Q9NXF1
84545,MRPL43,Q8N983
79891,ZNF671,Q8TAW3
9989,PPP4R1,Q8TF05
253827,MSRB3,Q8IXL7
117177,RAB3IP,Q96QF0
2104,ESRRG,P62508
3779,KCNMB1,Q16558
7581,ZNF33A,Q06730
83657,DYNLRB2,Q8TF09
57369,GJD2,Q9UKL4
27112,FAM155B,O75949
23126,POGZ,Q7Z3K3
55672,NBPF1,Q3BBV0
56935,SMCO4,Q9NRQ5
10810,WASF3,Q9UPY6
27166,PRELID1,Q9Y255
10749,KIF1C,O43896
143282,FGFBP3,Q8TAT2
90338,ZNF160,Q9HCG1
353322,ANKRD37,Q7Z713
60506,NYX,Q9GZU5
57541,ZNF398,Q8TD17
4140,MARK3,P27448
55790,CSGALNACT1,Q8TDX6
94103,ORMDL3,Q8N138
27339,PRPF19,Q9UMS4
124535,HSF5,Q4G112
166968,MIER3,Q7Z3K6
5937,RBMS1,P29558
51095,TRNT1,Q96Q11
2195,FAT1,Q14517
55100,WDR70,Q9NW82
120103,SLC36A4,Q6YBV0
51119,SBDS,Q9Y3A5
10907,TXNL4A,P83876
8881,CDC16,Q13042
9554,SEC22B,O75396
7265,TTC1,Q99614
55280,CWF19L1,Q69YN2
91419,ATP23,Q9Y6H3
5597,MAPK6,Q16659
51142,CHCHD2,Q9Y6H1
8624,PSMG1,O95456
2237,FEN1,P39748
165918,RNF168,Q8IYW5
132,ADK,P55263
5134,PDCD2,Q16342
5984,RFC4,P35249
8894,EIF2S2,P20042
23204,ARL6IP1,Q15041
84287,ZDHHC16,Q969W1
5957,RCVRN,P35243
64344,HIF3A,Q9Y2N7
1005,CDH7,Q9ULB5
55501,CHST12,Q9NRB3
220136,CFAP53,Q96M91
10498,CARM1,Q86X55
10880,ACTL7B,Q9Y614
1022,CDK7,P50613
2110,ETFDH,Q16134
55696,RBM22,Q9NW64
64232,MS4A5,Q9H3V2
80267,EDEM3,Q9BZQ6
1730,DIAPH2,O60879
54977,SLC25A38,Q96DW6
85477,SCIN,Q9Y6U3
9637,FEZ2,Q9UHY8
64759,TNS3,Q68CZ2
8826,IQGAP1,P46940
11264,PXMP4,Q9Y6I8
57481,KIAA1210,Q9ULL0
55771,PRR11,Q96HE9
91746,YTHDC1,Q96MU7
192670,AGO4,Q9HCK5
23113,CUL9,Q8IWT3
90488,TMEM263,Q8WUH6
342538,NACA2,Q9H009
1175,AP2S1,P53680
7546,ZIC2,O95409
11171,STRAP,Q9Y3F4
121260,SLC15A4,Q8N697
51194,IPO11,Q9UI26
288,ANK3,Q12955
25962,VIRMA,Q69YN4
2512,FTL,P02792
54093,SETD4,Q9NVD3
51154,MRTO4,Q9UKD2
9183,ZW10,O43264
10165,SLC25A13,Q9UJS0
4051,CYP4F3,Q08477
26056,RAB11FIP5,Q9BXF6
9840,TESPA1,A2RU30
80349,WDR61,Q9GZS3
9308,CD83,Q01151
56658,TRIM39,Q9HCM9
144402,CPNE8,Q86YQ8
26146,TRAF3IP1,Q8TDR0
64327,LMBR1,Q8WVP7
51375,SNX7,Q9UNH6
5252,PHF1,O43189
9104,RGN,Q15493
148170,CDC42EP5,Q6NZY7
6530,SLC6A2,P23975
9639,ARHGEF10,O15013
6199,RPS6KB2,Q9UBS0
201965,RWDD4,Q6NW29
23048,FNBP1,Q96RU3
83877,TM2D2,Q9BX73
151195,CCNYL1,Q8N7R7
23518,R3HDM1,Q15032
55259,CASC1,Q6TDU7
10244,RABEPK,Q7Z6M1
79867,TCTN2,Q96GX1
10159,ATP6AP2,O75787
51669,SARAF,Q96BY9
83643,CCDC3,Q9BQI4
91442,FAAP24,Q9BTP7
6510,SLC1A5,Q15758
7082,TJP1,Q07157
55728,N4BP2,Q86UW6
10202,DHRS2,Q13268
9172,MYOM2,P54296
57658,CALCOCO1,Q9P1Z2
7741,ZSCAN26,Q16670
331,XIAP,P98170
80219,COQ10B,Q9H8M1
5160,PDHA1,P08559
56940,DUSP22,Q9NRW4
8544,PIR,O00625
161291,TMEM30B,Q3MIR4
55768,NGLY1,Q96IV0
7582,ZNF33B,Q06732
6355,CCL8,P80075
23116,TOGARAM1,Q9Y4F4
25897,RNF19A,Q9NV58
119710,IFTAP,Q86VG3
79740,ZBBX,A8MT70
642,BLMH,Q13867
11014,KDELR2,P33947
284366,KLK9,Q9UKQ9
57708,MIER1,Q8N108
5801,PTPRR,Q15256
79885,HDAC11,Q96DB2
9738,CCP110,O43303
23019,CNOT1,A5YKK6
4807,NHLH1,Q02575
4659,PPP1R12A,O14974
80345,ZSCAN16,Q9H4T2
121441,NEDD1,Q8NHV4
248,ALPI,P09923
51497,NELFCD,Q8IXH7
23233,EXOC6B,Q9Y2D4
147685,C19orf18,Q8NEA5
819,CAMLG,P49069
140628,GATA5,Q9BWX5
9879,DDX46,Q7L014
8473,OGT,O15294
518,ATP5MC3,P48201
51103,NDUFAF1,Q9Y375
4750,NEK1,Q96PY6
7520,XRCC5,P13010
203547,VMA21,Q3ZAQ7
9154,SLC28A1,O00337
5931,RBBP7,Q16576
254158,CXorf58,Q96LI9
57617,VPS18,Q9P253
347853,TBX10,O75333
6582,SLC22A2,O15244
54502,RBM47,A0AV96
60493,FASTKD5,Q7L8L6
4821,NKX2-2,O95096
84909,AOPEP,Q8N6M6
25925,ZNF521,Q96K83
64783,RBM15,Q96T37
219493,OR5AR1,Q8NGP9
58533,SNX6,Q9UNH7
26115,TANC2,Q9HCD6
25853,DCAF12,Q5T6F0
28990,ASTE1,Q2TB18
59269,HIVEP3,Q5T1R4
112611,RWDD2A,Q9UIY3
4141,MARS1,P56192
2197,FAU,P35544
10964,IFI44L,Q53G44
3033,HADH,Q16836
10329,RXYLT1,Q9Y2B1
57142,RTN4,Q9NQC3
7381,UQCRB,P14927
11231,SEC63,Q9UGP8
6118,RPA2,P15927
9377,COX5A,P20674
127003,C1orf194,Q5T5A4
10845,CLPX,O76031
57122,NUP107,P57740
128646,SIRPD,Q9H106
10951,CBX1,P83916
6207,RPS13,P62277
84144,SYDE2,Q5VT97
390066,OR52D1,Q9H346
6500,SKP1,P63208
79084,WDR77,Q9BQA1
148229,ATP8B3,O60423
29915,HCFC2,Q9Y5Z7
56947,MFF,Q9GZY8
285596,FAM153A,Q9UHL3
9200,HACD1,B0YJ81
170062,FAM47B,Q8NA70
6135,RPL11,P62913
56941,HMCES,Q96FZ2
51026,GOLT1B,Q9Y3E0
79956,ERMP1,Q7Z2K6
8444,DYRK3,O43781
1622,DBI,P07108
2131,EXT1,Q16394
2618,GART,P22102
57798,GATAD1,Q8WUU5
81696,OR5V1,Q9UGF6
64928,MRPL14,Q6P1L8
29974,A1CF,Q9NQ94
51155,JPT1,Q9UK76
22826,DNAJC8,O75937
64288,ZSCAN31,Q96LW9
79621,RNASEH2B,Q5TBB1
51449,PCYOX1,Q9UHG3
79895,ATP8B4,Q8TF62
1521,CTSW,P56202
3178,HNRNPA1,P09651
55798,METTL2B,Q6P1Q9
27020,NPTN,Q9Y639
51112,TRAPPC12,Q8WVT3
79980,DSN1,Q9H410
10094,ARPC3,O15145
54558,SPATA6,Q9NWH7
64785,GINS3,Q9BRX5
5871,MAP4K2,Q12851
9556,ATP5MPL,P56378
339883,APRG1,Q8IVJ8
116832,RPL39L,Q96EH5
55285,RBM41,Q96IZ5
310,ANXA7,P20073
57659,ZBTB4,Q9P1Z0
54942,ABITRAM,Q9NX38
90416,CCDC32,Q9BV29
220107,DLEU7,Q6UYE1
55250,ELP2,Q6IA86
47,ACLY,P53396
2717,GLA,P06280
166929,SGMS2,Q8NHU3
3621,ING1,Q9UK53
85455,DISP2,A7MBM2
26234,FBXL5,Q9UKA1
84280,BTBD10,Q9BSF8
79680,RTL10,Q7L3V2
57106,NAT14,Q8WUY8
8934,RAB29,O14966
152815,THAP6,Q8TBB0
6836,SURF4,O15260
51160,VPS28,Q9UK41
4850,CNOT4,O95628
10625,IVNS1ABP,Q9Y6Y0
9097,USP14,P54578
58516,SINHCAF,Q9NP50
7365,UGT2B10,P36537
29904,EEF2K,O00418
10561,IFI44,Q8TCB0
23506,BICRAL,Q6AI39
284361,EMC10,Q5UCC4
55269,PSPC1,Q8WXF1
133690,CAPSL,Q8WWF8
9337,CNOT8,Q9UFF9
65249,ZSWIM4,Q9H7M6
4291,MLF1,P58340
57110,PLAAT1,Q9HDD0
6558,SLC12A2,P55011
3773,KCNJ16,Q9NPI9
53346,TM6SF1,Q9BZW5
5089,PBX2,P40425
6293,VPS52,Q8N1B4
116985,ARAP1,Q96P48
10236,HNRNPR,O43390
285971,ZNF775,Q96BV0
9787,DLGAP5,Q15398
149076,ZNF362,Q5T0B9
199857,ALG14,Q96F25
83699,SH3BGRL2,Q9UJC5
4637,MYL6,P60660
23682,RAB38,P57729
84129,ACAD11,Q709F0
55908,ANGPTL8,Q6UXH0
8697,CDC23,Q9UJX2
284996,RNF149,Q8NC42
8087,FXR1,P51114
4677,NARS1,O43776
4191,MDH2,P40926
57149,LYRM1,O43325
64318,NOC3L,Q8WTT2
5993,RFX5,P48382
8665,EIF3F,O00303
161247,FITM1,A5D6W6
23015,GOLGA8A,A7E2F4
170506,DHX36,Q9H2U1
80736,SLC44A4,Q53GD3
165215,FAM171B,Q6P995
1413,CRYBA4,P53673
54551,MAGEL2,Q9UJ55
51131,PHF11,Q9UIL8
9861,PSMD6,Q15008
1880,GPR183,P32249
11335,CBX3,Q13185
6688,SPI1,P17947
40,ASIC2,Q16515
326,AIRE,O43918
1579,CYP4A11,Q02928
7695,ZNF136,P52737
9960,USP3,Q9Y6I4
89796,NAV1,Q8NEY1
92104,TTC30A,Q86WT1
26054,SENP6,Q9GZR1
8399,PLA2G10,O15496
29066,ZC3H7A,Q8IWR0
79675,FASTKD1,Q53R41
22929,SEPHS1,P49903
54859379008,SLX1A; SLX1B,Q9BQ83
5913,RAPSN,Q13702
5707,PSMD1,Q99460
1123,CHN1,P15882
25946,ZNF385A,Q96PM9
6143,RPL19,P84098
80108,ZFP2,Q6ZN57
56271,BEX4,Q9NWD9
158798,AKAP14,Q86UN6
84182,MINDY4,Q4G0A6
64410,KLHL25,Q9H0H3
57679,ALS2,Q96Q42
84321,THOC3,Q96J01
162387,MFSD6L,Q8IWD5
4673,NAP1L1,P55209
10019,SH2B3,Q9UQQ2
23169,SLC35D1,Q9NTN3
60494,CCDC81,Q6ZN84
10480,EIF3M,Q7L2H7
80777,CYB5B,O43169
126074,SWSAP1,Q6NVH7
8997,KALRN,O60229
79192,IRX1,P78414
1513,CTSK,P43235
84324,SARNP,P82979
29801,ZDHHC8,Q9ULC8
201243,SPEM2,Q0P670
51635,DHRS7,Q9Y394
4190,MDH1,P40925
84277,DNAJC30,Q96LL9
9121,SLC16A5,O15375
55839,CENPN,Q96H22
5238,PGM3,O95394
27232,GNMT,Q14749
100507170255312994582115127859957865321464941857824089610765576342616408064,CT47A1; CT47A2; CT47A3; CT47A4; CT47A5; CT47A6; CT47A7; CT47A8; CT47A9; CT47A10; CT47A11; CT47A12,Q5JQC4
6838,SURF6,O75683
4682,NUBP1,P53384
23300,ATMIN,O43313
3066,HDAC2,Q92769
2222,FDFT1,P37268
93380,MMGT1,Q8N4V1
128853,DUSP15,Q9H1R2
740,MRPL49,Q13405
57696,DDX55,Q8NHQ9
6144,RPL21,P46778
9818,NUP58,Q9BVL2
58506,SCAF1,Q9H7N4
466,ATF1,P18846
7035,TFPI,P10646
23360,FNBP4,Q8N3X1
4124,MAN2A1,Q16706
51199,NIN,Q8N4C6
55793,MINDY1,Q8N5J2
624,BDKRB2,P30411
3841,KPNA5,O15131
54929,TMEM161A,Q9NX61
4967,OGDH,Q02218
4799,NFX1,Q12986
254956,MORN5,Q5VZ52
2665,GDI2,P50395
4004,LMO1,P25800
8915,BCL10,O95999
54206,ERRFI1,Q9UJM3
57019,CIAPIN1,Q6FI81
55040,EPN3,Q9H201
129880,BBS5,Q8N3I7
55277,FGGY,Q96C11
83852,SETDB2,Q96T68
129401,NUP35,Q8NFH5
340069,FAM170A,A1A519
85016,CFAP300,Q9BRQ4
114823,LENG8,Q96PV6
50835,TAS2R9,Q9NYW1
7919,DDX39B,Q13838
11184,MAP4K1,Q92918
7706,TRIM25,Q14258
6789,STK4,Q13043
116254,GINM1,Q9NU53
5713,PSMD7,P51665
7289,TULP3,O75386
51398,WDR83OS,Q9Y284
220047,CCDC83,Q8IWF9
26046,LTN1,O94822
9236,CCPG1,Q9ULG6
64400,AKTIP,Q9H8T0
22859,ADGRL1,O94910
51560,RAB6B,Q9NRW1
6224,RPS20,P60866
23042,PDXDC1,Q6P996
55133,SRBD1,Q8N5C6
90956,ADCK2,Q7Z695
57037,ANKMY2,Q8IV38
9326,ZNHIT3,Q15649
4259,MGST3,O14880
64412,GZF1,Q9H116
9265,CYTH3,O43739
7222,TRPC3,Q13507
79644,SRD5A3,Q9H8P0
9249,DHRS3,O75911
58480,RHOU,Q7L0Q8
55246,CCDC25,Q86WR0
221443,OARD1,Q9Y530
10888,GPR83,Q9NYM4
7024,TFCP2,Q12800
4089,SMAD4,Q13485
79671,NLRX1,Q86UT6
55352,COPRS,Q9NQ92
283209,PGM2L1,Q6PCE3
5991,RFX3,P48380
51065,RPS27L,Q71UM5
471,ATIC,P31939
79753,SNIP1,Q8TAD8
54855,TENT5C,Q5VWP2
85479,DNAJC5B,Q9UF47
170712,COX7B2,Q8TF08
158521,FMR1NB,Q8N0W7
51099,ABHD5,Q8WTS1
57404,CYP20A1,Q6UW02
115811,IQCD,Q96DY2
51534,VTA1,Q9NP79
283807,FBXL22,Q6P050
57205,ATP10D,Q9P241
79989,TTC26,A0AVF1
57586,SYT13,Q7L8C5
25906,ANAPC15,P60006
8773,SNAP23,O00161
7812,CSDE1,O75534
514,ATP5F1E,P56381
51631,LUC7L2,Q9Y383
9604,RNF14,Q9UBS8
8458,TTF2,Q9UNY4
10800,CYSLTR1,Q9Y271
65084,TMEM135,Q86UB9
84892,POMGNT2,Q8NAT1
23063,WAPL,Q7Z5K2
84275,SLC25A33,Q9BSK2
171169,SPACA4,Q8TDM5
51018,RRP15,Q9Y3B9
84881,RPUSD4,Q96CM3
60559,SPCS3,P61009
54989,ZNF770,Q6IQ21
23446,SLC44A1,Q8WWI5
694,BTG1,P62324
8548,BLZF1,Q9H2G9
5393,EXOSC9,Q06265
80145,THOC7,Q6I9Y2
27430,MAT2B,Q9NZL9
23742,NPAP1,Q9NZP6
56164,STK31,Q9BXU1
255374,MBLAC1,A4D2B0
55216,NKAPD1,Q6ZUT1
3174,HNF4G,Q14541
10884,MRPS30,Q9NP92
51118,UTP11,Q9Y3A2
26123,TCTN3,Q6NUS6
8799,PEX11B,O96011
10137,RBM12,Q9NTZ6
84951,TNS4,Q8IZW8
23769,FLRT1,Q9NZU1
58517,RBM25,P49756
142679,DUSP19,Q8WTR2
6767,ST13,P50502
7469,NELFA,Q9H3P2
5754,PTK7,Q13308
6171,RPL41,P62945
7763,ZFAND5,O76080
57162,PELI1,Q96FA3
126969,SLC44A3,Q8N4M1
1373,CPS1,P31327
684,BST2,Q10589
145447,ABHD12B,Q7Z5M8
5954,RCN1,Q15293
23600,AMACR,Q9UHK6
89792,GAL3ST3,Q96A11
10404,CPQ,Q9Y646
27071,DAPP1,Q9UN19
55435,AP1AR,Q63HQ0
79811,SLTM,Q9NWH9
10786,SLC17A3,O00476
252995,FNDC5,Q8NAU1
9700,ESPL1,Q14674
55659,ZNF416,Q9BWM5
9693,RAPGEF2,Q9Y4G8
9527,GOSR1,O95249
151636,DTX3L,Q8TDB6
83464,APH1B,Q8WW43
56977,STOX2,Q9P2F5
10773,ZBTB6,Q15916
83858,ATAD3B,Q5T9A4
359845,RFLNB,Q8N5W9
6228,RPS23,P62266
5436,POLR2G,P62487
26133,TRPC4AP,Q8TEL6
54788,DNAJB12,Q9NXW2
115024,NT5C3B,Q969T7
89910,UBE3B,Q7Z3V4
8467,SMARCA5,O60264
2058,EPRS1,P07814
2011,MARK2,Q7KZI7
11080,DNAJB4,Q9UDY4
85315,PAQR8,Q8TEZ7
55760,DHX32,Q7L7V1
7533,YWHAH,Q04917
26065,LSM14A,Q8ND56
10186,LHFPL6,Q9Y693
55858,TMEM165,Q9HC07
8325,FZD8,Q9H461
54107,POLE3,Q9NRF9
6203,RPS9,P46781
51277,DNAJC27,Q9NZQ0
223,ALDH9A1,P49189
157313,CDCA2,Q69YH5
161198,CLEC14A,Q86T13
55573,CDV3,Q9UKY7
8895,CPNE3,O75131
196477,CCER1,Q8TC90
4717,NDUFC1,O43677
9743,ARHGAP32,A7KAX9
57198,ATP8B2,P98198
25780,RASGRP3,Q8IV61
63035,BCORL1,Q5H9F3
5600,MAPK11,Q15759
90139,TSPAN18,Q96SJ8
3965,LGALS9,O00182
5564,PRKAB1,Q9Y478
84128,WDR75,Q8IWA0
4023,LPL,P06858
6652,SORD,Q00796
112942,CFAP36,Q96G28
26053,AUTS2,Q8WXX7
2998,GYS2,P54840
3183,HNRNPC,P07910
56995,TULP4,Q9NRJ4
9145,SYNGR1,O43759
5889,RAD51C,O43502
84080,ENKD1,Q9H0I2
55210,ATAD3A,Q9NVI7
5873,RAB27A,P51159
25820,ARIH1,Q9Y4X5
2590,GALNT2,Q10471
28972,SPCS1,Q9Y6A9
6405,SEMA3F,Q13275
55353,LAPTM4B,Q86VI4
314,AOC2,O75106
961,CD47,Q08722
221143,EEF1AKMT1,Q8WVE0
353324,SPATA12,Q7Z6I5
53,ACP2,P11117
163882,CNST,Q6PJW8
145389,SLC38A6,Q8IZM9
79139,DERL1,Q9BUN8
81609,SNX27,Q96L92
9857,CEP350,Q5VT06
84336,TMEM101,Q96IK0
2673,GFPT1,Q06210
8322,FZD4,Q9ULV1
9276,COPB2,P35606
79834,PEAK1,Q9H792
219557,TEX47,Q8TBZ9
23643,LY96,Q9Y6Y9
6728,SRP19,P09132
25896,INTS7,Q9NVH2
6421,SFPQ,P23246
54930,HAUS4,Q9H6D7
26269,FBXO8,Q9NRD0
140832,WFDC10A,Q9H1F0
56992,KIF15,Q9NS87
1675,CFD,P00746
1418,CRYGA,P11844
55301,OLAH,Q9NV23
902,CCNH,P51946
6643,SNX2,O60749
162966,ZNF600,Q6ZNG1
9652,TTC37,Q6PGP7
347240,KIF24,Q5T7B8
95681,CEP41,Q9BYV8
286451,YIPF6,Q96EC8
9479,MAPK8IP1,Q9UQF2
55294,FBXW7,Q969H0
4938,OAS1,P00973
10980,COPS6,Q7L5N1
51616,TAF9B,Q9HBM6
253943,YTHDF3,Q7Z739
23197,FAF2,Q96CS3
91304,TMEM259,Q4ZIN3
6597,SMARCA4,P51532
25960,ADGRA2,Q96PE1
219595,FOLH1B,Q9HBA9
2235,FECH,P22830
25874,MPC2,O95563
4745,NELL1,Q92832
1850,DUSP8,Q13202
65078,RTN4R,Q9BZR6
65055,REEP1,Q9H902
81932,HDHD3,Q9BSH5
6563,SLC14A1,Q13336
8945,BTRC,Q9Y297
7965,AIMP2,Q13155
522,ATP5PF,P18859
129831,RBM45,Q8IUH3
119687,OR51A7,Q8NH64
54926,UBE2R2,Q712K3
2583,B4GALNT1,Q00973
27094,KCNMB3,Q9NPA1
1687,GSDME,O60443
10541,ANP32B,Q92688
2483,FRG1,Q14331
1756,DMD,P11532
64837,KLC2,Q9H0B6
55149,MTPAP,Q9NVV4
2784,GNB3,P16520
11005,SPINK5,Q9NQ38
257240,KLHL34,Q8N239
9897,WASHC5,Q12768
4072,EPCAM,P16422
9984,THOC1,Q96FV9
4982,TNFRSF11B,O00300
8532,CPZ,Q66K79
89845,ABCC10,Q5T3U5
9744,ACAP1,Q15027
8125,ANP32A,P39687
51729,WBP11,Q9Y2W2
148362,BROX,Q5VW32
5829,PXN,P49023
5295,PIK3R1,P27986
3184,HNRNPD,Q14103
56900,TMEM167B,Q9NRX6
10209,EIF1,P41567
473,RERE,Q9P2R6
11066,SNRNP35,Q16560
8433,UTF1,Q5T230
51133,KCTD3,Q9Y597
153222,CREBRF,Q8IUR6
10557,RPP38,P78345
115290,FBXO17,Q96EF6
55103,RALGPS2,Q86X27
55885,LMO3,Q8TAP4
9500,MAGED1,Q9Y5V3
28982,FLVCR1,Q9Y5Y0
10950,BTG3,Q14201
29119,CTNNA3,Q9UI47
2902,GRIN1,Q05586
137362,GOT1L1,Q8NHS2
11113,CIT,O14578
63973,NEUROG2,Q9H2A3
151050,KANSL1L,A0AUZ9
23517,MTREX,P42285
83939,EIF2A,Q9BY44
81614,NIPA2,Q8N8Q9
51094,ADIPOR1,Q96A54
80833,APOL3,O95236
22872,SEC31A,O94979
54908,SPDL1,Q96EA4
9710,KIAA0355,O15063
10576,CCT2,P78371
11145,PLAAT3,P53816
79870,BAALC,Q8WXS3
51234,EMC4,Q5J8M3
2555,GABRA2,P47869
23371,TNS2,Q63HR2
145376,PPP1R36,Q96LQ0
25957,PNISR,Q8TF01
91,ACVR1B,P36896
57590,WDFY1,Q8IWB7
113444,SMIM12,Q96EX1
27292,DIMT1,Q9UNQ2
10403,NDC80,O14777
754,PTTG1IP,P53801
192666,KRT24,Q2M2I5
28969,BZW2,Q9Y6E2
55917,CTTNBP2NL,Q9P2B4
171023,ASXL1,Q8IXJ9
56942,CMC2,Q9NRP2
11168,PSIP1,O75475
79600,TCTN1,Q2MV58
83940,TATDN1,Q6P1N9
115265,DDIT4L,Q96D03
8874,ARHGEF7,Q14155
53336,CPXCR1,Q8N123
7412,VCAM1,P19320
353333,KRTAP10-10,P60014
6478,SIAH2,O43255
25852,ARMC8,Q8IUR7
122651,RNASE11,Q8TAA1
126006,PCP2,Q8IVA1
54148,MRPL39,Q9NYK5
25879,DCAF13,Q9NV06
10294,DNAJA2,O60884
974,CD79B,P40259
5218,CDK14,O94921
91862,MARVELD3,Q96A59
22818,COPZ1,P61923
94274,PPP1R14A,Q96A00
54850,FBXL12,Q9NXK8
204962,SLC44A5,Q8NCS7
6168,RPL37A,P61513
131831,ERICH6,Q7L0X2
4258,MGST2,Q99735
23524,SRRM2,Q9UQ35
220032,GDPD4,Q6W3E5
220869445571,CBWD3,Q5JTY5
8794,TNFRSF10C,O14798
23054,NCOA6,Q14686
8241,RBM10,P98175
6746,SSR2,P43308
238,ALK,Q9UM73
286676,ILDR1,Q86SU0
65266,WNK4,Q96J92
1160,CKMT2,P17540
6840,SVIL,O95425
119587,CPXM2,Q8N436
56994,CHPT1,Q8WUD6
114794,ELFN2,Q5R3F8
84687,PPP1R9B,Q96SB3
4863,NPAT,Q14207
11262,SP140,Q13342
126626,GABPB2,Q8TAK5
1145,CHRNE,Q04844
137735,ABRA,Q8N0Z2
55854,ZC3H15,Q8WU90
55851,PSENEN,Q9NZ42
4588,MUC6,Q6W4X9
3232,HOXD3,P31249
130075,OR9A4,Q8NGU2
81532,MOB2,Q70IA6
55252,ASXL2,Q76L83
51773,RSF1,Q96T23
51100,SH3GLB1,Q9Y371
10898,CPSF4,O95639
83439,TCF7L1,Q9HCS4
56998,CTNNBIP1,Q9NSA3
112616,CMTM7,Q96FZ5
391356,PTRHD1,Q6GMV3
28234,SLCO1B3,Q9NPD5
6241,RRM2,P31350
10075,HUWE1,Q7Z6Z7
54823,SWT1,Q5T5J6
55270,NUDT15,Q9NV35
6464,SHC1,P29353
10213,PSMD14,O00487
28971,AAMDC,Q9H7C9
84419,NMES1,Q9C002
27319,BHLHE22,Q8NFJ8
283234,CCDC88B,A6NC98
283848,CES4A,Q5XG92
8702,B4GALT4,O60513
55257,MRGBP,Q9NV56
9149,DYRK1B,Q9Y463
3199,HOXA2,O43364
5520,PPP2R2A,P63151
2184,FAH,P16930
55366,LGR4,Q9BXB1
5915,RARB,P10826
9907,AP5Z1,O43299
5378,PMS1,P54277
10911,UTS2,O95399
57017,COQ9,O75208
604,BCL6,P41182
1315,COPB1,P53618
5504,PPP1R2,P41236
8710,SERPINB7,O75635
8838,CCN6,O95389
5068,REG3A,Q06141
51332,SPTBN5,Q9NRC6
2771,GNAI2,P04899
6165,RPL35A,P18077
3574,IL7,P13232
5300,PIN1,Q13526
80013,MINDY3,Q9H8M7
196541,METTL21C,Q5VZV1
81562,LMAN2L,Q9H0V9
55347,ABHD10,Q9NUJ1
219771,CCNY,Q8ND76
7385,UQCRC2,P22695
26575,RGS17,Q9UGC6
122525,C14orf28,Q4W4Y0
9410,SNRNP40,Q96DI7
79133,NDUFAF5,Q5TEU4
7095,SEC62,Q99442
5168,ENPP2,Q13822
4236,MFAP1,P55081
29088,MRPL15,Q9P015
9391,CIAO1,O76071
84693,MCEE,Q96PE7
64393,ZMAT3,Q9HA38
3776,KCNK2,O95069
2201,FBN2,P35556
91694,LONRF1,Q17RB8
728294,D2HGDH,Q8N465
9917,FAM20B,O75063
84076,TKTL2,Q9H0I9
10718,NRG3,P56975
6997,TDGF1,P13385
64434,NOM1,Q5C9Z4
5483136759,SSX4; SSX4B,O60224
8022,LHX3,Q9UBR4
26520,TIMM9,Q9Y5J7
51343,FZR1,Q9UM11
51406,NOL7,Q9UMY1
79755,ZNF750,Q32MQ0
5214,PFKP,Q01813
9482,STX8,Q9UNK0
8929,PHOX2B,Q99453
1441,CSF3R,Q99062
9859,CEP170,Q5SW79
124602,KIF19,Q2TAC6
200576,PIKFYVE,Q9Y2I7
54576,UGT1A8,Q9HAW9
57502,NLGN4X,Q8N0W4
824,CAPN2,P17655
65056,GPBP1,Q86WP2
55145,THAP1,Q9NVV9
6721,SREBF2,Q12772
8605,PLA2G4C,Q9UP65
92912,UBE2Q2,Q8WVN8
55168,MRPS18A,Q9NVS2
5073,PARN,O95453
1810,DR1,Q01658
79784,MYH14,Q7Z406
65980,BRD9,Q9H8M2
203427,SLC25A43,Q8WUT9
5861,RAB1A,P62820
84333,PCGF5,Q86SE9
55859,BEX1,Q9HBH7
203228,C9orf72,Q96LT7
51647,CIAO2B,Q9Y3D0
5032,P2RY11,Q96G91
3376,IARS1,P41252
6373,CXCL11,O14625
23568,ARL2BP,Q9Y2Y0
6456,SH3GL2,Q99962
7411,VBP1,P61758
7565,ZNF17,P17021
6103,RPGR,Q92834
22920,KIFAP3,Q92845
51562,MBIP,Q9NS73
6133,RPL9; RPL9P7; RPL9P8; RPL9P9,P32969
11104,KATNA1,O75449
120071,LARGE2,Q8N3Y3
5583,PRKCH,P24723
23178,PASK,Q96RG2
6741,SSB,P05455
131583,FAM43A,Q8N2R8
55196,RESF1,Q9HCM1
6193,RPS5,P46782
55069,TMEM248,Q9NWD8
9126,SMC3,Q9UQE7
4615,MYD88,Q99836
5147,PDE6D,O43924
134218,DNAJC21,Q5F1R6
5792,PTPRF,P10586
55705,IPO9,Q96P70
6341,SCO1,O75880
644997177,TPSB2,P20231
7177,TPSAB1,Q15661
11276,SYNRG,Q9UMZ2
602,BCL3,P20749
114132,SIGLEC11,Q96RL6
5624,PROC,P04070
22924,MAPRE3,Q9UPY8
5596,MAPK4,P31152
3396,MRPL58,Q14197
55327,LIN7C,Q9NUP9
6185,RPN2,P04844
51493,RTCB,Q9Y3I0
348487,FAM131C,Q96AQ9
4824,NKX3-1,Q99801
65997,RASL11B,Q9BPW5
205564,SENP5,Q96HI0
56993,TOMM22,Q9NS69
54585,LZTFL1,Q9NQ48
8192,CLPP,Q16740
7514,XPO1,O14980
5983,RFC3,P40938
57559,STAMBPL1,Q96FJ0
347736,NME9,Q86XW9
5137,PDE1C,Q14123
9231,DLG5,Q8TDM6
25893,TRIM58,Q8NG06
5269,SERPINB6,P35237
143879,KBTBD3,Q8NAB2
1514,CTSL,P07711
8972,MGAM,O43451
1892,ECHS1,P30084
54793,KCTD9,Q7L273
55852,TEX2,Q8IWB9
4591,TRIM37,O94972
3895,KTN1,Q86UP2
55243,KIRREL1,Q96J84
55635,DEPDC1,Q5TB30
10490,VTI1B,Q9UEU0
9141,PDCD5,O14737
10492,SYNCRIP,O60506
26354,GNL3,Q9BVP2
1347,COX7A2,P14406
10269,ZMPSTE24,O75844
11011,TLK2,Q86UE8
56204,FAM214A,Q32MH5
5376,PMP22,Q01453
,FBN1,P35555
26974,ZNF285,Q96NJ3
55076,TMEM45A,Q9NWC5
9525,VPS4B,O75351
10072,DPP3,Q9NY33
57231,SNX14,Q9Y5W7
4489,MT1A,P04731
4702,NDUFA8,P51970
84669,USP32,Q8NFA0
6169,RPL38,P63173
10018,BCL2L11,O43521
130162,CLHC1,Q8NHS4
5337,PLD1,Q13393
26091,HERC4,Q5GLZ8
151393,RMDN2,Q96LZ7
84864,RIOX2,Q8IUF8
11054,OGFR,Q9NZT2
84668,FAM126A,Q9BYI3
6613,SUMO2,P61956
9063,PIAS2,O75928
64844,MARCHF7,Q9H992
57608,JCAD,Q9P266
22918,CD93,Q9NPY3
4239,MFAP4,P55083
9789,SPCS2,Q15005
131566,DCBLD2,Q96PD2
9826,ARHGEF11,O15085
79153,GDPD3,Q7L5L3
6358,CCL14,Q16627
51776,MAP3K20,Q9NYL2
9069,CLDN12,P56749
8546,AP3B1,O00203
10231,RCAN2,Q14206
904,CCNT1,O60563
3674,ITGA2B,P08514
55930,MYO5C,Q9NQX4
127733,UBXN10,Q96LJ8
1180,CLCN1,P35523
25979,DHRS7B,Q6IAN0
103,ADAR,P55265
9847,C2CD5,Q86YS7
57179,KIAA1191,Q96A73
90317,ZNF616,Q08AN1
5694,PSMB6,P28072
6156,RPL30,P62888
10369,CACNG2,Q9Y698
7738,ZNF184,Q99676
54097,FAM3B,P58499
51318,MRPL35,Q9NZE8
9521,EEF1E1,O43324
79036,KXD1,Q9BQD3
152485,ZNF827,Q17R98
129787,TMEM18,Q96B42
83734,ATG10,Q9H0Y0
120227,CYP2R1,Q6VVX0
123041,SLC24A4,Q8NFF2
7342,UBP1,Q9NZI7
54887,UHRF1BP1,Q6BDS2
27336,HTATSF1,O43719
10606,PAICS,P22234
6770,STAR,P49675
55109,AGGF1,Q8N302
84284,NTPCR,Q9BSD7
51805,COQ3,Q9NZJ6
27068,PPA2,Q9H2U2
341032,C11orf53,Q8IXP5
1066,CES1,P23141
11248,NXPH3,O95157
119016,AGAP4,Q96P64
23412,COMMD3,Q9UBI1
130132,RFTN2,Q52LD8
6885,MAP3K7,O43318
1265,CNN2,Q99439
85480,TSLP,Q969D9
64061,TSPYL2,Q9H2G4
255119,CFAP299,Q6V702
56245,C21orf62,Q9NYP8
79053,ALG8,Q9BVK2
23416,KCNH3,Q9ULD8
122416,ANKRD9,Q96BM1
6233,RPS27A,P62979
94241,TP53INP1,Q96A56
11015,KDELR3,O43731
10203,CALCRL,Q16602
25984,KRT23,Q9C075
9263,STK17A,Q9UEE5
22856,CHSY1,Q86X52
90199,WFDC8,Q8IUA0
5519,PPP2R1B,P30154
57413,TMIGD3,P0DMS9
4058,LTK,P29376
9921,RNF10,Q8N5U6
64064,OXCT2,Q9BYC2
10451,VAV3,Q9UKW4
26090,ABHD12,Q8N2K0
8891,EIF2B3,Q9NR50
3459,IFNGR1,P15260
134553,C5orf24,Q7Z6I8
7769,ZNF226,Q9NYT6
1299,COL9A3,Q14050
80704,SLC19A3,Q9BZV2
54880,BCOR,Q6W2J9
57609,DIP2B,Q9P265
24146,CLDN15,P56746
1536,CYBB,P04839
5985,RFC5,P40937
79575,ABHD8,Q96I13
10391010627,MYL12B,O14950
10627,MYL12A,P19105
5764,PTN,P21246
6223,RPS19,P39019
22876,INPP5F,Q9Y2H2
27102,EIF2AK1,Q9BQI3
10476,ATP5PD,O75947
6291,SAA4,P35542
54980,C2orf42,Q9NWW7
284099,C17orf78,Q8N4C9
7184,HSP90B1,P14625
285955,SPDYE1,Q8NFV5
7408,VASP,P50552
55174,INTS10,Q9NVR2
84187,TMEM164,Q5U3C3
3189,HNRNPH3,P31942
81853,TMEM14B,Q9NUH8
9375,TM9SF2,Q99805
4685,NCAM2,O15394
1889,ECE1,P42892
5355,PLP2,Q04941
3202,HOXA5,P20719
1028003171454,CSNK1E,P49674
6811,STX5,Q13190
64207,IRF2BPL,Q9H1B7
4189,DNAJB9,Q9UBS3
8045,RASSF7,Q02833
255488,RNF144B,Q7Z419
10542,LAMTOR5,O43504
348793,WDR53,Q7Z5U6
340205,TREML1,Q86YW5
6187,RPS2,P15880
6252,RTN1,Q16799
54494,C11orf71,Q6IPW1
54845,ESRP1,Q6NXG1
65220,NADK,O95544
5929,RBBP5,Q15291
91404,SESTD1,Q86VW0
9919,SEC16A,O15027
60490,PPCDC,Q96CD2
4724,NDUFS4,O43181
26024,PTCD1,O75127
79934,COQ8B,Q96D53
5339,PLEC,Q15149
92086,GGTLC1,Q9BX51
8910,SGCE,O43556
607,BCL9,O00512
51626,DYNC2LI1,Q8TCX1
80232,WDR26,Q9H7D7
7262,PHLDA2,Q53GA4
51125,GOLGA7,Q7Z5G4
84886,C1orf198,Q9H425
84458,LCOR,Q96JN0
1809,DPYSL3,Q14195
3693,ITGB5,P18084
112479,ERI2,A8K979
9217,VAPB,O95292
201595,STT3B,Q8TCJ2
124044,SPATA2L,Q8IUW3
83694,RPS6KL1,Q9Y6S9
374355,CCDC172,P0C7W6
7913,DEK,P35659
8612,PLPP2,O43688
387680,WASHC2A,Q641Q2
51759,C9orf78,Q9NZ63
64951,MRPS24,Q96EL2
85021,REPS1,Q96D71
4703,NEB,P20929
51362,CDC40,O60508
169270,ZNF596,Q8TC21
51161,C3orf18,Q9UK00
84162,KIAA1109,Q2LD37
3654,IRAK1,P51617
56914,OTOR,Q9NRC9
8320,EOMES,O95936
6622,SNCA,P37840
127933,UHMK1,Q8TAS1
6629,SNRPB2,P08579
65986,ZBTB10,Q96DT7
1508,CTSB,P07858
22928,SEPHS2,Q99611
81550,TDRD3,Q9H7E2
9110,MTMR4,Q9NYA4
84623,KIRREL3,Q8IZU9
51258,MRPL51,Q4U2R6
8349,H2BC21,Q16778
6396,SEC13,P55735
155061,ZNF746,Q6NUN9
55296,TBC1D19,Q8N5T2
221786,FAM200A,Q8TCP9
26268,FBXO9,Q9UK97
116337,PANX3,Q96QZ0
23362,PSD3,Q9NYI0
150350,ENTHD1,Q8IYW4
7159,TP53BP2,Q13625
9901,SRGAP3,O43295
51264,MRPL27,Q9P0M9
10099,TSPAN3,O60637
51329,ARL6IP4,Q66PJ3
10399,RACK1,P63244
22936,ELL2,O00472
54766,BTG4,Q9NY30
11086,ADAM29,Q9UKF5
89882,TPD52L3,Q96J77
5813,PURA,Q00577
140461,ASB8,Q9H765
51195,RAPGEFL1,Q9UHV5
7170,TPM3,P06753
3554,IL1R1,P14778
84942,WDR73,Q6P4I2
55191,NADSYN1,Q6IA69
25966,C2CD2,Q9Y426
6950,TCP1,P17987
146849,CCDC42,Q96M95
4690,NCK1,P16333
389816,LRRC26,Q2I0M4
1410,CRYAB,P02511
5082,PDCL,Q13371
57643,ZSWIM5,Q9P217
6780,STAU1,O95793
53833,IL20RB,Q6UXL0
126669,SHE,Q5VZ18
975,CD81,P60033
9049,AIP,O00170
6777,STAT5B,P51692
124936,CYB5D2,Q8WUJ1
2747,GLUD2,P49448
7743,ZNF189,O75820
10957,PNRC1,Q12796
222235,FBXL13,Q8NEE6
10520,ZNF211,Q13398
79794,C12orf49,Q9H741
5306,PITPNA,Q00169
7561,ZNF14,P17017
9689,BZW1,Q7L1Q6
6198,RPS6KB1,P23443
23256,SCFD1,Q8WVM8
85460,ZNF518B,Q9C0D4
319101,KRT73,Q86Y46
145282,MIPOL1,Q8TD10
55179,FAIM,Q9NVQ4
3698,ITIH2,P19823
83450,DRC3,Q9H069
29909,GPR171,O14626
83460,EMC6,Q9BV81
23609,MKRN2,Q9H000
8540,AGPS,O00116
9211,LGI1,O95970
6346,CCL1,P22362
2528,FUT6,P51993
22196051622,CCZ1B,P86790
22196051622,CCZ1,P86791
9080,CLDN9,O95484
8575,PRKRA,O75569
163688,CALML6,Q8TD86
2177,FANCD2,Q9BXW9
9632,SEC24C,P53992
8803,SUCLA2,Q9P2R7
4905,NSF,P46459
55506,MACROH2A2,Q9P0M6
64645,MFSD14A,Q96MC6
102157402,AK6,Q9Y3D8
55317,AP5S1,Q9NUS5
374900,ZNF568,Q3ZCX4
9801,MRPL19,P49406
55268,ECHDC2,Q86YB7
1495,CTNNA1,P35221
29887,SNX10,Q9Y5X0
345757,FAM174A,Q8TBP5
80739,MPIG6B,O95866
150590,C2orf15,Q8WU43
147710,IGSF23,A1L1A6
219957,OR9Q2,Q8NGE9
153328,SLC25A48,Q6ZT89
2667404101,MAGEA2; MAGEA2B,P43356
10807,ENTR1,Q96C92
51290,ERGIC2,Q96RQ1
11013286527,TMSB15A,P0CG34
11013286527,TMSB15B,P0CG35
3484,IGFBP1,P08833
6991,TCTE3,Q8IZS6
9177,HTR3B,O95264
8574,AKR7A2,O43488
8650,NUMB,P49757
9816,URB2,Q14146
57821,CCDC181,Q5TID7
3669,ISG20,Q96AZ6
25921,ZDHHC5,Q9C0B5
151827,LRRC34,Q8IZ02
79622,SNRNP25,Q9BV90
115209,OMA1,Q96E52
5470,PPEF2,O14830
56850,GRIPAP1,Q4V328
5862,RAB2A,P61019
79958,DENND1C,Q8IV53
8677,STX10,O60499
81559,TRIM11,Q96F44
3078,CFHR1,Q03591
388364,TMIGD1,Q6UXZ0
51019,WASHC3,Q9Y3C0
162989,DEDD2,Q8WXF8
4744,NEFH,P12036
23603,CORO1C,Q9ULV4
55071,C9orf40,Q8IXQ3
79664,ICE2,Q659A1
84079,ANKRD27,Q96NW4
153768,PRELID2,Q8N945
126637,TCHHL1,Q5QJ38
79971,WLS,Q5T9L3
112487,DTD2,Q96FN9
51316,PLAC8,Q9NZF1
9589,WTAP,Q15007
8666,EIF3G,O75821
54839,LRRC49,Q8IUZ0
57214,CEMIP,Q8WUJ3
5898,RALA,P11233
285311,C3orf56,Q8N813
389763,SPATA31D1,Q6ZQQ2
64426,SUDS3,Q9H7L9
51585,PCF11,O94913
908,CCT6A,P40227
9031,BAZ1B,Q9UIG0
911,CD1C,P29017
7266,DNAJC7,Q99615
11149,BVES,Q8NE79
23165,NUP205,Q92621
360023,ZBTB41,Q5SVQ8
1515,CTSV,O60911
64180,DPEP3,Q9H4B8
1260,CNGA2,Q16280
27074,LAMP3,Q9UQV4
1968,EIF2S3,P41091
23309,SIN3B,O75182
22999,RIMS1,Q86UR5
4047,LSS,P48449
23135,KDM6B,O15054
6230,RPS25,P62851
7039,TGFA,P01135
144193,AMDHD1,Q96NU7
85235,H2AC12,Q96KK5
6734,SRPRA,P08240
153090,DAB2IP,Q5VWQ8
7126,TNFAIP1,Q13829
65250,CPLANE1,Q9H799
119504,ANAPC16,Q96DE5
56104,PCDHGB1,Q9Y5G3
118663,BTBD16,Q32M84
434,ASIP,P42127
8802,SUCLG1,P53597
122809,SOCS4,Q8WXH5
51320,MEX3C,Q5U5Q3
2135,EXTL2,Q9UBQ6
6476,SI,P14410
116379,IL22RA2,Q969J5
8030,CCDC6,Q16204
84283,TMEM79,Q9BSE2
10641,NPRL2,Q8WTW4
8390,OR1G1,P47890
79820,CATSPERB,Q9H7T0
29082,CHMP4A,Q9BY43
1318,SLC31A2,O15432
5225,PGC,P20142
10762,NUP50,Q9UKX7
5034,P4HB,P07237
353514,LILRA5,A6NI73
8634,RTCA,O00442
126248,WDR88,Q6ZMY6
10260,DENND4A,Q7Z401
546,ATRX,P46100
57693,ZNF317,Q96PQ6
8153,RND2,P52198
283652,SLC24A5,Q71RS6
112495,GTF3C6,Q969F1
777,CACNA1E,Q15878
23415,KCNH4,Q9UQ05
145853,C15orf61,A6NNL5
221078,NSUN6,Q8TEA1
2962,GTF2F1,P35269
6574,SLC20A1,Q8WUM9
4676,NAP1L4,Q99733
8559,PRPF18,Q99633
3423,IDS,P22304
10928,RALBP1,Q15311
7326,UBE2G1,P62253
200316,APOBEC3F,Q8IUX4
8565,YARS1,P54577
113263,GLCCI1,Q86VQ1
9350,CER1,O95813
28976,ACAD9,Q9H845
3359,HTR3A,P46098
79020,C7orf25,Q9BPX7
5745,PTH1R,Q03431
9283,GPR37L1,O60883
1353,COX11,Q9Y6N1
80216,ALPK1,Q96QP1
159,ADSS2,P30520
5155,PDGFB,P01127
7334,UBE2N,P61088
54674,LRRN3,Q9H3W5
22932,POMZP3,Q6PJE2
1005266644065,LY75,O60449
9655,SOCS5,O75159
1105995839718,ECE2,P0DPD6
1105995839718,EEF1AKMT4-ECE2,P0DPD8
392636,AGMO,Q6ZNB7
283111,OR51V1,Q9H2C8
93627,TBCK,Q8TEA7
10923,SUB1,P53999
127707,KLHDC7A,Q5VTJ3
10437,IFI30,P13284
130502,TTC32,Q5I0X7
80127,BBOF1,Q8ND07
7494,XBP1,P17861
25814,ATXN10,Q9UBB4
9416,DDX23,Q9BUQ8
54840,APTX,Q7Z2E3
200403,VWA3B,Q502W6
25830,SULT4A1,Q9BR01
58492,ZNF77,Q15935
10205,MPZL2,O60487
8669,EIF3J,O75822
5467,PPARD,Q03181
3780,KCNN1,Q92952
9948,WDR1,O75083
55334,SLC39A9,Q9NUM3
151194,METTL21A,Q8WXB1
3181,HNRNPA2B1,P22626
2188,FANCF,Q9NPI8
65061,CDK15,Q96Q40
51081,MRPS7,Q9Y2R9
57127,RHBG,Q9H310
3712,IVD,P26440
65009,NDRG4,Q9ULP0
55778,ZNF839,A8K0R7
144717,PHETA1,Q8N4B1
55132,LARP1B,Q659C4
254428,SLC41A1,Q8IVJ1
8777,MPDZ,O75970
8883,NAE1,Q13564
4237,MFAP2,P55001
51422,PRKAG2,Q9UGJ0
1427,CRYGS,P22914
56676,ASCL3,Q9NQ33
54806,AHI1,Q8N157
10092,ARPC5,O15511
10154,PLXNC1,O60486
4059,BCAM,P50895
4066,LYL1,P12980
5093,PCBP1,Q15365
54883,CWC25,Q9NXE8
11224,RPL35,P42766
9955,HS3ST3A1,Q9Y663
10170,DHRS9,Q9BPW9
23310,NCAPD3,P42695
55585,UBE2Q1,Q7Z7E8
79814,AGMAT,Q9BSE5
64784,CRTC3,Q6UUV7
11250,GPR45,Q9Y5Y3
5150,PDE7A,Q13946
1489,CTF1,Q16619
50484,RRM2B,Q7LG56
5917,RARS1,P54136
90007,MIDN,Q504T8
64215,DNAJC1,Q96KC8
80230,RUFY1,Q96T51
157869,SBSPON,Q8IVN8
55646,LYAR,Q9NX58
1781,DYNC1I2,Q13409
58191,CXCL16,Q9H2A7
83733,SLC25A18,Q9H1K4
283635,FAM177A1,Q8N128
84343,HPS3,Q969F9
163255,ZNF540,Q8NDQ6
23091,ZC3H13,Q5T200
122664,TPPP2,P59282
829,CAPZA1,P52907
54516,MTRF1L,Q9UGC7
80152,CENPT,Q96BT3
26287,ANKRD2,Q9GZV1
25959,KANK2,Q63ZY3
56833,SLAMF8,Q9P0V8
79656,BEND5,Q7L4P6
10444,ZER1,Q7Z7L7
389643,NUGGC,Q68CJ6
127262,TPRG1L,Q5T0D9
1984,EIF5A,P63241
80243,PREX2,Q70Z35
2491,CENPI,Q92674
79838,TMC5,Q6UXY8
3845,KRAS,P01116
1942,EFNA1,P20827
1979,EIF4EBP2,Q13542
388125,C2CD4B,A6NLJ0
5037,PEBP1,P30086
199692,ZNF627,Q7L945
94005,PIGS,Q96S52
10345,TRDN,Q13061
122953,JDP2,Q8WYK2
9873,FCHSD2,O94868
51272,BET1L,Q9NYM9
23035,PHLPP2,Q6ZVD8
374875,HSD11B1L,Q7Z5J1
167227,DCP2,Q8IU60
25930,PTPN23,Q9H3S7
5867,RAB4A,P20338
146395,GSG1L,Q6UXU4
11056,DDX52,Q9Y2R4
56683,CFAP298,P57076
84440,RAB11FIP4,Q86YS3
56675,NRIP3,Q9NQ35
80310,PDGFD,Q9GZP0
26273,FBXO3,Q9UK99
26610,ELP4,Q96EB1
79071,ELOVL6,Q9H5J4
91894,C11orf52,Q96A22
10681,GNB5,O14775
402,ARL2,P36404
80034,CSRNP3,Q8WYN3
53407,STX18,Q9P2W9
5922,RASA2,Q15283
27077,B9D1,Q9UPM9
6397,SEC14L1,Q92503
54623,PAF1,Q8N7H5
10313,RTN3,O95197
56648,EIF5A2,Q9GZV4
5714,PSMD8,P48556
729,C6,P13671
2074,ERCC6,P0DP91
2074,ERCC6,Q03468
259294,TAS2R19,P59542
5509,PPP1R3D,O95685
23637,RABGAP1,Q9Y3P9
118670,FAM24A,A6NFZ4
8036,SHOC2,Q9UQ13
25996,REXO2,Q9Y3B8
57118,CAMK1D,Q8IU85
2823,GPM6A,P51674
54938,SARS2,Q9NP81
25940,FAM98A,Q8NCA5
1163,CKS1B,P61024
10434,LYPLA1,O75608
254394,MCM9,Q9NXL9
7130,TNFAIP6,P98066
8661,EIF3A,Q14152
6990,DYNLT3,P51808
9148,NEURL1,O76050
5705,PSMC5,P62195
6809,STX3,Q13277
92241,RCSD1,Q6JBY9
201627,DENND6A,Q8IWF6
84266,ALKBH7,Q9BT30
10327,AKR1A1,P14550
79672,FN3KRP,Q9HA64
51514,DTL,Q9NZJ0
7009,TMBIM6,P55061
8848,TSC22D1,Q15714
55756,INTS9,Q9NV88
23515,MORC3,Q14149
84233,TMEM126A,Q9H061
113246,C12orf57,Q99622
80834,TAS1R2,Q8TE23
126282,TNFAIP8L1,Q8WVP5
10564,ARFGEF2,Q9Y6D5
9388,LIPG,Q9Y5X9
64794,DDX31,Q9H8H2
83636,C19orf12,Q9NSK7
79170,PRR15L,Q9BU68
9540,TP53I3,Q53FA7
5930,RBBP6,Q7Z6E9
54463,RETREG1,Q9H6L5
54537,SHLD2,Q86V20
23384,SPECC1L,Q69YQ0
79752,ZFAND1,Q8TCF1
116085,SLC22A12,Q96S37
114088,TRIM9,Q9C026
84295,PHF6,Q8IWS0
6166,RPL36AL,Q969Q0
6820,SULT2B1,O00204
25799,ZNF324,O75467
54039,PCBP3,P57721
64333,ARHGAP9,Q9BRR9
83549,UCK1,Q9HA47
833,CARS1,P49589
1643,DDB2,Q92466
253980,KCTD13,Q8WZ19
4635,MYL4,P12829
11329,STK38,Q15208
25834,MGAT4C,Q9UBM8
4952,OCRL,Q01968
389119,INKA1,Q96EL1
2800,GOLGA1,Q92805
23390,ZDHHC17,Q8IUH5
7979,SEM1,P60896
23512,SUZ12,Q15022
4079778742,TNFSF12,O43508
55699,IARS2,Q9NSE4
8602,NOP14,P78316
3752,KCND3,Q9UK17
4084,MXD1,Q05195
54780,NSMCE4A,Q9NXX6
10612,TRIM3,O75382
51138,COPS4,Q9BT78
79363,CPLANE2,Q9BU20
5357,PLS1,Q14651
54819,ZCCHC10,Q8TBK6
22850,ADNP2,Q6IQ32
91624,NEXN,Q0ZGT2
54345,SOX18,P35713
128239,IQGAP3,Q86VI3
84520,GON7,Q9BXV9
11273,ATXN2L,Q8WWM7
57646,USP28,Q96RU2
7075,TIE1,P35590
83700,JAM3,Q9BX67
51321,AMZ2,Q86W34
10425,ARIH2,O95376
6188,RPS3,P23396
9666,DZIP3,Q86Y13
91947,ARRDC4,Q8NCT1
9422,ZNF264,O43296
160335,TMTC2,Q8N394
84290,CAPNS2,Q96L46
10910,SUGT1,Q9Y2Z0
51433,ANAPC5,Q9UJX4
23409,SIRT4,Q9Y6E7
79751,SLC25A22,Q9H936
8896,BUD31,P41223
115201,ATG4A,Q8WYN0
7456,WIPF1,O43516
1662,DDX10,Q13206
27152,INTU,Q9ULD6
54933,RHBDL2,Q9NX52
2317,FLNB,O75369
79739,TTLL7,Q6ZT98
55157,DARS2,Q6PI48
26007,TKFC,Q3LXA3
387032,ZKSCAN4,Q969J2
23086,EXPH5,Q8NEV8
10666,CD226,Q15762
221895,JAZF1,Q86VZ6
699,BUB1,O43683
55356,SLC22A15,Q8IZD6
54928,IMPAD1,Q9NX62
6275,S100A4,P26447
23557,SNAPIN,O95295
83752,LONP2,Q86WA8
8723,SNX4,O95219
253935,ANGPTL5,Q86XS5
1266,CNN3,Q15417
3739,KCNA4,P22459
10270,AKAP8,O43823
7799,PRDM2,Q13029
2887,GRB10,Q13322
90411,MCFD2,Q8NI22
161502,CFAP161,Q6P656
79173,C19orf57,Q0VDD7
64208,POPDC3,Q9HBV1
80318,GKAP1,Q5VSY0
26228,STAP1,Q9ULZ2
1122,CHML,P26374
2048,EPHB2,P29323
10745,PHTF1,Q9UMS5
8658,TNKS,O95271
51692,CPSF3,Q9UKF6
1075,CTSC,P53634
7553,ZNF7,P17097
29100,TMEM208,Q9BTX3
23306,NEMP1,O14524
7402,UTRN,P46939
1008,CDH10,Q9Y6N8
124773,C17orf64,Q86WR6
84461,NEURL4,Q96JN8
8642,DCHS1,Q96JQ0
,KCNH2,Q12809
7703,PCGF2,P35227
6004,RGS16,O15492
4158,MC2R,Q01718
55505,NOP10,Q9NPE3
153364,MBLAC2,Q68D91
375035,SFT2D2,O95562
79711,IPO4,Q8TEX9
115827,RAB3C,Q96E17
168374,ZNF92,Q03936
662,BNIP1,Q12981
5876,RABGGTB,P53611
53635,PTOV1,Q86YD1
1607,DGKB,Q9Y6T7
23635,SSBP2,P81877
7072,TIA1,P31483
54874,FNBP1L,Q5T0N5
8209,GATD3B,A0A0B4J2D5
8209,GATD3A,P0DPI2
196527,ANO6,Q4KMQ2
84930,MASTL,Q96GX5
128178,EDARADD,Q8WWZ3
10249,GLYAT,Q6IB77
1855,DVL1,O14640
51528,JKAMP,Q9P055
9262,STK17B,O94768
63926,ANKEF1,Q9NU02
257236,CCDC96,Q2M329
23708,GSPT2,Q8IYD1
151254,C2CD6,Q53TS8
11320,MGAT4A,Q9UM21
57711,ZNF529,Q6P280
9734,HDAC9,Q9UKV0
5747,PTK2,Q05397
286336,FAM78A,Q5JUQ0
282679,AQP11,Q8NBQ7
1349,COX7B,P24311
10193,RNF41,Q9H4P4
4714,NDUFB8,O95169
79750,ZNF385D,Q9H6B1
26135,SERBP1,Q8NC51
352909,DNAAF3,Q8N9W5
7711,ZNF155,Q12901
56180,MOSPD1,Q9UJG1
133746,JMY,Q8N9B5
158506,CBLL2,Q8N7E2
6605,SMARCE1,Q969G3
820,CAMP,P49913
262,AMD1,P17707
84833,ATP5MD,Q96IX5
5786,PTPRA,P18433
51056,LAP3,P28838
10069,RWDD2B,P57060
4185,ADAM11,O75078
388677,NOTCH2NLC,P0DPK4
388677,NOTCH2NLA,Q7Z3S9
2171,FABP5,Q01469
55735,DNAJC11,Q9NVH1
29035,C16orf72,Q14CZ0
126298,IRGQ,Q8WZA9
91392,ZNF502,Q8TBZ5
1068,CETN1,Q12798
6051,RNPEP,Q9H4A4
4359,MPZ,P25189
51002,TPRKB,Q9Y3C4
10343,PKDREJ,Q9NTG1
6696,SPP1,P10451
11341,SCRG1,O75711
874,CBR3,O75828
79161,TMEM243,Q9BU79
9557,CHD1L,Q86WJ1
57568,SIPA1L2,Q9P2F8
3161,HMMR,O75330
23137,SMC5,Q8IY18
5535,PPP3R2,Q96LZ3
9520,NPEPPS,P55786
1497,CTNS,O60931
1997,ELF1,P32519
63974,NEUROD6,Q96NK8
9400,RECQL5,O94762
55224,ETNK2,Q9NVF9
51023,MRPS18C,Q9Y3D5
23149,FCHO1,O14526
10555,AGPAT2,O15120
29085,PHPT1,Q9NRX4
390010,NKX1-2,Q9UD57
6867,TACC1,O75410
23499,MACF1,Q9UPN3
84759,PCGF1,Q9BSM1
91978,TPGS1,Q6ZTW0
91227,GGTLC2,Q14390
5716,PSMD10,O75832
7216,TRO,Q12816
1967,EIF2B1,Q14232
27095,TRAPPC3,O43617
79607,FAM118B,Q9BPY3
26959,HBP1,O60381
51661,FKBP7,Q9Y680
54738,FEV,Q99581
51491,NOP16,Q9Y3C1
57151,LYZL6,O75951
29914,UBIAD1,Q9Y5Z9
54468,MIOS,Q9NXC5
8673,VAMP8,Q9BV40
8089,YEATS4,O95619
6348,CCL3,P10147
6671,SP4,Q02446
1303,COL12A1,Q99715
7270,TTF1,Q15361
1187,CLCNKA,P51800
9819,TSC22D2,O75157
90,ACVR1,Q04771
5587,PRKD1,Q15139
10962,MLLT11,Q13015
79616,CCNJL,Q8IV13
222223,KIAA1324L,A8MWY0
57157,PHTF2,Q8N3S3
142910,LIPJ,Q5W064
253650,ANKRD18A,Q8IVF6
51204,TACO1,Q9BSH4
2788,GNG7,O60262
388199,PRR25,Q96S07
84920,ALG10,Q5BKT4
55755,CDK5RAP2,Q96SN8
10284,SAP18,O00422
9928,KIF14,Q15058
23753,SDF2L1,Q9HCN8
57862,ZNF410,Q86VK4
3149,HMGB3,O15347
1780,DYNC1I1,O14576
3890,KRT84,Q9NSB2
81610,FAM83D,Q9H4H8
56963,RGMA,Q96B86
9722,NOS1AP,O75052
10395,DLC1,Q96QB1
55929,DMAP1,Q9NPF5
23216,TBC1D1,Q86TI0
203076,C8orf74,Q6P047
10755,GIPC1,O14908
59338,PLEKHA1,Q9HB21
50814,NSDHL,Q15738
27304,MOCS3,O95396
55471,NDUFAF7,Q7L592
10732,TCFL5,Q9UL49
26232,FBXO2,Q9UK22
9701,PPP6R2,O75170
148398,SAMD11,Q96NU1
306,ANXA3,P12429
54436,SH3TC1,Q8TE82
54910,SEMA4C,Q9C0C4
9203,ZMYM3,Q14202
8905,AP1S2,P56377
5283,PIGH,Q14442
146223,CMTM4,Q8IZR5
84861,KLHL22,Q53GT1
83442,SH3BGRL3,Q9H299
10569,SLU7,O95391
257169,C9orf43,Q8TAL5
51107,APH1A,Q96BI3
136895,C7orf31,Q8N865
123920,CMTM3,Q96MX0
1470,CST2,P09228
148789,B3GALNT2,Q8NCR0
950,SCARB2,Q14108
51478,HSD17B7,P56937
9188,DDX21,Q9NR30
84330,ZNF414,Q96IQ9
11177,BAZ1A,Q9NRL2
8202,NCOA3,Q9Y6Q9
8178,ELL,P55199
9682,KDM4A,O75164
2262,GPC5,P78333
23321,TRIM2,Q9C040
10654,PMVK,Q15126
134353,LSM11,P83369
51028,VPS36,Q86VN1
90634,N4BP2L1,Q5TBK1
3269,HRH1,P35367
57663,USP29,Q9HBJ7
80326,WNT10A,Q9GZT5
51206,GP6,Q9HCN6
51111,KMT5B,Q4FZB7
65110,UPF3A,Q9H1J1
3656,IRAK2,O43187
5968,REG1B,P48304
1374,CPT1A,P50416
6303,SAT1,P21673
3280,HES1,Q14469
58526,MID1IP1,Q9NPA3
9497,SLC4A7,Q9Y6M7
51439,FAM8A1,Q9UBU6
347487,CXorf66,Q5JRM2
57178,ZMIZ1,Q9ULJ6
3831,KLC1,Q07866
339487,ZBTB8OS,Q8IWT0
388335,TMEM220,Q6QAJ8
164,AP1G1,O43747
140870,WFDC6,Q9BQY6
196294,IMMP1L,Q96LU5
2829,XCR1,P46094
285282,RABL3,Q5HYI8
3069,HDLBP,Q00341
26284,ERAL1,O75616
9368,SLC9A3R1,O14745
51205,ACP6,Q9NPH0
10856,RUVBL2,Q9Y230
80864,EGFL8,Q99944
965,CD58,P19256
23538,OR52A1,Q9UKL2
1476,CSTB,P04080
81566,CSRNP2,Q9H175
83759,RBM4B,Q9BQ04
3608,ILF2,Q12905
2729,GCLC,P48506
9533,POLR1C,O15160
51029,DESI2,Q9BSY9
5537,PPP6C,O00743
23636,NUP62,P37198
23521,RPL13A,P40429
80011,PSME3IP1,Q9GZU8
57795,BRINP2,Q9C0B6
8464,SUPT3H,O75486
84502,JPH4,Q96JJ6
7122,CLDN5,O00501
1112,FOXN3,O00409
23136,EPB41L3,Q9Y2J2
147841,SPC24,Q8NBT2
420,ART4,Q93070
127687,C1orf122,Q6ZSJ8
23551,RASD2,Q96D21
200895,DHFR2,Q86XF0
11339,OIP5,O43482
280636,SELENOH,Q8IZQ5
55743,CHFR,Q96EP1
5567,PRKACB,P22694
10239,AP3S2,P59780
4017,LOXL2,Q9Y4K0
221908,PPP1R35,Q8TAP8
701,BUB1B,O60566
64748,PLPPR2,Q96GM1
23064,SETX,Q7Z333
10494,STK25,O00506
84449,ZNF333,Q96JL9
5527,PPP2R5C,Q13362
206358,SLC36A1,Q7Z2H8
3035,HARS1,P12081
130888,FBXO36,Q8NEA4
84141,EVA1A,Q9H8M9
26154,ABCA12,Q86UK0
5217,PFN2,P35080
79697,RIOX1,Q9H6W3
284422,SMIM24,O75264
56478,EIF4ENIF1,Q9NRA8
219539,YPEL4,Q96NS1
94015,TTYH2,Q9BSA4
11000,SLC27A3,Q5K4L6
253738,EBF3,Q9H4W6
222553,SLC35F1,Q5T1Q4
84869,CBR4,Q8N4T8
4720,NDUFS2,O75306
2180,ACSL1,P33121
23291,FBXW11,Q9UKB1
3017,H2BC5,P58876
7328,UBE2H,P62256
5202,PFDN2,Q9UHV9
529,ATP6V1E1,P36543
64793,CEP85,Q6P2H3
58511,DNASE2B,Q8WZ79
23429,RYBP,Q8N488
9378,NRXN1,P58400
9378,NRXN1,Q9ULB1
81618,ITM2C,Q9NQX7
85437,ZCRB1,Q8TBF4
51504,TRMT112,Q9UI30
49856,WRAP73,Q9P2S5
6237,RRAS,P10301
166863,RBM46,Q8TBY0
1176,AP3S1,Q92572
1993,ELAVL2,Q12926
27010,TPK1,Q9H3S4
63892,THADA,Q6YHU6
26266,SLC13A4,Q9UKG4
6038,RNASE4,P34096
199746,U2AF1L4,Q8WU68
121256,TMEM132D,Q14C87
7389,UROD,P06132
25902,MTHFD1L,Q6UB35
81887,LAS1L,Q9Y4W2
6988,TCTA,P57738
6176,RPLP1,P05386
83461,CDCA3,Q99618
159013,CXorf38,Q8TB03
663,BNIP2,Q12982
55068,ENOX1,Q8TC92
84073,MYCBPAP,Q8TBZ2
84838,ZNF496,Q96IT1
64429,ZDHHC6,Q9H6R6
63928,CHP2,O43745
84649,DGAT2,Q96PD7
2155,F7,P08709
7056,THBD,P07204
6506,SLC1A2,P43004
3658,IREB2,P48200
285613,RELL2,Q8NC24
79038,ZFYVE21,Q9BQ24
151888,BTLA,Q7Z6A9
54414,SIAE,Q9HAT2
4332,MNDA,P41218
22868,FASTKD2,Q9NYY8
114899,C1QTNF3,Q9BXJ4
26001,RNF167,Q9H6Y7
10653,SPINT2,O43291
219623,TMEM26,Q6ZUK4
23421,ITGB3BP,Q13352
92799,SHKBP1,Q8TBC3
30813,VSX1,Q9NZR4
340900,EBLN1,P0CF75
6457,SH3GL3,Q99963
2632,GBE1,Q04446
8443,GNPAT,O15228
54829,ASPN,Q9BXN1
8195,MKKS,Q9NPJ1
10891,PPARGC1A,Q9UBK2
29,ABR,Q12979
145173,B3GLCT,Q6Y288
151647,TAFA4,Q96LR4
10919,EHMT2,Q96KQ7
4199,ME1,P48163
54765,TRIM44,Q96DX7
59345,GNB4,Q9HAV0
6261,RYR1,P21817
83723,TLCD3B,Q71RH2
5692,PSMB4,P28070
5071,PRKN,O60260
2773,GNAI3,P08754
7770,ZNF227,Q86WZ6
9617,MTRF1,O75570
10526,IPO8,O15397
4716,NDUFB10,O96000
3632,INPP5A,Q14642
25823,TPSG1,Q9NRR2
51735,RAPGEF6,Q8TEU7
204851,HIPK1,Q86Z02
64285,RHBDF1,Q96CC6
93953,GCNA,Q96QF7
5236,PGM1,P36871
26073,POLDIP2,Q9Y2S7
2868,GRK4,P32298
1196,CLK2,P49760
123970,C16orf78,Q8WTQ4
7287,TULP1,O00294
2782,GNB1,P62873
389898,UBE2NL,Q5JXB2
7716,VEZF1,Q14119
23354,HAUS5,O94927
259266,ASPM,Q8IZT6
89870,TRIM15,Q9C019
6785,ELOVL4,Q9GZR5
220965,FAM13C,Q8NE31
8601,RGS20,O76081
7037,TFRC,P02786
2794,GNL1,P36915
1282,COL4A1,P02462
349565,NMNAT3,Q96T66
79858,NEK11,Q8NG66
55032,SLC35A5,Q9BS91
23633,KPNA6,O60684
348094,ANKDD1A,Q495B1
259197,NCR3,O14931
199990,FAAP20,Q6NZ36
7248,TSC1,Q92574
6232,RPS27,P42677
8707,B3GALT2,O43825
8943,AP3D1,O14617
55651,NHP2,Q9NX24
79961,DENND2D,Q9H6A0
10152,ABI2,Q9NYB9
51374,ATRAID,Q6UW56
6383,SDC2,P34741
121599,SPIC,Q8N5J4
6732,SRPK1,Q96SB4
114034,TOE1,Q96GM8
84253,GARNL3,Q5VVW2
53425343,PLGLB1; PLGLB2,Q02325
22809,ATF5,Q9Y2D1
55023,PHIP,Q8WWQ0
91137,SLC25A46,Q96AG3
55300,PI4K2B,Q8TCG2
10940,POP1,Q99575
65108,MARCKSL1,P49006
10767,HBS1L,Q9Y450
725,C4BPB,P20851
123207,C15orf40,Q8WUR7
339804,C2orf74,A8MZ97
1601,DAB2,P98082
7358,UGDH,O60701
84285,EIF1AD,Q8N9N8
11046,SLC35D2,Q76EJ3
132946,ARL9,Q6T311
440,ASNS,P08243
284427,SLC25A41,Q8N5S1
4134,MAP4,P27816
2324,FLT4,P35916
57136,APMAP,Q9HDC9
443,ASPA,P45381
55827,DCAF6,Q58WW2
9220,TIAF1,O95411
79086,SMIM7,Q9BQ49
3783,KCNN4,O15554
6727,SRP14,P37108
26271,FBXO5,Q9UKT4
65977,PLEKHA3,Q9HB20
613,BCR,P11274
55629,PNRC2,Q9NPJ4
8550,MAPKAPK5,Q8IW41
80304,WDCP,Q9H6R7
10130,PDIA6,Q15084
57826,RAP2C,Q9Y3L5
3821,KLRC1,P26715
430,ASCL2,Q99929
10815,CPLX1,O14810
3594,IL12RB1,P42701
947,CD34,P28906
2987,GUK1,Q16774
5090,PBX3,P40426
92856,IMP4,Q96G21
63027,SLC22A23,A1A5C7
1302,COL11A2,P13942
57644,MYH7B,A7E2Y1
10000,AKT3,Q9Y243
253582,TMEM244,Q5VVB8
1646,AKR1C2,P52895
80723,SLC35G2,Q8TBE7
327,APEH,P13798
84064,HDHD2,Q9H0R4
163071,ZNF114,Q8NC26
222584,FAM83B,Q5T0W9
337867,UBAC2,Q8NBM4
54499,TMCO1,Q9UM00
284004,HEXD,Q8WVB3
88455,ANKRD13A,Q8IZ07
64976,MRPL40,Q9NQ50
84844,PHF5A,Q7RTV0
339145,FAM92B,Q6ZTR7
347148,QRFP,P83859
25888,ZNF473,Q8WTR7
57492,ARID1B,Q8NFD5
6117,RPA1,P27694
1387,CREBBP,Q92793
3215,HOXB5,P09067
80279,CDK5RAP3,Q96JB5
146723,C17orf77,Q96MU5
55578,SUPT20H,Q8NEM7
84464,SLX4,Q8IY92
7873,MANF,P55145
5253,PHF2,O75151
51022,GLRX2,Q9NS18
28956,LAMTOR2,Q9Y2Q5
10538,BATF,Q16520
7173,TPO,P07202
123036,TC2N,Q8N9U0
10456,HAX1,O00165
161742,SPRED1,Q7Z699
1281,COL3A1,P02461
124995,MRPL10,Q7Z7H8
8533,COPS3,Q9UNS2
9450,LY86,O95711
29083,GTPBP8,Q8N3Z3
347411,MPC1L,P0DKB6
4168,MCF2,P10911
85359,DGCR6L,Q9BY27
133383,SETD9,Q8NE22
51642,MRPL48,Q96GC5
1186,CLCN7,P51798
55628,ZNF407,Q9C0G0
5935,RBM3,P98179
26276,VPS33B,Q9H267
122618,PLD4,Q96BZ4
6206,RPS12,P25398
7700,ZNF141,Q15928
1174,AP1S1,P61966
55520,ELAC1,Q9H777
84307,ZNF397,Q8NF99
1973,EIF4A1,P60842
51249,TMEM69,Q5SWH9
26103,LRIT1,Q9P2V4
285367,RPUSD3,Q6P087
29781,NCAPH2,Q6IBW4
94121,SYTL4,Q96C24
10157,AASS,Q9UDR5
114571,SLC22A9,Q8IVM8
8747,ADAM21,Q9UKJ8
2990,GUSB,P08236
55244,SLC47A1,Q96FL8
220388,CCDC89,Q8N998
9,NAT1,P18440
83394,PITPNM3,Q9BZ71
23438,HARS2,P49590
80740,LY6G6C,O95867
3581,IL9R,Q01113
10488,CREB3,O43889
862,RUNX1T1,Q06455
55181,SMG8,Q8ND04
118788,PIK3AP1,Q6ZUJ8
145957,NRG4,Q8WWG1
7187,TRAF3,Q13114
1101,CHAD,O15335
8076,MFAP5,Q13361
54467,ANKIB1,Q9P2G1
5004,ORM1,P02763
10161,LPAR6,P43657
28513,CDH19,Q9H159
24,ABCA4,P78363
85289,KRTAP4-5,Q9BYR2
7756,ZNF207,O43670
92399,MRRF,Q96E11
6850,SYK,P43405
154214,RNF217,Q8TC41
55759,WDR12,Q9GZL7
2273,FHL1,Q13642
55205,ZNF532,Q9HCE3
224,ALDH3A2,P51648
92591,ASB16,Q96NS5
10947,AP3M2,P53677
4772,NFATC1,O95644
5720,PSME1,Q06323
55784,MCTP2,Q6DN12
80018,NAA25,Q14CX7
55603,TENT5A,Q96IP4
122060,SLAIN1,Q8ND83
51062,ATL1,Q8WXF7
2354,FOSB,P53539
51426,POLK,Q9UBT6
1456,CSNK1G3,Q9Y6M4
256949,KANK3,Q6NY19
64782,AEN,Q8WTP8
116135,LRRC3B,Q96PB8
5136,PDE1A,P54750
84639,IL1F10,Q8WWZ1
8454,CUL1,Q13616
134510,UBLCP1,Q8WVY7
30836,DNTTIP2,Q5QJE6
89887,ZNF628,Q5EBL2
845,CASQ2,O14958
115362,GBP5,Q96PP8
57539,WDR35,Q9P2L0
29098,RANGRF,Q9HD47
3048,HBG2,P69892
113802,HENMT1,Q5T8I9
158405,KIAA1958,Q8N8K9
10720,UGT2B11,O75310
121549,ASCL4,Q6XD76
10744,PTTG2,Q9NZH5
83862,TMEM120A,Q9BXJ8
140689,CBLN4,Q9NTU7
7780,SLC30A2,Q9BRI3
200172,SLFNL1,Q499Z3
3169,FOXA1,P55317
56005,MYDGF,Q969H8
5870,RAB6A,P20340
6309,SC5D,O75845
27198,HCAR1,Q9BXC0
283933,ZNF843,Q8N446
1802,DPH2,Q9BQC3
51101,ZC2HC1A,Q96GY0
6890,TAP1,Q03518
56654,NPDC1,Q9NQX5
11258,DCTN3,O75935
7101,NR2E1,Q9Y466
4686,NCBP1,Q09161
2959,GTF2B,Q00403
51440,HPCAL4,Q9UM19
84152,PPP1R1B,Q9UD71
54808,DYM,Q7RTS9
84216,TMEM117,Q9H0C3
246269,AFG1L,Q8WV93
3839,KPNA3,O00505
1500,CTNND1,O60716
79174,CRELD2,Q6UXH1
26022,TMEM98,Q9Y2Y6
6276,S100A5,P33763
60681,FKBP10,Q96AY3
60684,TRAPPC11,Q7Z392
11091,WDR5,P61964
10983,CCNI,Q14094
85441,HELZ2,Q9BYK8
55128,TRIM68,Q6AZZ1
56829,ZC3HAV1,Q7Z2W4
24148,PRPF6,O94906
51657,STYXL1,Q9Y6J8
284131,ENDOV,Q8N8Q3
147323,STARD6,P59095
51663,ZFR,Q96KR1
5771,PTPN2,P17706
25913,POT1,Q9NUX5
7078,TIMP3,P35625
51599,LSR,Q86X29
55074,OXR1,Q8N573
60560,NAA35,Q5VZE5
9733,SART3,Q15020
58515,SELENOK,Q9Y6D0
60313,GPBP1L1,Q9HC44
579,NKX3-2,P78367
7733,ZNF180,Q9UJW8
166379,BBS12,Q6ZW61
339344,MYPOP,Q86VE0
140699,MROH8,Q9H579
59285,CACNG6,Q9BXT2
25978,CHMP2B,Q9UQN3
10777,ARPP21,Q9UBL0
6730,SRP68,Q9UHB9
81616,ACSBG2,Q5FVE4
85453,TSPYL5,Q86VY4
257144,GCSAM,Q8N6F7
53918,PELO,Q9BRX2
113091,PTH2,Q96A98
28977,MRPL42,Q9Y6G3
673,BRAF,P15056
81539,SLC38A1,Q9H2H9
340562,SATL1,Q86VE3
22889,KHDC4,Q7Z7F0
219681,ARMC3,Q5W041
79714,CCDC51,Q96ER9
57570,TRMT5,Q32P41
4661,MYT1,Q01538
23325,WASHC4,Q2M389
26289,AK5,Q9Y6K8
57716,PRX,Q9BXM0
22794,CASC3,O15234
128229,TSACC,Q96A04
196441,ZFC3H1,O60293
8720,MBTPS1,Q14703
57062,DDX24,Q9GZR7
8796,SCEL,O95171
2909,ARHGAP35,Q9NRY4
23333,DPY19L1,Q2PZI1
9530,BAG4,O95429
23423,TMED3,Q9Y3Q3
11199,ANXA10,Q9UJ72
51222,ZNF219,Q9P2Y4
1718,DHCR24,Q15392
51526,OSER1,Q9NX31
6565,SLC15A2,Q16348
6356,CCL11,P51671
2038,EPB42,P16452
9057,SLC7A6,Q92536
5641,LGMN,Q99538
7982,ST7,Q9NRC1
25992,SNED1,Q8TER0
445,ASS1,P00966
966,CD59,P13987
57111,RAB25,P57735
127253,TYW3,Q6IPR3
8295,TRRAP,Q9Y4A5
149465,CFAP57,Q96MR6
5533,PPP3CC,P48454
11316,COPE,O14579
112483,SAT2,Q96F10
27189,IL17C,Q9P0M4
5532,PPP3CB,P16298
5348,FXYD1,O00168
9191,DEDD,O75618
6434,TRA2B,P62995
22803,XRN2,Q9H0D6
8499,PPFIA2,O75334
64425,POLR1E,Q9GZS1
25871,NEPRO,Q6NW34
55245,UQCC1,Q9NVA1
10352,WARS2,Q9UGM6
23305,ACSL6,Q9UKU0
7556,ZNF10,P21506
79258,MMEL1,Q495T6
6631,SNRPC,P09234
85364,ZCCHC3,Q9NUD5
10256,CNKSR1,Q969H4
83953,FCAMR,Q8WWV6
3015,H2AZ1,P0C0S5
57470,LRRC47,Q8N1G4
79596,OBI1,Q5W0B1
10175,CNIH1,O95406
57670,KIAA1549,Q9HCM3
2134,EXTL1,Q92935
51645,PPIL1,Q9Y3C6
91749,MFSD4B,Q5TF39
57706,DENND1A,Q8TEH3
3620,IDO1,P14902
55186,SLC25A36,Q96CQ1
3054,HCFC1,P51610
10252,SPRY1,O43609
1295,COL8A1,P27658
78987,CRELD1,Q96HD1
79683,ZDHHC14,Q8IZN3
391712,TRIM61,Q5EBN2
9229,DLGAP1,O14490
7453,WARS1,P23381
392390,OR1L6,Q8NGR2
3445,IFNA8,P32881
55571,CNOT11,Q9UKZ1
9528,TMEM59,Q9BXS4
55437,STRADB,Q9C0K7
91012,CERS5,Q8N5B7
54221,SNTG2,Q9NY99
3182,HNRNPAB,Q99729
55254,TMEM39A,Q9NV64
5341,PLEK,P08567
9459,ARHGEF6,Q15052
53942,CNTN5,O94779
221496,LEMD2,Q8NC56
657,BMPR1A,P36894
10758,TRAF3IP2,O43734
10238,DCAF7,P61962
301,ANXA1,P04083
8428,STK24,Q9Y6E0
1798,DPAGT1,Q9H3H5
3002,GZMB,P10144
7477,WNT7B,P56706
80237,ELL3,Q9HB65
6170,RPL39,P62891
9475,ROCK2,O75116
7352,UCP3,P55916
26121,PRPF31,Q8WWY3
399888,FAM180B,Q6P0A1
27301,APEX2,Q9UBZ4
10670,RRAGA,Q7L523
139760,GPR119,Q8TDV5
91768,CABLES1,Q8TDN4
92667,MGME1,Q9BQP7
113220,KIF12,Q96FN5
2495,FTH1,P02794
80324,PUS1,Q9Y606
41432555894,DEFB103A; DEFB103B,P81534
112936,VPS26B,Q4G0F5
4050,LTB,Q06643
10457,GPNMB,Q14956
51444,RNF138,Q8WVD3
256691,MAMDC2,Q7Z304
2181,ACSL3,O95573
23452,ANGPTL2,Q9UKU9
1958,EGR1,P18146
1464,CSPG4,Q6UVK1
9147,NEMF,O60524
55379,LRRC59,Q96AG4
27429,HTRA2,O43464
221391,OPN5,Q6U736
56937,PMEPA1,Q969W9
1838,DTNB,O60941
59350,RXFP1,Q9HBX9
6262,RYR2,Q92736
127550,A3GALT2,U3KPV4
3998,LMAN1,P49257
8703,B4GALT3,O60512
79645,EFCAB1,Q9HAE3
100996939,PYURF,Q96I23
4034,LRCH4,O75427
10449,ACAA2,P42765
91582,RPS19BP1,Q86WX3
55766,H2AJ,Q9BTM1
9462,RASAL2,Q9UJF2
338949,TMEM202,A6NGA9
3854,KRT6B,P04259
51747,LUC7L3,O95232
84154,RPF2,Q9H7B2
1005292157730,ZNF177,Q13360
55915,LANCL2,Q9NS86
1496,CTNNA2,P26232
23229,ARHGEF9,O43307
4629,MYH11,P35749
347730,LRRTM1,Q86UE6
55151,TMEM38B,Q9NVV0
55677,IWS1,Q96ST2
2017,CTTN,Q14247
115703,ARHGAP33,O14559
54657,UGT1A4,P22310
374470,C12orf42,Q96LP6
57002,YAE1,Q9NRH1
6897,TARS1,P26639
10430,TMEM147,Q9BVK8
135114,HINT3,Q9NQE9
30,ACAA1,P09110
11346,SYNPO,Q8N3V7
339983,NAT8L,Q8N9F0
57148,RALGAPB,Q86X10
55795,PCID2,Q5JVF3
10200,MPHOSPH6,Q99547
29889,GNL2,Q13823
146894,CD300LG,Q6UXG3
64421,DCLRE1C,Q96SD1
11031,RAB31,Q13636
7802,DNALI1,O14645
10116,FEM1B,Q9UK73
55634,KRBOX4,Q5JUW0
1506,CTRL,P40313
51020,HDDC2,Q7Z4H3
10857,PGRMC1,O00264
7462,LAT2,Q9GZY6
6819,SULT1C2,O00338
147746,HIPK4,Q8NE63
84259,DCUN1D5,Q9BTE7
23474,ETHE1,O95571
26086,GPSM1,Q86YR5
22985,ACIN1,Q9UKV3
79149,ZSCAN5A,Q9BUG6
10194,TSHZ1,Q6ZSZ6
2705,GJB1,P08034
403,ARL3,P36405
5431,POLR2B,P30876
4010,LMX1B,O60663
55502,HES6,Q96HZ4
57555,NLGN2,Q8NFZ4
51650,MRPS33,Q9Y291
23394,ADNP,Q9H2P0
197335,WDR90,Q96KV7
54832,VPS13C,Q709C8
7268,TTC4,O95801
10671,DCTN6,O00399
6604,SMARCD3,Q6STE5
140876,RIPOR3,Q96MK2
23648,SSBP3,Q9BWW4
55734,ZFP64,Q9NTW7
85415,RHPN2,Q8IUC4
286006,LSMEM1,Q8N8F7
113201,CASC4,Q6P4E1
51271,UBAP1,Q9NZ09
3219,HOXB9,P17482
79692,ZNF322,Q6U7Q0
84656,GLYR1,Q49A26
51538,ZCCHC17,Q9NP64
4695,NDUFA2,O43678
2824,GPM6B,Q13491
3601,IL15RA,Q13261
27241,BBS9,Q3SYG4
6184,RPN1,P04843
9884,LRRC37A,A6NMS7
1503,CTPS1,P17812
93183,PIGM,Q9H3S5
57654,UVSSA,Q2YD98
154865,IQUB,Q8NA54
79915,ATAD5,Q96QE3
2266,FGG,P02679
3949,LDLR,P01130
29091,STXBP6,Q8NFX7
8793,TNFRSF10D,Q9UBN6
54857,GDPD2,Q9HCC8
716,C1S,P09871
79132,DHX58,Q96C10
6509,SLC1A4,P43007
10523,CHERP,Q8IWX8
126432,RINL,Q6ZS11
84159,ARID5B,Q14865
162993,ZNF846,Q147U1
63827,BCAN,Q96GW7
10943,MSL3,Q8N5Y2
366,AQP9,O43315
5777,PTPN6,P29350
54490,UGT2B28,Q9BY64
7093,TLL2,Q9Y6L7
125476,INO80C,Q6PI98
3988,LIPA,P38571
7103,TSPAN8,P19075
6132,RPL8,P62917
7984,ARHGEF5,Q12774
6372,CXCL6,P80162
286343,LURAP1L,Q8IV03
64342,HS1BP3,Q53T59
91966,EOLA1,Q8TE69
949,SCARB1,Q8WTV0
8027,STAM,Q92783
164237,WFDC13,Q8IUB5
56999,ADAMTS9,Q9P2N4
26499,PLEK2,Q9NYT0
5696,PSMB8,P28062
9319,TRIP13,Q15645
126792,B3GALT6,Q96L58
24147,FJX1,Q86VR8
23526,ARHGAP45,Q92619
150275,CCDC117,Q8IWD4
83855,KLF16,Q9BXK1
55670,PEX26,Q7Z412
3809,KIR2DS4,P43632
140460,ASB7,Q9H672
143884,CWF19L2,Q2TBE0
5055,SERPINB2,P05120
51400,PPME1,Q9Y570
81706,PPP1R14C,Q8TAE6
140880,CST11,Q9H112
151525,WDSUB1,Q8N9V3
54361,WNT4,P56705
54538,ROBO4,Q8WZ75
7051,TGM1,P22735
57338,JPH3,Q8WXH2
5613,PRKX,P51817
665,BNIP3L,O60238
130367,SGPP2,Q8IWX5
7203,CCT3,P49368
57577,CCDC191,Q8NCU4
55704,CCDC88A,Q3V6T2
4953,ODC1,P11926
140733,MACROD2,A1Z1Q3
25932,CLIC4,Q9Y696
9765,ZFYVE16,Q7Z3T8
865,CBFB,Q13951
54826,GIN1,Q9NXP7
84248,FYTTD1,Q96QD9
283349,RASSF3,Q86WH2
10273,STUB1,Q9UNE7
6588,SLN,O00631
259296,TAS2R50,P59544
54943,DNAJC28,Q9NX36
2918,GRM8,O00222
64761,PARP12,Q9H0J9
147949,ZNF583,Q96ND8
26471,NUPR1,O60356
6019,RLN2,P04090
29103,DNAJC15,Q9Y5T4
10400,PEMT,Q9UBM1
133957,CCDC127,Q96BQ5
79685,SAP30L,Q9HAJ7
79612,NAA16,Q6N069
570,BAAT,Q14032
4815,NINJ2,Q9NZG7
9990,SLC12A6,Q9UHW9
23253,ANKRD12,Q6UB98
9370,ADIPOQ,Q15848
84267,C9orf64,Q5T6V5
10795,ZNF268,Q14587
221421,RSPH9,Q9H1X1
571,BACH1,O14867
124,ADH1A,P07327
9531,BAG3,O95817
4904,YBX1,P67809
192669,AGO3,Q9H9G7
10578,GNLY,P22749
9473,THEMIS2,Q5TEJ8
4150,MAZ,P56270
64236,PDLIM2,Q96JY6
54955,C1orf109,Q9NX04
80194,TMEM134,Q9H6X4
23484,LEPROTL1,O95214
158880,USP51,Q70EK9
2060,EPS15,P42566
3751,KCND2,Q9NZV8
342035,GLDN,Q6ZMI3
23436,CELA3B,P08861
8611,PLPP1,O14494
56964,WDR93,Q6P2C0
3704,ITPA,Q9BY32
9344,TAOK2,Q9UL54
143098,MPP7,Q5T2T1
9140,ATG12,O94817
25813,SAMM50,Q9Y512
4860,PNP,P00491
5976,UPF1,Q92900
22904,SBNO2,Q9Y2G9
79077,DCTPP1,Q9H773
123355,LRRC28,Q86X40
84618,NT5C1A,Q9BXI3
2026,ENO2,P09104
50,ACO2,Q99798
128602,C20orf85,Q9H1P6
84868,HAVCR2,Q8TDQ0
1549,CYP2A7,P20853
142940,TRUB1,Q8WWH5
22994,CEP131,Q9UPN4
7576,ZNF28,P17035
113230,MISP3,Q96FF7
352954,CASTOR3,Q8NAP1
50619,DEF6,Q9H4E7
55192,DNAJC17,Q9NVM6
54879,ST7L,Q8TDW4
159963,SLC5A12,Q1EHB4
79918,SETD6,Q8TBK2
284486,THEM5,Q8N1Q8
54069,MIS18A,Q9NYP9
55591,VEZT,Q9HBM0
7280,TUBB2A,Q13885
149643,SPATA45,Q537H7
79444,BIRC7,Q96CA5
25809,TTLL1,O95922
10981,RAB32,Q13637
353140,LCE2C,Q5TA81
79608,RIC3,Q7Z5B4
5264,PHYH,O14832
79698,ZMAT4,Q9H898
10311,VPS26C,O14972
3707,ITPKB,P27987
4074,M6PR,P20645
29086,BABAM1,Q9NWV8
10994,ILVBL,A1L0T0
90864,SPSB3,Q6PJ21
26503,SLC17A5,Q9NRA2
9146,HGS,O14964
92002,CCNQ,Q8N1B3
326340,ZAR1,Q86SH2
339327,ZNF546,Q86UE3
161253,REM2,Q8IYK8
51427,ZNF107,Q9UII5
56131,PCDHB4,Q9Y5E5
91133,L3MBTL4,Q8NA19
124460,SNX20,Q7Z614
388939,PCARE,A6NGG8
51253,MRPL37,Q9BZE1
10973,ASCC3,Q8N3C0
29995,LMCD1,Q9NZU5
140606,SELENOM,Q8WWX9
51265,CDKL3,Q8IVW4
58189,WFDC1,Q9HC57
338321,NLRP9,Q7RTR0
10916,MAGED2,Q9UNF1
158724,FAM47A,Q5JRC9
79089,TMUB2,Q71RG4
6192,RPS4Y1,P22090
84890,ADO,Q96SZ5
79145,CHCHD7,Q9BUK0
9058,SLC13A2,Q13183
7171,TPM4,P67936
150681,OR6B3,Q8NGW1
54482,TRMT13,Q9NUP7
6733,SRPK2,P78362
53342,IL17D,Q8TAD2
2693,GHSR,Q92847
353332,KRTAP12-1,P59990
254170,FBXO33,Q7Z6M2
5868,RAB5A,P20339
337967,KRTAP6-2,Q3LI66
27036,SIGLEC7,Q9Y286
55227,LRRC1,Q9BTT6
10266,RAMP2,O60895
51728,POLR3K,Q9Y2Y1
84898,PLXDC2,Q6UX71
340277,FAM221A,A4D161
9806,SPOCK2,Q92563
6895,TARBP2,Q15633
636,BICD1,Q96G01
84328,LZIC,Q8WZA0
83899,KRTAP9-2,Q9BYQ4
144608,C12orf60,Q5U649
55038,CDCA4,Q9BXL8
6609,SMPD1,P17405
130535,KCTD18,Q6PI47
10296,MAEA,Q7L5Y9
55647,RAB20,Q9NX57
6596,HLTF,Q14527
26272,FBXO4,Q9UKT5
4601,MXI1,P50539
93594,TBC1D31,Q96DN5
10579,TACC2,O95359
10998,SLC27A5,Q9Y2P5
29789,OLA1,Q9NTK5
10263,CDK2AP2,O75956
2619,GAS1,P54826
285335,SLC9C1,Q4G0N8
11016,ATF7,P17544
60528,ELAC2,Q9BQ52
55425,GPALPP1,Q8IXQ4
57593,EBF4,Q9BQW3
5203,PFDN4,Q9NQP4
4194,MDM4,O15151
56920,SEMA3G,Q9NS98
6711,SPTBN1,Q01082
51762,RAB8B,Q92930
56105,PCDHGA11,Q9Y5H2
92014,SLC25A51,Q9H1U9
10768,AHCYL1,O43865
23443,SLC35A3,Q9Y2D2
84329,HVCN1,Q96D96
197407,ZNF48,Q96MX3
7923,HSD17B8,Q92506
963,CD53,P19397
54491,OTULINL,Q9NUU6
2535,FZD2,Q14332
4355,MPP2,Q14168
221074,SLC39A12,Q504Y0
2287,FKBP3,Q00688
55061,SUSD4,Q5VX71
727,C5,P01031
114960,TSGA13,Q96PP4
79776,ZFHX4,Q86UP3
4781,NFIB,O00712
1294,COL7A1,Q02388
84467,FBN3,Q75N90
51594,NBAS,A2RRP1
146433,IL34,Q6ZMJ4
6549,SLC9A2,Q9UBY0
10867,TSPAN9,O75954
326625,MMAB,Q96EY8
221476,PI16,Q6UXB8
2922,GRP,P07492
114879,OSBPL5,Q9H0X9
55803,ADAP2,Q9NPF8
65003,MRPL11,Q9Y3B7
64795,RMND5A,Q9H871
81691,REXO5,Q96IC2
115701,ALPK2,Q86TB3
337963,KRTAP23-1,A1A580
51241,COX16,Q9P0S2
11130,ZWINT,O95229
4998,ORC1,Q13415
51276,ZNF571,Q7Z3V5
92342,METTL18,O95568
3609,ILF3,Q12906
9402,GRAP2,O75791
23075,SWAP70,Q9UH65
151258,SLC38A11,Q08AI6
55082,ARGLU1,Q9NWB6
6100,RP9,Q8TA86
51523,CXXC5,Q7LFL8
220382,FAM181B,A6NEQ2
23168,RTF1,Q92541
55749,CCAR1,Q8IX12
65991,FUNDC2,Q9BWH2
27115,PDE7B,Q9NP56
128866,CHMP4B,Q9H444
2834,PRLHR,P49683
56903,PAPOLB,Q9NRJ5
946,SIGLEC6,O43699
10454,TAB1,Q15750
2781,GNAZ,P19086
9631,NUP155,O75694
23081,KDM4C,Q9H3R0
1116,CHI3L1,P36222
293,SLC25A6,P12236
5710,PSMD4,P55036
3416,IDE,P14735
55652,SLC48A1,Q6P1K1
26013,L3MBTL1,Q9Y468
59349,KLHL12,Q53G59
54212,SNTG1,Q9NSN8
27300,ZNF544,Q6NX49
94081,SFXN1,Q9H9B4
6698,SPRR1A,P35321
319100,TAAR6,Q96RI8
79587,CARS2,Q9HA77
4762,NEUROG1,Q92886
254122,SNX32,Q86XE0
10924,SMPDL3A,Q92484
10974,ADIRF,Q15847
10272355354065,SMIM11A,P58511
11311,VPS45,Q9NRW7
145942,TMCO5A,Q8N6Q1
775,CACNA1C,Q13936
10960,LMAN2,Q12907
56946,EMSY,Q7Z589
84516,DCTN5,Q9BTE1
23181,DIP2A,Q14689
84376,HOOK3,Q86VS8
8825,LIN7A,O14910
339231,ARL16,Q0P5N6
9529,BAG5,Q9UL15
825,CAPN3,P20807
1807,DPYS,Q14117
63920,ZBED8,Q8IZ13
51527,GSKIP,Q9P0R6
199704,ZNF585A,Q6P3V2
3460,IFNGR2,P38484
1326,MAP3K8,P41279
10537,UBD,O15205
220929,ZNF438,Q7Z4V0
421,ARVCF,O00192
56265,CPXM1,Q96SM3
23400,ATP13A2,Q9NQ11
7290,HIRA,P54198
254887,ZDHHC23,Q8IYP9
136306,SVOPL,Q8N434
347741,OTOP3,Q7RTS5
23528,ZNF281,Q9Y2X9
10125,RASGRP1,O95267
165721,DNAJB8,Q8NHS0
23140,ZZEF1,O43149
3075,CFH,P08603
57715,SEMA4G,Q9NTN9
342926,ZNF677,Q86XU0
8871,SYNJ2,O15056
57109,REXO4,Q9GZR2
3596,IL13,P35225
134145,ATPSCKMT,Q6P4H8
84749,USP30,Q70CQ3
5447,POR,P16435
340168,DPPA5,A6NC42
57695,USP37,Q86T82
63894,VIPAS39,Q9H9C1
26984,SEC22A,Q96IW7
9895,TECPR2,O15040
10985,GCN1,Q92616
6760,SS18,Q15532
254050,LRRC43,Q8N309
84288,EFCAB2,Q5VUJ9
80198,MUS81,Q96NY9
5272,SERPINB9,P50453
219749,ZNF25,P17030
51575,ESF1,Q9H501
7008,TEF,Q10587
91748,MIDEAS,Q6PJG2
8714,ABCC3,O15438
81035,COLEC12,Q5KU26
79929,MAP6D1,Q9H9H5
3622,ING2,Q9H160
147929,ZNF565,Q8N9K5
29920,PYCR2,Q96C36
401124,DTHD1,Q6ZMT9
549,AUH,Q13825
165324,UBXN2A,P68543
116448,OLIG1,Q8TAK6
56922,MCCC1,Q96RQ3
201725,C4orf46,Q504U0
51430,SUCO,Q9UBS9
4909,NTF4,P34130
9730,DCAF1,Q9Y4B6
9465,AKAP7,O43687
9465,AKAP7,Q9P0M2
886,CCKAR,P32238
124056,NOXO1,Q8NFA2
3587,IL10RA,Q13651
4694,NDUFA1,O15239
4147,MATN2,O00339
7318,UBA7,P41226
79142,PHF23,Q9BUL5
7766,ZNF223,Q9UK11
9124,PDLIM1,O00151
2487,FRZB,Q92765
205147,AMER3,Q8N944
4105,MAGEA6,P43360
27185,DISC1,Q9NRI5
5106,PCK2,Q16822
5315,PKM,P14618
7739,ZNF185,O15231
55612,FERMT1,Q9BQL6
205,AK4,P27144
92675,DTD1,Q8TEA8
23397,NCAPH,Q15003
63877,FAM204A,Q9H8W3
115708,TRMT61A,Q96FX7
144321,GLIPR1L2,Q4G1C9
5522,PPP2R2C,Q9Y2T4
1728,NQO1,P15559
51337,THEM6,Q8WUY1
138882,OR1N2,Q8NGR9
84962,AJUBA,Q96IF1
50717,DCAF8,Q5TAQ9
79165,LENG1,Q96BZ8
84908,FAM136A,Q96C01
79827,CLMP,Q9H6B4
11092,SPACA9,Q96E40
29886,SNX8,Q9Y5X2
112609,MRAP2,Q96G30
51280,GOLM1,Q8NBJ4
79699,ZYG11B,Q9C0D3
115761,ARL11,Q969Q4
84889,SLC7A3,Q8WY07
50649,ARHGEF4,Q9NR80
143684,FAM76B,Q5HYJ3
55920,RCC2,Q9P258
84720,PIGO,Q8TEQ8
2595,GANC,Q8TET4
93,ACVR2B,Q13705
1644,DDC,P20711
23530,NNT,Q13423
117583,PARD3B,Q8TEW8
79758,DHRS12,A0PJE2
6829,SUPT5H,O00267
54739,XAF1,Q6GPH4
157567,ANKRD46,Q86W74
57495,NWD2,Q9ULI1
134359,POC5,Q8NA72
79949,PLEKHS1,Q5SXH7
285141,ERICH2,A1L162
152137,CCDC50,Q8IVM0
221184,CPNE2,Q96FN4
6572,SLC18A3,Q16572
154796,AMOT,Q4VCS5
3983,ABLIM1,O14639
10776,ARPP19,P56211
5547,PRCP,P42785
55857,KIZ,Q2M2Z5
1161,ERCC8,Q13216
4435,CITED1,Q99966
23504,RIMBP2,O15034
9601,PDIA4,P13667
83482,SCRT1,Q9BWW7
55773,TBC1D23,Q9NUY8
1039,CDR2,Q01850
285331,CCDC66,A2RUB6
7484,WNT9B,O14905
83543,AIF1L,Q9BQI0
146562,C16orf71,Q8IYS4
5660,PSAP,P07602
149111,CNIH3,Q8TBE1
84246,MED10,Q9BTT4
63904,DUSP21,Q9H596
27342,RABGEF1,Q9UJ41
79009,DDX50,Q9BQ39
10342,TFG,Q92734
222967,RSPH10B,P0C881
25885,POLR1A,O95602
6891,TAP2,Q03519
1657,DMXL1,Q9Y485
1379,CR1L,Q2VPA4
51363,CHST15,Q7LFX5
84457,PHYHIPL,Q96FC7
9798,IST1,P53990
27286,SRPX2,O60687
24145,PANX1,Q96RD7
3145,HMBS,P08397
64132,XYLT2,Q9H1B5
58504,ARHGAP22,Q7Z5H3
25904,CNOT10,Q9H9A5
6322,SCML1,Q9UN30
84679,SLC9A7,Q96T83
137902,PXDNL,A1KZ92
158584,FAAH2,Q6GMR7
64127,NOD2,Q9HC29
6996,TDG,Q13569
8120,AP3B2,Q13367
84085,FBXO30,Q8TB52
146456,TMED6,Q8WW62
271,AMPD2,Q01433
25949,SYF2,O95926
2021,ENDOG,Q14249
60495,HPSE2,Q8WWQ2
54836,BSPRY,Q5W0U4
4752,NEK3,P51956
1473,CST5,P28325
23595,ORC3,Q9UBD5
282969,FUOM,A2VDF0
55374,TMCO6,Q96DC7
4324,MMP15,P51511
826,CAPNS1,P04632
391,RHOG,P84095
91543,RSAD2,Q8WXG1
50861,STMN3,Q9NZ72
83758,RBP5,P82980
10308,ZNF267,Q14586
7436,VLDLR,P98155
79025,FNDC11,Q9BVV2
3241,HPCAL1,P37235
7803,PTP4A1,Q93096
6635,SNRPE,P62304
257194,NEGR1,Q7Z3B1
283471,TMPRSS12,Q86WS5
6277,S100A6,P06703
347527,ARSH,Q5FYA8
170692,ADAMTS18,Q8TE60
4076,CAPRIN1,Q14444
4775,NFATC3,Q12968
4851,NOTCH1,P46531
10110,SGK2,Q9HBY8
2669,GEM,P55040
1821,DRP2,Q13474
8721,EDF1,O60869
116092,DNTTIP1,Q9H147
5433,POLR2D,O15514
9156,EXO1,Q9UQ84
117283,IP6K3,Q96PC2
10004,NAALADL1,Q9UQQ1
2213,FCGR2B,P31994
120939,TMEM52B,Q4KMG9
5194,PEX13,Q92968
4829,NMBR,P28336
3925,STMN1,P16949
6884,TAF13,Q15543
53349,ZFYVE1,Q9HBF4
9047,SH2D2A,Q9NP31
148738,HJV,Q6ZVN8
26052,DNM3,Q9UQ16
10224,ZNF443,Q9Y2A4
9972,NUP153,P49790
7851,MALL,Q13021
50487,PLA2G3,Q9NZ20
8187,ZNF239,Q16600
8491,MAP4K3,Q8IVH8
284001,CCDC57,Q2TAC2
54913,RPP25,Q9BUL9
55131,RBM28,Q9NW13
138151,NACC2,Q96BF6
9567,GTPBP1,O00178
2170,FABP3,P05413
1938,EEF2,P13639
55144,LRRC8D,Q7L1W4
23329,TBC1D30,Q9Y2I9
59284,CACNG7,P62955
28957,MRPS28,Q9Y2Q9
9851,KIAA0753,Q2KHM9
1523,CUX1,P39880
1523,CUX1,Q13948
79712,GTDC1,Q4AE62
389136,VGLL3,A8MV65
27043,PELP1,Q8IZL8
126789,PUSL1,Q8N0Z8
221409,SPATS1,Q496A3
10335,MRVI1,Q9Y6F6
132158,GLYCTK,Q8IVS8
8651,SOCS1,O15524
23016,EXOSC7,Q15024
123904,NRN1L,Q496H8
284358,MAMSTR,Q6ZN01
126859,AXDND1,Q5T1B0
8553,BHLHE40,O14503
10785,WDR4,P57081
8334,H2AC6,Q93077
79689,STEAP4,Q687X5
80724,ACAD10,Q6JQN1
57591,MRTFA,Q969V6
3156,HMGCR,P04035
30833,NT5C,Q8TCD5
28978,TMEM14A,Q9Y6G1
6443,SGCB,Q16585
79696,ZC2HC1C,Q53FD0
389558,FAM180A,Q6UWF9
51479,ANKFY1,Q9P2R3
147657,ZNF480,Q8WV37
196463,PLBD2,Q8NHP8
29126,CD274,Q9NZQ7
9455,HOMER2,Q9NSB8
2780,GNAT2,P19087
10020,GNE,Q9Y223
4122,MAN2A2,P49641
5687,PSMA6,P60900
2938,GSTA1,P08263
375,ARF1,P84077
10368,CACNG3,O60359
11319,ECD,O95905
100130086100506000,HSFX1; HSFX2,Q9UBD0
26277,TINF2,Q9BSI4
339398,LINGO4,Q6UY18
6843,VAMP1,P23763
3032,HADHB,P55084
84947,SERAC1,Q96JX3
92211,CDHR1,Q96JP9
5511,PPP1R8,Q12972
389840,MAP3K15,Q6ZN16
861,RUNX1,Q01196
285800,PRR18,Q8N4B5
4494,MT1F,P04733
25839,COG4,Q9H9E3
127700,OSCP1,Q8WVF1
170482,CLEC4C,Q8WTT0
29121,CLEC2D,Q9UHP7
55135,WRAP53,Q9BUR4
11073,TOPBP1,Q92547
5289,PIK3C3,Q8NEB9
81572,PDRG1,Q9NUG6
334,APLP2,Q06481
84303,CHCHD6,Q9BRQ6
26476,OR10J1,P30954
1901,S1PR1,P21453
146540,ZNF785,A8K8V0
5091,PC,P11498
7353,UFD1,Q92890
153241,CEP120,Q8N960
10966,RAB40B,Q12829
26750,RPS6KC1,Q96S38
11021,RAB35,Q15286
1837,DTNA,Q9Y4J8
10054,UBA2,Q9UBT2
1073,CFL2,Q9Y281
1337,COX6A1,P12074
6857,SYT1,P21579
84645,C22orf23,Q9BZE7
10651,MTX2,O75431
7976,FZD3,Q9NPG1
6548,SLC9A1,P19634
161779,PGBD4,Q96DM1
89858,SIGLEC12,Q96PQ1
29068,ZBTB44,Q8NCP5
55589,BMP2K,Q9NSY1
8456,FOXN1,O15353
9437,NCR1,O76036
26152,ZNF337,Q9Y3M9
323,APBB2,Q92870
80896,NPL,Q9BXD5
55650,PIGV,Q9NUD9
115727,RASGRP4,Q8TDF6
8074,FGF23,Q9GZV9
6385,SDC4,P31431
8515,ITGA10,O75578
516,ATP5MC1,P05496
7399,USH2A,O75445
3061,HCRTR1,O43613
390,RND3,P61587
159296,NKX2-3,Q8TAU0
140738,TMEM37,Q8WXS4
161,AP2A2,O94973
27086,FOXP1,Q9H334
51227,PIGP,P57054
79707,NOL9,Q5SY16
57095,PITHD1,Q9GZP4
6345,SRL,Q86TD4
5500,PPP1CB,P62140
118426,BORCS5,Q969J3
1135,CHRNA2,Q15822
6692,SPINT1,O43278
51084,CRYL1,Q9Y2S2
3910,LAMA4,Q16363
1668,DEFA3,P59666
10682,EBP,Q15125
54360,CYTL1,Q9NRR1
51295,ECSIT,Q9BQ95
10953,TOMM34,Q15785
6793,STK10,O94804
56915,EXOSC5,Q9NQT4
9247,GCM2,O75603
6576,SLC25A1,P53007
29984,RHOD,O00212
54443,ANLN,Q9NQW6
29990,PILRB,Q9UKJ0
134957,STXBP5,Q5T5C0
133619,PRRC1,Q96M27
55188,RIC8B,Q9NVN3
10082,GPC6,Q9Y625
4154,MBNL1,Q9NR56
8638,OASL,Q15646
140469,MYO3B,Q8WXR4
83259,PCDH11Y,Q9BZA8
3703,STT3A,P46977
55055,ZWILCH,Q9H900
374864,CCDC178,Q5BJE1
55120,FANCL,Q9NW38
4607,MYBPC3,Q14896
252969,NEIL2,Q969S2
79652,TMEM204,Q9BSN7
1995,ELAVL3,Q14576
375484,SIMC1,Q8NDZ2
199786,NIBAN3,Q86XR2
123016,TTC8,Q8TAM2
7936,NELFE,P18615
9274,BCL7C,Q8WUZ0
30968,STOML2,Q9UJZ1
4240,MFGE8,Q08431
389289,ANXA2R,Q3ZCQ2
10168,ZNF197,O14709
8795,TNFRSF10B,O14763
118611,C10orf90,Q96M02
6670,SP3,Q02447
26267,FBXO10,Q9UK96
154664,ABCA13,Q86UQ4
54934,KANSL2,Q9H9L4
55035,NOL8,Q76FK4
161725,OTUD7A,Q8TE49
2872,MKNK2,Q9HBH9
3363,HTR7,P34969
9564,BCAR1,P56945
80303,EFHD1,Q9BUP0
127281,PRXL2B,Q8TBF2
27107,ZBTB11,O95625
27433,TOR2A,Q5JU69
27433,TOR2A,Q8N2E6
6585,SLIT1,O75093
10516,FBLN5,Q9UBX5
11019,LIAS,O43766
130814,SLC66A3,Q8N755
8671,SLC4A4,Q9Y6R1
5121,PCP4,P48539
8050,PDHX,O00330
9412,MED21,Q13503
3556,IL1RAP,Q9NPH3
55504,TNFRSF19,Q9NS68
6123,RPL3L,Q92901
1493,CTLA4,P16410
57332,CBX8,Q9HC52
56978,PRDM8,Q9NQV8
79631,EFL1,Q7Z2Z2
147920,IGFL2,Q6UWQ7
5169,ENPP3,O14638
6049,RNF6,Q9Y252
84366,PRAC1,Q96KF2
26137,ZBTB20,Q9HC78
2203,FBP1,P09467
8440,NCK2,O43639
29893,PSMC3IP,Q9P2W1
83930,STARD3NL,O95772
55813,UTP6,Q9NYH9
10922,FASTK,Q14296
55769,ZNF83,P51522
26235,FBXL4,Q9UKA2
4097,MAFG,O15525
57107,PDSS2,Q86YH6
56181,MTFR1L,Q9H019
59271,EVA1C,P58658
381,ARF5,P84085
55891,LENEP,Q9Y5L5
7559,ZNF12,P17014
118429,ANTXR2,P58335
55695,NSUN5,Q96P11
433,ASGR2,P07307
608,TNFRSF17,Q02223
10811,NOXA1,Q86UR1
595,CCND1,P24385
65983,GRAMD2B,Q96HH9
89780,WNT3A,P56704
8386,OR1D5,P58170
132724,TMPRSS11B,Q86T26
5830,PEX5,P50542
11116,FGFR1OP,O95684
2073,ERCC5,P28715
134288,TMEM174,Q8WUU8
389124,IQCF5,A8MTL0
10325,RRAGB,Q5VZM2
130574,LYPD6,Q86Y78
10477,UBE2E3,Q969T4
4852,NPY,P01303
22854,NTNG1,Q9Y2I2
5119,CHMP1A,Q9HD42
113763,ZBED6CL,Q96FA7
29896,TRA2A,Q13595
1271,CNTFR,P26992
163050,ZNF564,Q8TBZ8
54187,NANS,Q9NR45
54896,SLC66A1,Q6ZP29
23099,ZBTB43,O43298
201798,TIGD4,Q8IY51
79898,ZNF613,Q6PF04
2537,IFI6,P09912
27349,MCAT,Q8IVS2
57549,IGSF9,Q9P2J2
83478,ARHGAP24,Q8N264
8174,MADCAM1,Q13477
57497,LRFN2,Q9ULH4
5627,PROS1,P07225
11167,FSTL1,Q12841
9592,IER2,Q9BTL4
3597,IL13RA1,P78552
4809,SNU13,P55769
80333,KCNIP4,Q6PIL6
9924,PAN2,Q504Q3
26496,OR10A3,P58181
292,SLC25A5,P05141
763,CA5A,P35218
55034,MOCOS,Q96EN8
29842,TFCP2L1,Q9NZI6
9577,BABAM2,Q9NXR7
27090,ST6GALNAC4,Q9H4F1
9619,ABCG1,P45844
6903,TBCC,Q15814
90203,SNX21,Q969T3
6036,RNASE2,P10153
54876,DCAF16,Q9NXF7
64077,LHPP,Q9H008
4644,MYO5A,Q9Y4I1
517,ATP5MC2,Q06055
85451,UNK,Q9C0B0
90806,ANGEL2,Q5VTE6
11232,POLG2,Q9UHN1
145773,FAM81A,Q8TBF8
10043,TOM1,O60784
8662,EIF3B,P55884
4784,NFIX,Q14938
80071,CCDC15,Q0P6D6
84632,AFAP1L2,Q8N4X5
284013,VMO1,Q7Z5L0
8836,GGH,Q92820
534,ATP6V1G2,O95670
84100,ARL6,Q9H0F7
51274,KLF3,P57682
10992,SF3B2,Q13435
135927,LLCFC1,Q96L11
51171,HSD17B14,Q9BPX1
79595,SAP130,Q9H0E3
50604,IL20,Q9NYY1
149428,BNIPL,Q7Z465
1558,CYP2C8,P10632
51696,HECA,Q9UBI9
5768,QSOX1,O00391
5978,REST,Q13127
1280,COL2A1,P02458
8992,ATP6V0E1,O15342
51619,UBE2D4,Q9Y2X8
120114,FAT3,Q8TDW7
374286,CDRT1,O95170
10003,NAALAD2,Q9Y3Q0
56521,DNAJC12,Q9UKB3
513,ATP5F1D,P30049
137209,ZNF572,Q7Z3I7
26716,OR2H1,Q9GZK4
5965,RECQL,P46063
23326,USP22,Q9UPT9
54625,PARP14,Q460N5
79798,ARMC5,Q96C12
4707,NDUFB1,O75438
26025,PCDHGA12,O60330
58527,ABRACL,Q9P1F3
5334,PLCL1,Q15111
55039,TRMT12,Q53H54
6666,SOX12,O15370
196513,DCP1B,Q8IZD4
54749,EPDR1,Q9UM22
10507,SEMA4D,Q92854
9681,DEPDC5,O75140
130271,PLEKHH2,Q8IVE3
83992,CTTNBP2,Q8WZ74
6821,SUOX,P51687
16,AARS1,P49588
3702,ITK,Q08881
64151,NCAPG,Q9BPX3
9588,PRDX6,P30041
27075,TSPAN13,O95857
4794,NFKBIE,O00221
523,ATP6V1A,P38606
390081,OR52E4,Q8NGH9
91522,COL23A1,Q86Y22
9725,TMEM63A,O94886
1488,CTBP2,P56545
55869,HDAC8,Q9BY41
79648,MCPH1,Q8NEM0
55159,RFWD3,Q6PCD5
79981,FRMD1,Q8N878
2040,STOM,P27105
3853,KRT6A,P02538
8301,PICALM,Q13492
57630,SH3RF1,Q7Z6J0
8190,MIA,Q16674
10379,IRF9,Q00978
338328,GPIHBP1,Q8IV16
9055,PRC1,O43663
7673,ZNF222,Q9UK12
27032,ATP2C1,P98194
55219,MACO1,Q8N5G2
9333,TGM5,O43548
57403,RAB22A,Q9UL26
79148,MMP28,Q9H239
286205,SCAI,Q8N9R8
6101,RP1,P56715
23644,EDC4,Q6P2E9
768,CA9,Q16790
151742,PPM1L,Q5SGD2
5702,PSMC3,P17980
6879,TAF7,Q15545
79075,DSCC1,Q9BVC3
2012,EMP1,P54849
337974,KRTAP19-7,Q3SYF9
391195,OR2T33,Q8NG76
3833,KIFC1,Q9BW19
377677,CA13,Q8N1Q1
55345,ZGRF1,Q86YA3
26584,DUX1,O43812
2658126584,DUX5,Q96PT3
29798,C2orf27A,P0DPF5
55693,KDM4D,Q6B0I6
55051,NRDE2,Q9H7Z3
7574,ZNF26,P17031
57595,PDZD4,Q76G19
115019,SLC26A9,Q7LBE3
128637,TBC1D20,Q96BZ9
116984,ARAP2,Q8WZ64
114904,C1QTNF6,Q9BXI9
55363,HEMGN,Q9BXL5
55906,ZC4H2,Q9NQZ6
6098,ROS1,P08922
6092,ROBO2,Q9HCK4
55206,SBNO1,A3KN83
9215,LARGE1,O95461
1871,E2F3,O00716
13,AADAC,P22760
81542,TMX1,Q9H3N1
64919,BCL11B,Q9C0K0
80162,PGGHG,Q32M88
2013,EMP2,P54851
29775,CARD10,Q9BWT7
23556,PIGN,O95427
266629,SEC14L3,Q9UDX4
4340,MOG,Q16653
4922,NTS,P30990
3938,LCT,P09848
64689,GORASP1,Q9BQQ3
23532,PRAME,P78395
9087,TMSB4Y,O14604
10362,HMG20B,Q9P0W2
55117,SLC6A15,Q9H2J7
55975,KLHL7,Q8IXQ5
7534,YWHAZ,P63104
83999,KREMEN1,Q96MU8
91603,ZNF830,Q96NB3
3920,LAMP2,P13473
1345,COX6C,P09669
30816,ERVW-1,Q9UQF0
23095,KIF1B,O60333
54931,TRMT10C,Q7L0Y3
7073,TIAL1,Q01085
54505,DHX29,Q7Z478
170626,XAGE3,Q8WTP9
79647,AKIRIN1,Q9H9L7
1527,TEX28; TEX28P1; TEX28P2,O15482
9468,PCYT1B,Q9Y5K3
9584,RBM39,Q14498
586,BCAT1,P54687
51434,ANAPC7,Q9UJX3
639,PRDM1,O75626
79805,VASH2,Q86V25
30832,ZNF354C,Q86Y25
151188,ARL6IP6,Q8N6S5
84708,LNX1,Q8TBB1
26245,OR2M4,Q96R27
6697,SPR,P35270
2055,CLN8,Q9UBY8
160762,CCDC63,Q8NA47
79850,TLCD3A,Q8TBR7
23768,FLRT2,O43155
9317,PTER,Q96BW5
9423,NTN1,O95631
4817,NIT1,Q86X76
10871,CD300C,Q08708
55249,YY1AP1,Q9H869
23012,STK38L,Q9Y2H1
26118,WSB1,Q9Y6I7
169714,QSOX2,Q6ZRP7
10969,EBNA1BP2,Q99848
4915,NTRK2,Q16620
120065,OR5P2,Q8WZ92
55856,ACOT13,Q9NPJ3
58510,PRODH2,Q9UF12
23593,HEBP2,Q9Y5Z4
219938,SPATA19,Q7Z5L4
178,AGL,P35573
72823981557,MAGED4; MAGED4B,Q96JG8
4208,MEF2C,Q06413
2581,GALC,P54803
,ATP7B,P35670
161582,DNAAF4,Q8WXU2
83732,RIOK1,Q9BRS2
5481,PPID,Q08752
30835,CD209,Q9NNX6
28964,GIT1,Q9Y2X7
6388,SDF2,Q99470
5345,SERPINF2,P08697
9685,CLINT1,Q14677
22954,TRIM32,Q13049
22974,TPX2,Q9ULW0
55063,ZCWPW1,Q9H0M4
4976,OPA1,O60313
2857,GPR34,Q9UPC5
7378,UPP1,Q16831
6888,TALDO1,P37837
4907,NT5E,P21589
22839,DLGAP4,Q9Y2H0
6041,RNASEL,Q05823
7920,ABHD16A,O95870
2625,GATA3,P23771
131118,DNAJC19,Q96DA6
9399,STOML1,Q9UBI4
3720,JARID2,Q92833
1983,EIF5,P55010
132660,LIN54,Q6MZP7
283461,C12orf40,Q86WS4
9641,IKBKE,Q14164
154,ADRB2,P07550
144348,ZNF664,Q8N3J9
150962,PUS10,Q3MIT2
23187,PHLDB1,Q86UU1
7343,UBTF,P17480
90407,TMEM41A,Q96HV5
5947,RBP1,P09455
5311,PKD2,Q13563
2547,XRCC6,P12956
2205,FCER1A,P12319
6861,SYT5,O00445
282618,IFNL1,Q8IU54
56891,LGALS14,Q8TCE9
10272,FSTL3,O95633
5507,PPP1R3C,Q9UQK1
55014,STX17,P56962
4543,MTNR1A,P48039
23480,SEC61G,P60059
201299,RDM1,Q8NG50
112802,KRT71,Q3SY84
8510,MMP23B,O75900
1209,CLPTM1,O96005
147007,TMEM199,Q8N511
5970,RELA,Q04206
9448,MAP4K4,O95819
25864,ABHD14A,Q9BUJ0
89857,KLHL6,Q8WZ60
84928,TMEM209,Q96SK2
127665,ZNF648,Q5T619
51473,DCDC2,Q9UHG0
58530,LY6G6D,O95868
55633,TBC1D22B,Q9NU19
7699,ZNF140,P52738
219402,MTIF3,Q9H2K0
219995,MS4A15,Q8N5U1
84926,SPRYD3,Q8NCJ5
7849,PAX8,Q06710
55796,MBNL3,Q9NUK0
144108,SPTY2D1,Q68D10
9446,GSTO1,P78417
5352,PLOD2,O00469
7444,VRK2,Q86Y07
63036,CELA2A,P08217
9162,DGKI,O75912
26707,OR2J2,O76002
3081,HGD,Q93099
79643,CHMP6,Q96FZ7
1992,SERPINB1,P30740
643,CXCR5,P32302
793,CALB1,P05937
23534,TNPO3,Q9Y5L0
8731,RNMT,O43148
8685,MARCO,Q9UEW3
9013,TAF1C,Q15572
144453,BEST3,Q8N1M1
81603,TRIM8,Q9BZR9
22844,FRMPD1,Q5SYB0
64949,MRPS26,Q9BYN8
4192,MDK,P21741
9646,CTR9,Q6PD62
55195,CCDC198,Q9NVL8
10083,USH1C,Q9Y6N9
1392,CRH,P06850
134430,WDR36,Q8NI36
10328,EMC8,O43402
57665,RDH14,Q9HBH5
83593,RASSF5,Q8WWW0
8288,EPX,P11678
9885,OSBPL2,Q9H1P3
285555,STPG2,Q8N412
5145,PDE6A,P16499
6519,SLC3A1,Q07837
9956,HS3ST2,Q9Y278
81554,RCC1L,Q96I51
138804,OR13C4,Q8NGS5
863,CBFA2T3,O75081
9892,SNAP91,O60641
79783,SUGCT,Q9HAC7
5918,RARRES1,P49788
8739,HRK,O00198
124641,OVCA2,Q8WZ82
84109,QRFPR,Q96P65
121793,TEX29,Q8N6K0
128077,LIX1L,Q8IVB5
148823,GCSAML,Q5JQS6
27250,PDCD4,Q53EL6
25953,PNKD,Q8N490
6307,MSMO1,Q15800
84305,PYM1,Q9BRP8
5331,PLCB3,Q01970
79629,OCEL1,Q9H607
11017,SNRNP27,Q8WVK2
22933,SIRT2,Q8IXJ6
92235,DUSP27,Q5VZP5
2815,GP9,P14770
3037,HAS2,Q92819
162394,SLFN5,Q08AF3
23272,TASOR,Q9UK61
1088,CEACAM8,P31997
6448,SGSH,P51688
942,CD86,P42081
4351,MPI,P34949
4820,NKTR,P30414
54963,UCKL1,Q9NWZ5
6940,ZNF354A,O60765
3750,KCND1,Q9NSA2
6014,RIT2,Q99578
3822,KLRC2,P26717
90268,OTULIN,Q96BN8
9553,MRPL33,O75394
1665,DHX15,O43143
114882,OSBPL8,Q9BZF1
3399,ID3,Q02535
151648,SGO1,Q5FBB7
91369,ANKRD40,Q6AI12
161829,EXD1,Q8NHP7
9939,RBM8A,Q9Y5S9
57478,USP31,Q70CQ4
6900,CNTN2,Q02246
1755,DMBT1,Q9UGM3
5874,RAB27B,O00194
84872,ZC3H10,Q96K80
54894,RNF43,Q68DV7
27131,SNX5,Q9Y5X3
151651,EFHB,Q8N7U6
155,ADRB3,P13945
8416,ANXA9,O76027
79684,MSANTD2,Q6P1R3
7329,UBE2I,P63279
55355,HJURP,Q8NCD3
1539,CYLC2,Q14093
29062,WDR91,A4D1P6
1272,CNTN1,Q12860
54531,MIER2,Q8N344
26043,UBXN7,O94888
79833,GEMIN6,Q8WXD5
10551,AGR2,O95994
154467,CCDC167,Q9P0B6
256957,HEATR9,A2RTY3
7288,TULP2,O00295
85236,H2BC12,O60814
9751,SNPH,O15079
9094,UNC119,Q13432
93408,MYL10,Q9BUA6
55668,GPATCH2L,Q9NWQ4
11083,DIDO1,Q9BTC0
79018,GID4,Q8IVV7
22911,WDR47,O94967
30001,ERO1A,Q96HE7
199675,MCEMP1,Q8IX19
2647,BLOC1S1,P78537
79602,ADIPOR2,Q86V24
10528,NOP56,O00567
23428,SLC7A8,Q9UHI5
4071,TM4SF1,P30408
64764,CREB3L2,Q70SY1
401546,C9orf152,Q5JTZ5
54811,ZNF562,Q6V9R5
79669,TTMP,Q5BVD1
10221,TRIB1,Q96RU8
7010,TEK,Q02763
114788,CSMD3,Q7Z407
5226,PGD,P52209
343930,MSGN1,A6NI15
8834,TMEM11,P17152
51128,SAR1B,Q9Y6B6
219960,OR10Q1,Q8NGQ4
89781,HPS4,Q9NQG7
4738,NEDD8,Q15843
29057727866,FAM156A; FAM156B,Q8NDB6
5281,PIGF,Q07326
374403,TBC1D10C,Q8IV04
56146,PCDHA2,Q9Y5H9
225,ABCD2,Q9UBJ2
51224,ELOA2,Q8IYF1
10235,RASGRP2,Q7LDG7
548645552891,DNAJC25,Q9H1X3
55775,TDP1,Q9NUW8
81790,RNF170,Q96K19
6497,SKI,P12755
29081,METTL5,Q9NRN9
116150,NUS1,Q96E22
375444,C5orf34,Q96MH7
3248,HPGD,P15428
81575,APOLD1,Q96LR9
374659,HDDC3,Q8N4P3
3434,IFIT1,P09914
389813,AJM1,C9J069
90167,FRMD7,Q6ZUT3
57335,ZNF286A,Q9HBT8
283093,OR4C12,Q96R67
5372,PMM1,Q92871
112770,GLMP,Q8WWB7
374973,TEX38,Q6PEX7
5375,PMP2,P02689
120146,TRIM64,A6NGJ6
6447,SCG5,P05408
9638,FEZ1,Q99689
10539,GLRX3,O76003
83444,INO80B,Q9C086
64063,PRSS22,Q9GZN4
4719,NDUFS1,P28331
70,ACTC1,P68032
4001,LMNB1,P20700
51082,POLR1D,P0DPB5
51082,POLR1D,P0DPB6
6882,TAF11,Q15544
376497,SLC27A1,Q6PCB7
23098,SARM1,Q6SZW1
585,BBS4,Q96RK4
85013,TMEM128,Q5BJH2
120793,OR56A4,Q8NGH8
9772,TMEM94,Q12767
6414,SELENOP,P49908
51714,SELENOT,P62341
6568,SLC17A1,Q14916
6428,SRSF3,P84103
91607,SLFN11,Q7Z7L1
132989,C4orf36,Q96KX1
54814,QPCTL,Q9NXS2
23258,DENND5A,Q6IQ26
4774,NFIA,Q12857
140901,STK35,Q8TDR2
58488,PCTP,Q9UKL6
257364,SNX33,Q8WV41
130617,ZFAND2B,Q8WV99
23240,TMEM131L,A2VDJ0
55786,ZNF415,Q09FC8
57181,SLC39A10,Q9ULF5
3795,KHK,P50053
7535,ZAP70,P43403
8660,IRS2,Q9Y4H2
374946,DRAXIN,Q8NBI3
2172,FABP6,P51161
9993,DGCR2,P98153
112885,PHF21B,Q96EK2
79135,APOO,Q9BUR5
401548,SNX30,Q5VWJ9
114885,OSBPL11,Q9BXB4
29911,HOOK2,Q96ED9
153396,TMEM161B,Q8NDZ6
81031,SLC2A10,O95528
51192,CKLF,Q9UBR5
23286,WWC1,Q8IX03
463,ZFHX3,Q15911
463,C16orf47,Q6ZP98
3249,HPN,P05981
27106,ARRDC2,Q8TBH0
55762,ZNF701,Q9NV72
10686,CLDN16,Q9Y5I7
78989,COLEC11,Q9BWP8
2848,GPR25,O00155
9920,KBTBD11,O94819
9064,MAP3K6,O95382
9706,ULK2,Q8IYT8
9868,TOMM70,O94826
3918,LAMC2,Q13753
5793,PTPRG,P23470
55848,PLGRKT,Q9HBL7
1284,COL4A2,P08572
375791,CYSRT1,A8MQ03
65264,UBE2Z,Q9H832
10588,MTHFS,P49914
152926,PPM1K,Q8N3J5
2230,FDX1,P10109
10716,TBR1,Q16650
139065,SLITRK4,Q8IW52
4619,MYH1,P12882
5588,PRKCQ,Q04759
2272,FHIT,P49789
51175,TUBE1,Q9UJT0
341640,FREM2,Q5SZK8
8394,PIP5K1A,Q99755
7866,IFRD2,Q12894
64423,INF2,Q27J81
1783,DYNC1LI2,O43237
11331,PHB2,Q99623
3875,KRT18,P05783
114907,FBXO32,Q969P5
55810,FOXJ2,Q9P0K8
134492,NUDCD2,Q8WVJ2
80208,SPG11,Q96JI7
1535,CYBA,P13498
10841,FTCD,O95954
147199653486,SCGB1C1,Q8TD33
152110,NEK10,Q6ZWH5
84816,RTN4IP1,Q8WWV3
8801,SUCLG2,Q96I99
8216,LZTR1,Q8N653
8914,TIMELESS,Q9UNS1
92126,DSEL,Q8IZU8
5822,PWP2,Q15269
9318,COPS2,P61201
11240,PADI2,Q9Y2J8
8085,KMT2D,O14686
84142,ABRAXAS1,Q6UWZ7
90523,MLIP,Q5VWP3
5732,PTGER2,P43116
4999,ORC2,Q13416
4487,MSX1,P28360
11213,IRAK3,Q9Y616
65125,WNK1,Q9H4A3
10135,NAMPT,P43490
56172,ANKH,Q9HCJ1
6758,SSX5,O60225
55738,ARFGAP1,Q8N6T3
84282,RNF135,Q8IUD6
9841,ZBTB24,O43167
2566,GABRG2,P18507
22934,RPIA,P49247
319,APOF,Q13790
56132,PCDHB3,Q9Y5E6
23105,FSTL4,Q6MZW2
23294,ANKS1A,Q92625
6855,SYP,P08247
285025,CCDC141,Q6ZP82
116071,BATF2,Q8N1L9
130120,REG3G,Q6UW15
345274,SLC10A6,Q3KNW5
201255,LRRC45,Q96CN5
257313,UTS2B,Q765I0
388960,C2orf78,A6NCI8
10220,GDF11,O95390
3843,IPO5,O00410
10905,MAN1A2,O60476
5330,PLCB2,Q00722
5631,PRPS1,P60891
138050,HGSNAT,Q68CP4
117245,PLAAT5,Q96KN8
2189,FANCG,O15287
4671,NAIP,Q13075
23352,UBR4,Q5T4S7
84950,PRPF38A,Q8NAV1
114805,GALNT13,Q8IUC8
9342,SNAP29,O95721
2562,GABRB3,P28472
51379,CRLF3,Q8IUI8
6392,SDHD,O14521
8318,CDC45,O75419
6507,SLC1A3,P43003
23582,CCNDBP1,O95273
23175,LPIN1,Q14693
6707,SPRR3,Q9UBC9
7057,THBS1,P07996
7064,THOP1,P52888
645,BLVRB,P30043
3208,HPCA,P84074
54802,TRIT1,Q9H3H1
344387,CDKL4,Q5MAI5
390113,OR4X1,Q8NH49
83875,BCO2,Q9BYV7
54474,KRT20,P35900
8522,GAS7,O60861
55532,SLC30A10,Q6XR72
50805,IRX4,P78413
26015,RPAP1,Q9BWH6
9709,HERPUD1,Q15011
127074,OR2T4,Q8NH00
4286,MITF,O75030
318,NUDT2,P50583
51091,SEPSECS,Q9HD40
55613,MTMR8,Q96EF0
23312,DMXL2,Q8TDJ6
83468,GLT8D2,Q9H1C3
84940,CORO6,Q6QEF8
3684,ITGAM,P11215
2527,FUT5,Q11128
25976,TIPARP,Q7Z3E1
55614,KIF16B,Q96L93
3275,PRMT2,P55345
152100,CMC1,Q7Z7K0
9737,GPRASP1,Q5JY77
10455,ECI2,O75521
56910,STARD7,Q9NQZ5
284325,C19orf54,Q5BKX5
10591,DNPH1,O43598
9014,TAF1B,Q53T94
57505,AARS2,Q5JTZ9
92597,MOB1B,Q7L9L4
3109,HLA-DMB,P28068
4841,NONO,Q15233
57161,PELI2,Q9HAT8
1606,DGKA,P23743
64168,NECAB1,Q8N987
10464,PIBF1,Q8WXW3
337973,KRTAP19-6,Q3LI70
256471,MFSD8,Q8NHS3
85320,ABCC11,Q96J66
9534,ZNF254,O75437
116496,NIBAN1,Q9BZQ8
60676,PAPPA2,Q9BXP8
9379,NRXN2,P58401
9379,NRXN2,Q9P2S2
4360,MRC1,P22897
113675,SDSL,Q96GA7
7106,TSPAN4,O14817
2628,GATM,P50440
3118,HLA-DQA2,P01906
79807,GSTCD,Q8NEC7
8772,FADD,Q13158
56906,THAP10,Q9P2Z0
63947728656,DMRTC1; DMRTC1B,Q5HYR2
11283,CYP4F8,P98187
4958,OMD,Q99983
9033,PKD2L1,Q9P0L9
127294,MYOM3,Q5VTT5
377007,KLHL30,Q0D2K2
7369,UMOD,P07911
23335,WDR7,Q9Y4E6
200407,CREG2,Q8IUH2
1633,DCK,P27707
81602,CDADC1,Q9BWV3
168090,C6orf118,Q5T5N4
83604,TMEM47,Q9BQJ4
4897,NRCAM,Q92823
8445,DYRK2,Q92630
80129,CCDC170,Q8IYT3
1978,EIF4EBP1,Q13541
23426,GRIP1,Q9Y3R0
204801,NLRP11,P59045
3710,ITPR3,Q14573
28512,NKIRAS1,Q9NYS0
1063,CENPF,P49454
6439,SFTPB,P07988
26297,SERGEF,Q9UGK8
1534,CYB561,P49447
55577,NAGK,Q9UJ70
203245,NAIF1,Q69YI7
54861,SNRK,Q9NRH2
3018,H2BC3,P33778
3034,HAL,P42357
55967,NDUFA12,Q9UI09
4521,NUDT1,P36639
81502,HM13,Q8TCT9
197131,UBR1,Q8IWV7
84450,ZNF512,Q96ME7
284521,OR2L13,Q8N349
79983,POF1B,Q8WVV4
26095,PTPN20,Q4JDL3
11045,UPK1A,O00322
113419,TEX261,Q6UWH6
25950,RWDD3,Q9Y3V2
65268,WNK2,Q9Y3S1
3823,KLRC3,Q07444
57661,PHRF1,Q9P1Y6
2956,MSH6,P52701
50636,ANO7,Q6IWH7
5549,PRELP,P51888
3430,IFI35,P80217
8547,FCN3,O75636
163732,CITED4,Q96RK1
5832,ALDH18A1,P54886
50836,TAS2R8,Q9NYW2
3158,HMGCS2,P54868
141,ADPRH,P54922
84735,CNDP1,Q96KN2
9887,SMG7,Q92540
337977,KRTAP21-1,Q3LI58
80218,NAA50,Q9GZZ1
6947,TCN1,P20061
22943,DKK1,O94907
283375,SLC39A5,Q6ZMH5
8989,TRPA1,O75762
10007,GNPDA1,P46926
55150,C19orf73,Q9NVV2
9369,NRXN3,Q9HDB5
9369,NRXN3,Q9Y4C0
23531,MMD,Q15546
81576,CCDC130,P13994
56099,PCDHGB7,Q9Y5F8
54932,EXD3,Q8N9H8
152007,GLIPR2,Q9H4G4
79768,KATNBL1,Q9H079
8906,AP1G2,O75843
346689,KLRG2,A4D1S0
6492,SIM1,P81133
79713,IGFLR1,Q9H665
6560,SLC12A4,Q9UP95
151473,SLC16A14,Q7RTX9
64805,P2RY12,Q9H244
26578,OSTF1,Q92882
79829,NAA40,Q86UY6
1444,CSHL1,Q14406
56243,KIAA1217,Q5T5P2
3431,SP110,Q9HB58
154881,KCTD7,Q96MP8
5367,PMCH,P20382
80055,PGAP1,Q75T13
132949,AASDH,Q4L235
57209,ZNF248,Q8NDW4
200014,CC2D1B,Q5T0F9
348327,ZNF530,Q6P9A1
79968,WDR76,Q9H967
5502,PPP1R1A,Q13522
84905,ZNF341,Q9BYN7
219902,TLCD5,Q6ZRR5
27329,ANGPTL3,Q9Y5C1
148581,UBE2U,Q5VVX9
158427,TSTD2,Q5T7W7
2161,F12,P00748
10198,MPHOSPH9,Q99550
1946,EFNA5,P52803
344558,SH3RF3,Q8TEJ3
146434,ZNF597,Q96LX8
10959,TMED2,Q15363
143903,LAYN,Q6UX15
92344,GORAB,Q5T7V8
1453,CSNK1D,P48730
23350,U2SURP,O15042
124961,ZFP3,Q96NJ6
63925,ZNF335,Q9H4Z2
23587,ELP5,Q8TE02
6853,SYN1,P17600
9969,MED13,Q9UHV7
686,BTD,P43251
468,ATF4,P18848
51460,SFMBT1,Q9UHJ3
439,GET3,O43681
3131,HLF,Q16534
338674,OR5F1,O95221
3157,HMGCS1,Q01581
51001,MTERF3,Q96E29
3667,IRS1,P35568
56672,AKIP1,Q9NQ31
3188,HNRNPH2,P55795
156,GRK2,P25098
23203,PMPCA,Q10713
3097,HIVEP2,P31629
200894,ARL13B,Q3SXY8
83896,KRTAP3-1,Q9BYR8
7096,TLR1,Q15399
10107,TRIM10,Q9UDY6
1580,CYP4B1,P13584
29799,YPEL1,O60688
154907,C7orf66,A4D0T2
6093,ROCK1,Q13464
6725,SRMS,Q9H3Y6
475,ATOX1,O00244
146712,B3GNTL1,Q67FW5
4606,MYBPC2,Q14324
4710,NDUFB4,O95168
84654,SPZ1,Q9BXG8
51074,APIP,Q96GX9
23163,GGA3,Q9NZ52
84254,CAMKK1,Q8N5S9
57455,REXO1,Q8N1G1
23275,POFUT2,Q9Y2G5
3068,HDGF,P51858
11252,PACSIN2,Q9UNF0
480,ATP1A4,Q13733
136227,COL26A1,Q96A83
55114,ARHGAP17,Q68EM7
83881,MIXL1,Q9H2W2
7544,ZFY,P08048
115111,SLC26A7,Q8TE54
146664,MGAT5B,Q3V5L5
390980,ZNF805,Q5CZA5
147694,ZNF548,Q8NEK5
10806,SDCCAG8,Q86SQ7
26504,CNNM4,Q6P4Q7
23295,MGRN1,O60291
64109,CRLF2,Q9HC73
51750,RTEL1,Q9NZ71
94030,LRRC4B,Q9NT99
376267,RAB15,P59190
64411,ARAP3,Q8WWN8
93643,TJAP1,Q5JTD0
196074,METTL15,A6NJ78
1393,CRHBP,P24387
11128,POLR3A,O14802
80117,ARL14,Q8N4G2
257415,FAM133B,Q5BKY9
84262,PSMG3,Q9BT73
967,CD63,P08962
93974,ATP5IF1,Q9UII2
7041,TGFB1I1,O43294
9023,CH25H,O95992
1511,CTSG,P08311
54407,SLC38A2,Q96QD8
163049,ZNF791,Q3KP31
116931,MED12L,Q86YW9
123263,MTFMT,Q96DP5
79576,NKAP,Q8N5F7
64858,DCLRE1B,Q9H816
9015,TAF1A,Q15573
30844,EHD4,Q9H223
84925,SLC49A4,Q96SL1
26050,SLITRK5,O94991
57484,RNF150,Q9ULK6
84952,CGNL1,Q0VF96
171568,POLR3H,Q9Y535
9610,RIN1,Q13671
64332,NFKBIZ,Q9BYH8
56106,PCDHGA10,Q9Y5H3
5251,PHEX,P78562
2651,GCNT2,Q8N0V5
23155,CLCC1,Q96S66
81793,TLR10,Q9BXR5
23138,N4BP3,O15049
73075585294,KRTAP2-3,P0C7H8
73075585294,KRTAP2-4,Q9BYR9
54542,RC3H2,Q9HBD1
285966,TCAF2,A6NFQ2
51151,SLC45A2,Q9UMX9
83744,ZNF484,Q5JVG2
342346,C16orf96,A6NNT2
8888,MCM3AP,O60318
56102,PCDHGB3,Q9Y5G1
404037,HAPLN4,Q86UW8
54800,KLHL24,Q6TFL4
353137,LCE1F,Q5T754
51428,DDX41,Q9UJV9
2813,GP2,P55259
22800,RRAS2,P62070
55748,CNDP2,Q96KP4
80142,PTGES2,Q9H7Z7
9474,ATG5,Q9H1Y0
4094,MAF,O75444
4913,NTHL1,P78549
80342,TRAF3IP3,Q9Y228
84684,INSM2,Q96T92
10324,KLHL41,O60662
54532,USP53,Q70EK8
10798,OR5I1,Q13606
84814,PLPP7,Q8NBV4
11072,DUSP14,O95147
27314,RAB30,Q15771
84075,FSCB,Q5H9T9
6628,SNRPB,P14678
51333,ZNF771,Q7L3S4
199713,NLRP7,Q8WX94
5167,ENPP1,P22413
2639,GCDH,Q92947
2318,FLNC,Q14315
83941,TM2D1,Q9BX74
10631,POSTN,Q15063
56242,ZNF253,O75346
283238,SLC22A24,Q8N4F4
1325,CORT,O00230
10418,SPON1,Q9HCB6
64978,MRPL38,Q96DV4
91408,BTF3L4,Q96K17
7627,ZNF75A,Q96N20
147463,ANKRD29,Q8N6D5
220002,CYB561A3,Q8NBI2
116113,FOXP4,Q8IVH2
151835,CPNE9,Q8IYJ1
1672,DEFB1,P60022
6416,MAP2K4,P45985
285180,RUFY4,Q6ZNE9
153201,SLC36A2,Q495M3
57007,ACKR3,P25106
8480,RAE1,P78406
185,AGTR1,P30556
84525,HOPX,Q9BPY8
22906,TRAK1,Q9UPV9
8864,PER2,O15055
8310,ACOX3,O15254
2875,GPT,P24298
3006,H1-2,P16403
153770,PLAC8L1,A1L4L8
9330,GTF3C3,Q9Y5Q9
800,CALD1,Q05682
84249,PSD2,Q9BQI7
54812,AFTPH,Q6ULP2
138716,RPP25L,Q8N5L8
117157,SH2D1B,O14796
3786,KCNQ3,O43525
54662,TBC1D13,Q9NVG8
57820,CCNB1IP1,Q9NPC3
148103,ZNF599,Q96NL3
219988,PATL1,Q86TB9
126272,EID2B,Q96D98
53828,FXYD4,P59646
90459,ERI1,Q8IV48
51163,DBR1,Q9UK59
2762,GMDS,O60547
25914,RTTN,Q86VV8
5606,MAP2K3,P46734
4734,NEDD4,P46934
56918,C2orf83,Q53S99
79762,C1orf115,Q9H7X2
9254,CACNA2D2,Q9NY47
51208,CLDN18,P56856
256815,C10orf67,Q8IYJ2
138715,ARID3C,A6NKF2
9922,IQSEC1,Q6DN90
83889,WDR87,Q6ZQQ6
80146,UXS1,Q8NBZ7
282966,C10orf53,Q8N6V4
6756,SSX1,Q16384
55255,WDR41,Q9HAD4
4599,MX1,P20591
176,ACAN,P16112
201266,SLC39A11,Q8N1S5
990,CDC6,Q99741
9697,TRAM2,Q15035
4773,NFATC2,Q13469
54708,MARCHF5,Q9NX47
3846,KRTAP5-9,P26371
3013,H2AC7,P20671
2696,GIPR,P48546
7512,XPNPEP2,O43895
83544,DNAL1,Q4LDG9
1670,DEFA5,Q01523
5152,PDE9A,O76083
4664,NAB1,Q13506
79932,KIAA0319L,Q8IZA0
11057,ABHD2,P08910
114824,PNMA5,Q96PV4
2571,GAD1,Q99259
5208,PFKFB2,O60825
221692,PHACTR1,Q9C0D0
54768,HYDIN,Q4G0P3
219968,OR5B21,A6NL26
8807,IL18RAP,O95256
3490,IGFBP7,Q16270
4892,NRAP,Q86VF7
10227,MFSD10,Q14728
80315,CPEB4,Q17RY0
10039,PARP3,Q9Y6F1
84062,DTNBP1,Q96EV8
2558,GABRA5,P31644
8091,HMGA2,P52926
10002,NR2E3,Q9Y5X4
64131,XYLT1,Q86Y38
9131,AIFM1,O95831
5229,PGGT1B,P53609
1032,CDKN2D,P55273
29124,LGALS13,Q9UHV8
83860,TAF3,Q5VWG9
1840,DTX1,Q86Y01
92304,SCGB3A1,Q96QR1
3651,PDX1,P52945
10874,NMU,P48645
124565,SLC38A10,Q9HBR0
54916,TMEM260,Q9NX78
8786,RGS11,O94810
5442,POLRMT,O00411
2707,GJB3,O75712
8502,PKP4,Q99569
5884,RAD17,O75943
84539,MCHR2,Q969V1
10001,MED6,O75586
1678,TIMM8A,O60220
201562,HACD2,Q6Y1H2
1030,CDKN2B,P42772
5019,OXCT1,P55809
7482,WNT2B,Q93097
55787,TXLNG,Q9NUQ3
284273,ZADH2,Q8N4Q0
3290,HSD11B1,P28845
1297,COL9A1,P20849
2692,GHRHR,Q02643
84916,UTP4,Q969X6
84331,MCRIP2,Q9BUT9
8439,NSMAF,Q92636
51347,TAOK3,Q9H2K8
23365,ARHGEF12,Q9NZN5
51474,LIMA1,Q9UHB6
55876,GSDMB,Q8TAX9
57664,PLEKHA4,Q9H4M7
2192,FBLN1,P23142
56975,FAM20C,Q8IXL6
9788,MTSS1,O43312
342898,SYCN,Q0VAF6
360200,TMPRSS9,Q7Z410
8618,CADPS,Q9ULU8
64853,AIDA,Q96BJ3
27136,MORC1,Q86VD1
140596503618,DEFB104A; DEFB104B,Q8WTQ1
88,ACTN2,P35609
11227,GALNT5,Q7Z7M9
80201,HKDC1,Q2TB90
83552,MFRP,Q9BY79
3755,KCNG1,Q9UIX4
4978,OPCML,Q14982
23764,MAFF,Q9ULX9
55631,LRRC40,Q9H9A6
51520,LARS1,Q9P2J5
11119,BTN3A1,O00481
84614,ZBTB37,Q5TC79
55002,TMCO3,Q6UWJ1
50939,IMPG2,Q9BZV3
3237,HOXD11,P31277
28988,DBNL,Q9UJU6
10522,DEAF1,O75398
11122,PTPRT,O14522
1173,AP2M1,Q96CW1
285195,SLC9A9,Q8IVB4
54996,MTARC2,Q969Z3
4126,MANBA,O00462
4109,MAGEA10,P43363
474344,GIMAP6,Q6P9H5
65243,ZFP69B,Q9UJL9
7105,TSPAN6,O43657
83660,TLN2,Q9Y4G6
54329,GPR85,P60893
11061,CNMD,O75829
54815,GATAD2A,Q86YP4
54949,SDHAF2,Q9NX18
977,CD151,P48509
199964,TMEM61,Q8N0U2
64219,PJA1,Q8NG27
345778,MTX3,Q5HYI7
121506,ERP27,Q96DN0
5333,PLCD1,P51178
11193,WBP4,O75554
136853,SSC4D,Q8WTU2
353219,KAAG1,Q9UBP8
2047,EPHB1,P54762
79919,MAB21L4,Q08AI8
3990,LIPC,P11150
9708,PCDHGA8,Q9Y5G5
3562,IL3,P08700
1002894621673,DEFB4A; DEFB4B,O15263
5723,PSPH,P78330
149233,IL23R,Q5VWK5
402682,UFSP1,Q6NVU6
56912,IFT46,Q9NQC8
2986,GUCY2F,P51841
229,ALDOB,P05062
81929,SEH1L,Q96EE3
123099,DEGS2,Q6QHC5
79722,ANKRD55,Q3KP44
338699,ANKRD42,Q8N9B4
57016,AKR1B10,O60218
23109,DDN,O94850
5939,RBMS2,Q15434
83698,CALN1,Q9BXU9
1140,CHRNB1,P11230
51733,UPB1,Q9UBR1
6150,MRPL23,Q16540
5529,PPP2R5E,Q16537
375611,SLC26A5,P58743
11142,PKIG,Q9Y2B9
3604,TNFRSF9,Q07011
339512,CCDC190,Q86UF4
1729,DIAPH1,O60610
4595,MUTYH,Q9UIF7
10879,SMR3B,P02814
8001,GLRA3,O75311
8887,TAX1BP1,Q86VP1
7252,TSHB,P01222
24140,FTSJ1,Q9UET6
81030,ZBP1,Q9H171
79627,OGFRL1,Q5TC84
23513,SCRIB,Q14160
23461,ABCA5,Q8WWZ7
166336,PRICKLE2,Q7Z3G6
114609,TIRAP,P58753
6095,RORA,P35398
135644,TRIM40,Q6P9F5
56928,SPPL2B,Q8TCT7
,TTN,Q8WZ42
81796,SLCO5A1,Q9H2Y9
29933,GPR132,Q9UNW8
338398,TAS2R60,P59551
84918,LRP11,Q86VZ4
59277,NTN4,Q9HB63
25878,MXRA5,Q9NR99
25776,CBY1,Q9Y3M2
8643,PTCH2,Q9Y6C5
7479,WNT8B,Q93098
9381,OTOF,Q9HC10
7086,TKT,P29401
6324,SCN1B,Q07699
55022,PID1,Q7Z2X4
5196,PF4,P02776
1797,DXO,O77932
90075,ZNF30,P17039
7637,ZNF84,P51523
130,ADH6,P28332
220,ALDH1A3,P47895
57452,GALNT16,Q8N428
6367,CCL22,O00626
54536,EXOC6,Q8TAG9
55152,DALRD3,Q5D0E6
22941,SHANK2,Q9UPX8
669,BPGM,P07738
9282,MED14,O60244
341116,MS4A10,Q96PG2
64771,ILRUN,Q9H6K1
26035,GLCE,O94923
144245,ALG10B,Q5I7T1
667,DST,Q03001
221833,SP8,Q8IXZ3
116966,WDR17,Q8IZU2
344658,SAMD7,Q7Z3H4
2002,ELK1,P19419
2878,GPX3,P22352
8908,GYG2,O15488
92283,ZNF461,Q8TAF7
222236,NAPEPLD,Q6IQ20
1592,CYP26A1,O43174
5731,PTGER1,P34995
859,CAV3,P56539
169026,SLC30A8,Q8IWU4
28966,SNX24,Q9Y343
91574,C12orf65,Q9H3J6
58158,NEUROD4,Q9HD90
220081,ERICH6B,Q5W0A0
157848,NKX6-3,A6NJ46
10970,CKAP4,Q07065
89797,NAV2,Q8IVL1
26191,PTPN22,Q9Y2R2
3231,HOXD1,Q9GZZ0
56926,NCLN,Q969V3
5528,PPP2R5D,Q14738
150,ADRA2A,P08913
143888,POGLUT3,Q7Z4H8
5586,PKN2,Q16513
84294,UTP23,Q9BRU9
143662,MUC15,Q8N387
153572,IRX2,Q9BZI1
1288,COL4A6,Q14031
4883,NPR3,P17342
79894,ZNF672,Q499Z4
23547,LILRA4,P59901
7903,ST8SIA4,Q92187
4646,MYO6,Q9UM54
714,C1QC,P02747
9218,VAPA,Q9P0L0
79180,EFHD2,Q96C19
2845,GPR22,Q99680
7032,TFF2,Q03403
394,ARHGAP5,Q13017
199221,DZIP1L,Q8IYY4
55783,CMTR2,Q8IYT2
414,ARSD,P51689
93100,NAPRT,Q6XQN6
23632,CA14,Q9ULX7
114798,SLITRK1,Q96PX8
55225,RAVER2,Q9HCJ3
26009,ZZZ3,Q8IYH5
51555,PEX5L,Q8IYB4
22881,ANKRD6,Q9Y2G4
2274,FHL2,Q14192
8492,PRSS12,P56730
197258,FCSK,Q8N0W3
284406,ZFP82,Q8N141
1087,CEACAM7,Q14002
9543,IGDCC3,Q8IVU1
57626,KLHL1,Q9NR64
5788,PTPRC,P08575
54210,TREM1,Q9NP99
79634,SCRN3,Q0VDG4
57150,SMIM8,Q96KF7
11202,KLK8,O60259
51421,AMOTL2,Q9Y2J4
3785,KCNQ2,O43526
63932,CXorf56,Q9H5V9
51196,PLCE1,Q9P212
1952,CELSR2,Q9HCU4
168417,ZNF679,Q8IYX0
92293,TMEM132C,Q8N3T6
199745,THAP8,Q8NA92
285753,CEP57L1,Q8IYX8
57190,SELENON,Q9NZV5
26094,DCAF4,Q8WV16
148223,C19orf25,Q9UFG5
347,APOD,P05090
617,BCS1L,Q9Y276
344191,EVX2,Q03828
29106,SCG3,Q8WXD2
2709,GJB5,O95377
23473,CAPN7,Q9Y6W3
79026,AHNAK,Q09666
360203,GLT6D1,Q7Z4J2
139596,UPRT,Q96BW1
83931,STK40,Q8N2I9
7593,MZF1,P28698
219736,STOX1,Q6ZVD7
79809,TTC21B,Q7Z4L5
7293,TNFRSF4,P43489
2244,FGB,P02675
23060,ZNF609,O15014
266977,ADGRF1,Q5T601
285533,RNF175,Q8N4F7
139081,MAGEC3,Q8TD91
93487,MAPK1IP1L,Q8NDC0
8878,SQSTM1,Q13501
377,ARF3,P61204
285220,EPHA6,Q9UF33
23259,DDHD2,O94830
4338,MOCS2,O96007
4338,MOCS2,O96033
57707,MEAK7,Q6P9B6
9620,CELSR1,Q9NYQ6
6340,SCNN1G,P51170
84106,PRAM1,Q96QH2
226,ALDOA,P04075
50863,NTM,Q9P121
8545,CGGBP1,Q9UFW8
56114,PCDHGA1,Q9Y5H4
10629,TAF6L,Q9Y6J9
2889,RAPGEF1,Q13905
58496,LY6G5B,Q8NDX9
3882,KRT32,Q14532
8674,VAMP4,O75379
1144,CHRND,Q07001
9562,MINPP1,Q9UNW1
25929,GEMIN5,Q8TEQ6
166815,TIGD2,Q4W5G0
23293,SMG6,Q86US8
649,BMP1,P13497
1235,CCR6,P51684
4287,ATXN3,P54252
3579,CXCR2,P25025
2312,FLG,P20930
51715,RAB23,Q9ULC3
5476,CTSA,P10619
1131,CHRM3,P20309
166647,ADGRA3,Q8IWK6
1582,CYP8B1,Q9UNU6
10955,SERINC3,Q13530
90627,STARD13,Q9Y3M8
219986,OR4D11,Q8NGI4
54918,CMTM6,Q9NX76
9846,GAB2,Q9UQC2
23430,TPSD1,Q9BZJ3
10010,TANK,Q92844
63899,NSUN3,Q9H649
1650,DDOST,P39656
1548,CYP2A6,P11509
55314,TMEM144,Q7Z5S9
286464,CFAP47,Q6ZTR5
6142,RPL18A,Q02543
80821,DDHD1,Q8NEL9
2689,GH2,P01242
9874,TLK1,Q9UKI8
3083,HGFAC,Q04756
80745,THUMPD2,Q9BTF0
3663,IRF5,Q13568
137392,FAM92A,A1XBS5
3631,INPP4A,Q96PE3
56834,GPR137,Q96N19
84902,CEP89,Q96ST8
51388,NIP7,Q9Y221
8417,STX7,O15400
11218,DDX20,Q9UHI6
57513,CASKIN2,Q8WXE0
3045,HBD,P02042
7832,BTG2,P78543
429,ASCL1,P50553
411,ARSB,P15848
54860,MS4A12,Q9NXJ0
3454,IFNAR1,P17181
28962,OSTM1,Q86WC4
80270,HSD3B7,Q9H2F3
10302,SNAPC5,O75971
55680,RUFY2,Q8WXA3
55106,SLFN12,Q8IYM2
23779,ARHGAP8,P85298
258,AMBN,Q9NP70
1870,E2F2,Q14209
11136,SLC7A9,P82251
26524,LATS2,Q9NRM7
6196,RPS6KA2,Q15349
957,ENTPD5,O75356
8065,CUL5,Q93034
637,BID,P55957
221302,ZUP1,Q96AP4
10421,CD2BP2,O95400
57507,ZNF608,Q9ULD9
79017,GGCT,O75223
79290,OR13A1,Q8NGR1
338662,OR8D4,Q8NGM9
64866,CDCP1,Q9H5V8
79746,ECHDC3,Q96DC8
11152,WDR45,Q9Y484
23150,FRMD4B,Q9Y2L6
3146,HMGB1,P09429
207063,DHRSX,Q8N5I4
8771,TNFRSF6B,O95407
93107,KCNG4,Q8TDN1
23780,APOL2,Q9BQE5
148641,SLC35F3,Q8IY50
1912,PHC2,Q8IXK0
80036,TRPM3,Q9HCF6
155465,AGR3,Q8TD06
54112,GPR88,Q9GZN0
84174,SLA2,Q9H6Q3
10794,ZNF460,Q14592
23179,RGL1,Q9NZL6
83692,CD99L2,Q8TCZ2
146057,TTBK2,Q6IQ55
132001,TAMM41,Q96BW9
54509,RHOF,Q9HBH0
60558,GUF1,Q8N442
28987,NOB1,Q9ULX3
11197,WIF1,Q9Y5W5
84255,SLC37A3,Q8NCC5
3664,IRF6,O14896
9189,ZBED1,O96006
112755,STX1B,P61266
79577,CDC73,Q6P1J9
773,CACNA1A,O00555
55664,CDC37L1,Q7L3B6
56288,PARD3,Q8TEW0
60481,ELOVL5,Q9NYP7
84271,POLDIP3,Q9BY77
1936,EEF1D,P29692
11162,NUDT6,P53370
4698,NDUFA5,Q16718
51003,MED31,Q9Y3C7
84667,HES7,Q9BYE0
6906,SERPINA7,P05543
2983,GUCY1B1,Q02153
10136,CELA3A,P09093
1359,CPA3,P15088
2004,ELK3,P41970
7350,UCP1,P25874
92017,SNX29,Q8TEQ0
220359,TIGD3,Q6B0B8
65982,ZSCAN18,Q8TBC5
51429,SNX9,Q9Y5X1
65018,PINK1,Q9BXM7
114800,CCDC85A,Q96PX6
23743,BHMT2,Q9H2M3
8927,BSN,Q9UPA5
91683,SYT12,Q8IV01
84665,MYPN,Q86TC9
140701,ABHD16B,Q9H3Z7
1208,CLPS,P04118
51066,SSUH2,Q9Y2M2
391002,PRAMEF8,Q5VWM4
5865,RAB3B,P20337
23541,SEC14L2,O76054
64116,SLC39A8,Q9C0K1
53838,C11orf24,Q96F05
7299,TYR,P14679
201176,ARHGAP27,Q6ZUM4
3281,HSBP1,O75506
4295,MLN,P12872
119391,GSTO2,Q9H4Y5
54952,TRNAU1AP,Q9NX07
3043,HBB,P68871
170627,XAGE5,Q8WWM1
9913,SUPT7L,O94864
400258,NRAC,Q8N912
116143,WDR92,Q96MX6
79368,FCRL2,Q96LA5
6547,SLC8A3,P57103
10989,IMMT,Q16891
5396,PRRX1,P54821
1053,CEBPE,Q15744
84698,CAPS2,Q9BXY5
1954,MEGF8,Q7Z7M0
394263,MUC21,Q5SSG8
57553,MICAL3,Q7RTP6
10189,ALYREF,Q86V81
873,CBR1,P16152
22986,SORCS3,Q9UPU3
57508,INTS2,Q9H0H0
340419,RSPO2,Q6UXX9
5267,SERPINA4,P29622
3111,HLA-DOA,P06340
221393,ADGRF4,Q8IZF3
6713,SQLE,Q14534
9457,FHL5,Q5TD97
146802,SLC47A2,Q86VL8
1005280308693,GALNT4,Q8N4A0
85002,FAM86B1,Q8N7N1
3225,HOXC9,P31274
273,AMPH,P49418
79849,PDZD3,Q86UT5
9976,CLEC2B,Q92478
8525,DGKZ,Q13574
51552,RAB14,P61106
7006,TEC,P42680
9856,KIAA0319,Q5VV43
1647,GADD45A,P24522
55512,SMPD3,Q9NY59
4361,MRE11,P49959
7755,ZNF205,O95201
56917,MEIS3,Q99687
161145,TMEM229B,Q8NBD8
8270,LAGE3,Q14657
25843,MOB4,Q9Y3A3
3694,ITGB6,P18564
84620,ST6GAL2,Q96JF0
23154,NCDN,Q9UBB6
26339,OR5K1,Q8NHB7
4675,NAP1L3,Q99457
64743,WDR13,Q9H1Z4
117286,CIB3,Q96Q77
26292,MYCBP,Q99417
2642,GCGR,P47871
144715,RAD9B,Q6WBX8
158038,LINGO2,Q7L985
6779,STATH,P02808
1557,CYP2C19,P33261
254240,BPIFC,Q8NFQ6
6598,SMARCB1,Q12824
55118,CRTAC1,Q9NQ79
3209,HOXA13,P31271
9777,TM9SF4,Q92544
8128,ST8SIA2,Q92186
10460,TACC3,Q9Y6A5
5648,MASP1,P48740
5609,MAP2K7,O14733
2359,FPR3,P25089
90637,ZFAND2A,Q8N6M9
10886,NPFFR2,Q9Y5X5
9823,ARMCX2,Q7L311
5193,PEX12,O00623
858,CAV2,P51636
57053,CHRNA10,Q9GZZ6
399687,MYO18A,Q92614
55567,DNAH3,Q8TD57
3673,ITGA2,P17301
10650,PRELID3A,Q96N28
51393,TRPV2,Q9Y5S1
120526,DNAJC24,Q6P3W2
317772,H2AC21,Q8IUE6
28983,TMPRSS11E,Q9UL52
89849,ATG16L2,Q8NAA4
2018,EMX2,Q04743
253982,ASPHD1,Q5U4P2
9833,MELK,Q14680
219479,OR5R1,Q8NH85
146330,FBXL16,Q8N461
55669,MFN1,Q8IWA4
55654,TMEM127,O75204
51313,GASK1B,Q6UWH4
8408,ULK1,O75385
138009,DCAF4L2,Q8NA75
2634,GBP2,P32456
57228,SMAGP,Q0VAQ4
127845,GOLT1A,Q6ZVE7
148,ADRA1A,P35348
828,CAPS,Q13938
5663,PSEN1,P49768
23729,SHPK,Q9UHJ6
64432,MRPS25,P82663
64388,GREM2,Q9H772
4288,MKI67,P46013
8324,FZD7,O75084
3975,LHX1,P48742
146853,C17orf50,Q8WW18
2063,NR2F6,P10588
2530,FUT8,Q9BYC5
132789,GNPDA2,Q8TDQ7
1628,DBP,Q10586
79813,EHMT1,Q9H9B1
8603,FAM193A,P78312
337876,CHSY3,Q70JA7
7349,UCN,P55089
2307,FOXS1,O43638
131177,FAM3D,Q96BQ1
1801,DPH1,Q9BZG8
55889,GOLGA6B,A6NDN3
54956,PARP16,Q8N5Y8
6452,SH3BP2,P78314
9752,PCDHA9,Q9Y5H5
51378,ANGPT4,Q9Y264
131870,NUDT16,Q96DE0
11118815766004,LYNX1,P0DP58
4782,NFIC,P08651
629,CFB,P00751
2847,MCHR1,Q99705
54207,KCNK10,P57789
50626,CYHR1,Q6ZMK1
374739,TEPP,Q6URK8
9439,MED23,Q9ULK4
6608,SMO,Q99835
9802,DAZAP2,Q15038
255061,TAC4,Q86UU9
116988,AGAP3,Q96P47
64922,LRRC19,Q9H756
25989,ULK3,Q6PHR2
10782,ZNF274,Q96GC6
84705,GTPBP3,Q969Y2
55776,SAYSD1,Q9NPB0
5893,RAD52,P43351
83742,MARVELD1,Q9BSK0
2999,GZMH,P20718
7165,TPD52L2,O43399
51266,CLEC1B,Q9P126
29941,PKN3,Q6P5Z2
57326,PBXIP1,Q96AQ6
56341,PRMT8,Q9NR22
57604,TRMT9B,Q9P272
152992,TRMT44,Q8IYL2
255725,OR52B2,Q96RD2
54959,ODAM,A1E959
27111,SDCBP2,Q9H190
2113,ETS1,P14921
8630,HSD17B6,O14756
57830,KRTAP5-8,O75690
2250,FGF5,P12034
4221,MEN1,O00255
2334,AFF2,P51816
283208,P4HA3,Q7Z4N8
5988,RFPL1,O75677
54954,FAM120C,Q9NX05
23348,DOCK9,Q9BZ29
2765,GML,Q99445
160364,CLEC12A,Q5QGZ9
375346,STIMATE,Q86TL2
50937,CDON,Q4KMG0
26517,TIMM13,Q9Y5L4
8312,AXIN1,O15169
92747,BPIFB1,Q8TDL5
129531,MITD1,Q8WV92
53947,A4GALT,Q9NPC4
150472,CBWD2,Q8IUF1
1608,DGKG,P49619
140700,SAMD10,Q9BYL1
10682173056924,PAK6,Q9NQU5
1847,DUSP5,Q16690
54914,FOCAD,Q5VW36
138802,OR13C8,Q8NGS7
3446,IFNA10,P01566
10435,CDC42EP2,O14613
23032,USP33,Q8TEY7
6157,RPL27A,P46776
140683,BPIFA2,Q96DR5
343099,CCDC18,Q5T9S5
126410,CYP4F22,Q6NT55
57050,UTP3,Q9NQZ2
6289,SAA2,P0DJI9
6403,SELP,P16109
835,CASP2,P42575
54898,ELOVL2,Q9NXB9
26525,IL36RN,Q9UBH0
9715,FAM131B,Q86XD5
353,APRT,P07741
5349,FXYD3,Q14802
124997,WDR81,Q562E7
116179,TGM7,Q96PF1
113989832,CHRNA7,P36544
89832,CHRFAM7A,Q494W8
50485,SMARCAL1,Q9NZC9
9692,PRORP,O15091
23466,CBX6,O95503
2752,GLUL,P15104
5153,PDE1B,Q01064
8631,SKAP1,Q86WV1
246778,IL27,Q8NEV9
55248,PACC1,Q9H813
57515,SERINC1,Q9NRX5
4792,NFKBIA,P25963
54556,ING3,Q9NXR8
4040,LRP6,O75581
9766,SUSD6,Q92537
80790,CMIP,Q8IY22
2328,FMO3,P31513
283464,GXYLT1,Q4G148
311,ANXA11,P50995
2828,GPR4,P46093
81570,CLPB,Q9H078
5284,PIGR,P01833
4061,LY6E,Q16553
57167,SALL4,Q9UJQ4
6183,MRPS12,O15235
132243,H1-8,Q8IZA3
10602,CDC42EP3,Q9UKI2
11103,KRR1,Q13601
27145,FILIP1,Q7Z7B0
26047,CNTNAP2,Q9UHC6
9636,ISG15,P05161
139818,DOCK11,Q5JSL3
8338,H2AC20,Q16777
83857,TMTC1,Q8IUR5
6601,SMARCC2,Q8TAQ2
2886,GRB7,Q14451
260434,PYDC1,Q8WXC3
23231,SEL1L3,Q68CR1
127124,ATP6V1G3,Q96LB4
55733,HHAT,Q5VTY9
25825,BACE2,Q9Y5Z0
9022,CLIC3,O95833
57088,PLSCR4,Q9NRQ2
10903,MTMR11,A4FU01
79364,ZXDC,Q2QGD7
131965,METTL6,Q8TCB7
9407,TMPRSS11D,O60235
7113,TMPRSS2,O15393
149499,LRRC71,Q8N4P6
137075,CLDN23,Q96B33
26579,MYEOV,Q96EZ4
26999,CYFIP2,Q96F07
4680,CEACAM6,P40199
90342,FER1L5,A0AVI2
284418,FAM71E2,Q8N5Q1
164592,CCDC116,Q8IYX3
8448,DOC2A,Q14183
148753,FAM163A,Q96GL9
4929,NR4A2,P43354
26038,CHD5,Q8TDI0
127579,DCST2,Q5T1A1
374877,TEX45,Q8NA69
79998,ANKRD53,Q8N9V6
287015,TRIM42,Q8IWZ5
80726,IQCN,Q9H0B3
257101,ZNF683,Q8IZ20
113746,ODF3,Q96PU9
80125,CCDC33,Q8N5R6
93979,CPA5,Q8WXQ8
138724,C9orf131,Q5VYM1
161753,ODF3L1,Q8IXM7
140873,C20orf173,Q96LM9
60385,TSKS,Q9UJT2
333926,PPM1J,Q5JR12
51298,THEG,Q9P2T0
84569,LYZL1,Q6UWQ5
148066,ZNRF4,Q8WWF5
401551,WDR38,Q5JTN6
26261,FBXO24,O75426
195977,ANTXRL,A6NF34
148109,FAM187B,Q17R55
5630,PRPH,P41219
374977,MROH7,Q68CQ1
164153,UBL4B,Q8N7F7
51231,VRK3,Q8IV63
220082,CBY2,Q8NA61
221481,ARMC12,Q5T9G4
219793,TBATA,Q96M53
339779,PRR30,Q53SZ7
84077,C3orf20,Q8ND61
2978,GUCA1A,P43080
144132,DNHD1,Q96M86
144423,GLT1D1,Q96MS3
165100,TEX44,Q53QW1
389799,CFAP77,Q6ZQR2
6712,SPTBN2,O15020
50628,GEMIN4,P57678
147011,PROCA1,Q8NCQ7
84070,FAM186B,Q8IYM0
402573,C7orf61,Q8IZ16
100310846,ANKRD61,A6NGH8
285641,SLC36A3,Q495N2
401565,FAM166A,Q6J272
257177,CFAP126,Q5VTH2
84444,DOT1L,Q8TEK3
84643,KIF2B,Q8N4N8
54760,PCSK4,Q6UW60
220004,PPP1R32,Q7Z5V6
284274,SMIM21,Q3B7S5
441476,STPG3,Q8N7X2
102724862,TBC1D3I,A0A087WXS9
10610,ST6GALNAC2,Q9UJ37
162083,C16orf82,Q7Z2V1
441452,SPATA31C1,P0DKV0
131540,ZDHHC19,Q8WVZ1
221424,LRRC73,Q5JTD7
146378,C16orf92,Q96LL3
55815,TSNAXIP1,Q2TAA8
102723859,TBC1D3E,A0A087X179
126075,CCDC159,P0C7I6
78990,OTUB2,Q96DC9
101060389,TBC1D3D,A0A087WVF3
8165,AKAP1,Q92667
101060376,TBC1D3L,B9A6J9
100129842,ZNF737,O75373
81492,RSPH6A,Q9H0K4
259308,FAM205A,Q6ZU69
400566,LIAT1,Q6ZQX7
143630,UBQLNL,Q8IYU4
162517,FBXO39,Q8N4B4
146310,RNF151,Q2KHN1
84218,TBC1D3F,A6NER0
162466,PHOSPHO1,Q8TCT1
221191,PRSS54,Q6PEW0
5261,PHKG2,P15735
388333,SPDYE4,A6NLX3
196472,FAM71C,Q8NEG0
346653,FAM71F2,Q6NXP2
81629,TSSK3,Q96PN8
440699,LRRC52,Q8N7C0
1630,DCC,P43146
9099,USP2,O75604
881,CCIN,Q13939
23034,SAMD4A,Q9UPU9
149647,FAM71A,Q8IYT1
285679,C5orf60,A6NFR6
84691,FAM71F1,Q96KD3
57828,CATSPERG,Q6ZRH7
245934,DEFB121,Q5J5C9
64446,DNAI2,Q9GZS0
26526,TSPAN16,Q9UKR8
143379,C10orf82,Q8WW14
121273,C12orf54,Q6X4T0
284076,TTLL6,Q8N841
389730,SPATA31A6,Q5VVP1
1977,EIF4E,P06730
245802,MS4A6E,Q96DS6
51059,FAM135B,Q49AJ0
128653,C20orf141,Q9NUB4
79905,TMC7,Q7Z402
51233,DRICH1,Q6PGQ1
353149,TBC1D26,Q86UD7
645961,SPATA31C2,B4DYI2
158830,CXorf65,A6NEN9
55821,ALLC,Q8N6M5
727830,SPATA31A3,Q5VYP0
84696,ABHD1,Q96SE0
27033,ZBTB32,Q9Y2Y4
727905,SPATA31A5,Q5VU36
115795,FANCD2OS,Q96PS1
140894,CNBD2,Q96M20
200159,C1orf100,Q5SVJ3
414157,C10orf62,Q5T681
29999,FSCN3,Q9NQT6
152065,C3orf22,Q8N5N4
128861,BPIFA3,Q9BQP9
54752,FNDC8,Q8TC99
152405,TEX55,Q96M34
5833,PCYT2,Q99447
440804,RIMBP3B,A6NNM3
101927581,CCDC182,A6NF36
222967728194,RSPH10B2,B2RC85
5475,PPEF1,O14829
50613,UBQLN3,Q9H347
158297,SAXO1,Q8IYX7
56269,IRGC,Q6NXR0
27296,TP53TG5,Q9Y2B4
130560,SPATA3,Q8NHX4
388799,FAM209B,Q5JX69
100190949,C5orf52,A6NGY3
5017,OVOL1,O14753
149018,LELP1,Q5T871
10881,ACTL7A,Q9Y615
10809,STARD10,Q9Y365
10517,FBXW10,Q5XX13
284403,WDR62,O43379
388946,TMEM247,A6NEH6
119180,LYZL2,Q7Z4W2
153657,TTC23L,Q6PF05
94033,FTMT,Q8N4E7
160777,CCDC60,Q8IWA6
5347,PLK1,P53350
83445,GSG1,Q2KHT4
7626,ZNF75D,P51815
403314,APOBEC4,Q8WW27
153918,ZC2HC1B,Q5TFG8
203562,TMEM31,Q5JXX7
60509,AGBL5,Q8NDL9
5224,PGAM2,P15259
399814,C10orf120,Q5SQS8
441061,MARCHF11,A6NNE9
84519,ACRBP,Q8NEB7
10103,TSPAN1,O60635
83887,TTLL2,Q9BWV7
140836,BANF2,Q9H503
135886,TMEM270,Q6UE05
284067,CFAP97D1,B2RV13
153643,FAM81B,Q96LP2
146212,KCTD19,Q17RG1
84830,ADTRP,Q96IZ2
478,ATP1A3,P13637
136541,PRSS58,Q8IYP2
93190,C1orf158,Q8N1D5
51364,ZMYND10,O75800
149699,GTSF1L,Q9H1H1
57535,KIAA1324,Q6UXG2
84970,C1orf94,Q6P1W5
90506,LRRC46,Q96FV0
94026,POM121L2,Q96KW2
26074,CFAP61,Q8NHU2
284257,BOD1L2,Q8IYS8
84692,CCDC54,Q8NEL0
152015,ROPN1B,Q9BZX4
133558,MROH2B,Q7Z745
84101,USP44,Q9H0E7
28968,SLC6A16,Q9GZN6
147719,LYPD4,Q6UWN0
166979,CDC20B,Q86Y33
8406,SRPX,P78539
5046,PCSK6,P29122
6304,SATB1,Q01826
79703,TOP6BL,Q8N6T0
57674,RNF213,Q63HN8
9717,SEC14L5,O43304
9716,AQR,O60306
167153,TENT2,Q6PIY7
55127,HEATR1,Q9H583
5783,PTPN13,Q12923
57496,MRTFB,Q9ULH7
23389,MED13L,Q71F56
222234,FAM185A,Q8N0U4
389432,SAMD5,Q5TGI4
8837,CFLAR,O15519
2803,GOLGA4,Q13439
8663,EIF3C,Q99613
8621,CDK13,Q14004
6310,ATXN1,P54253
89978,DPH6,Q7L8W6
100288332,NPIPA5,E9PKD4
590,BCHE,P06276
66388926,SNRPN,P63162
8926,SNURF,Q9Y675
80205,CHD9,Q3L8U1
440836,ODF3B,A8MYP8
84186,ZCCHC7,Q8N3Z6
51050,PI15,O43692
55291,PPP6R3,Q5H9R7
10443,N4BP2L2,Q92802
4649,MYO9A,B2RTY4
51582,AZIN1,O14977
56987,BBX,Q8WY36
1832,DSP,P15924
8148,TAF15,Q92804
4111,MAGEA12,P43365
1656,DDX6,P26196
100132399729421994283761664,GAGE12B; GAGE12C; GAGE12D; GAGE12E,A1L429
389206,BEND4,Q6ZU67
64506,CPEB1,Q9BZB8
100289087728137,TSPY3,P0CV98
100289087728137,TSPY10,P0CW01
1002890877258720000,TSPY1,Q01534
4113,MAGEB2,O15479
374354,NHLRC2,Q8NBF2
388272,C16orf87,Q6PH81
10060,ABCC9,O60706
57217,TTC7A,Q9ULT0
9125,CNOT9,Q92600
23380,SRGAP2,O75044
57084,SLC17A6,Q9P2U8
145407,ARMH4,Q86TY3
22866,CNKSR2,Q8WXI2
254042,METAP1D,Q6UB28
150465,TTL,Q8NG68
154215,NKAIN2,Q5VXU1
57186,RALGAPA2,Q2PPJ7
605,BCL7A,Q4VC05
4300,MLLT3,P42568
11147,HHLA3,Q9XRX5
64067,NPAS3,Q8IXF0
401612,SLC25A53,Q5H9E4
8749,ADAM18,Q9Y3Q7
27303,RBMS3,Q6XE24
1757,SARDH,Q9UL12
6664,SOX11,P35716
9480,ONECUT2,O95948
94120,SYTL3,Q4VX76
221806,VWDE,Q8N2E2
23049,SMG1,Q96Q15
166752,FREM3,P0C091
1010,CDH12,P55289
653464,SRGAP2C,P0DJJ0
125,ADH1B,P00325
285636,C5orf51,A6NDU8
26032,SUSD5,O60279
160857,CCDC122,Q5T0U0
79736,TEFM,Q96QE5
5729,PTGDR,Q13258
284,ANGPT1,Q15389
245928,DEFB114,Q30KQ6
767,CA8,P35219
3977,LIFR,P42702
114905,C1QTNF7,Q9BXJ2
2557,GABRA4,P48169
898,CCNE1,P24864
2982,GUCY1A1,Q02108
55922,NKRF,O15226
2977,GUCY1A2,P33402
79442,LRRC2,Q9BYS8
123876,ACSM2A,Q08AH3
135152,B3GAT2,Q9NPZ5
9522,SCAMP1,O15126
2792,GNGT1,P63211
23085,ERC1,Q8IUD2
6209,RPS15,P62841
83594,NUDT12,Q9BQG2
130507,UBR3,Q6ZT12
7757,ZNF208,O43345
26586,CKAP2,Q8WWK9
1036,CDO1,Q16878
125113,KRT222,Q8N1A0
7879,RAB7A,P51149
4325,MMP16,P51512
10513,APPBP2,Q92624
340273,ABCB5,Q2M3G0
10894,LYVE1,Q9Y5Y7
57720,GPR107,Q5VW38
2561,GABRB2,P47870
440145,MZT1,Q08AG7
6158,RPL28,P46779
2565,GABRG1,Q8N1C3
26049,FAM169A,Q9Y6X4
57498,KIDINS220,Q9ULH0
152687,ZNF595,Q8IYB9
130940,CCDC148,Q8NFR7
79175,ZNF343,Q6P1L6
5239,PGM5,Q15124
114134,SLC2A13,Q96QE2
801805808,CALM1,P0DP23
801805808,CALM2,P0DP24
801805808,CALM3,P0DP25
6632,SNRPD1,P62314
4706,NDUFAB1,O14561
79912,PYROXD1,Q8WU10
56853,CELF4,Q9BZC1
54816,ZNF280D,Q6N043
7572,ZNF24,P17028
5305,PIP4K2A,P48426
132320,SCLT1,Q96NL6
4791,NFKB2,Q00653
7172,TPMT,P51580
85015,USP45,Q70EL2
5033,P4HA1,P13674
54543,TOMM7,Q9P0U1
23261,CAMTA1,Q9Y6Y1
11278,KLF12,Q9Y4X4
92291,CAPN13,Q6MZZ7
60468,BACH2,Q9BYV9
79966,SCD5,Q86SK9
2822,GPLD1,P80108
10975,UQCR11,O14957
114825,PWWP2A,Q96N64
81573,ANKRD13C,Q8N6S4
5966,REL,Q04864
83539,CHST9,Q7L1S5
23383,MAU2,Q9Y6X3
79144,PPDPF,Q9H3Y8
4802,NFYC,Q13952
51312,SLC25A37,Q9NYZ2
79899,PRR5L,Q6MZQ0
25890,ABI3BP,Q7Z7G0
8560,DEGS1,O15121
100131801,PET100,P0DJ07
9551,ATP5MF,P56134
8517,IKBKG,Q9Y6K9
203100,HTRA4,P83105
81846,SBF2,Q86WG5
22925,PLA2R1,Q13018
9352,TXNL1,O43396
6472,SHMT2,P34897
4242,MFNG,O00587
125919,ZNF543,Q08ER8
57669,EPB41L5,Q9HCM4
4739,NEDD9,Q14511
1828,DSG1,Q02413
200035,NUDT17,P0C025
6146,RPL22,P35268
5883,RAD9A,Q99638
51639,SF3B6,Q9Y3B4
23683,PRKD3,O94806
23580,CDC42EP4,Q9H3Q1
10864,SLC22A7,Q9Y694
80700,UBXN6,Q9BZV1
253143,PRR14L,Q5THK1
6217,RPS16,P62249
4808,NHLH2,Q02577
84230,LRRC8C,Q8TDW0
2194,FASN,P49327
2774,GNAL,P38405
80343,SEL1L2,Q5TEA6
22908,SACM1L,Q9NTJ5
9889,ZBED4,O75132
10129,FRY,Q5TBA9
221981,THSD7A,Q9UPZ6
6801,STRN,O43815
66036,MTMR9,Q96QG7
9068,ANGPTL1,O95841
26207,PITPNC1,Q9UKF7
6616,SNAP25,P60880
51495,HACD3,Q9P035
203,AK1,P00568
3798,KIF5A,Q12840
26224,FBXL3,Q9UKT7
6538,SLC6A11,P48066
4215,MAP3K3,Q99759
192286,HIGD2A,Q9BW72
27101,CACYBP,Q9HB71
80144,FRAS1,Q86XX4
55968,NSFL1C,Q9UNZ2
55660,PRPF40A,O75400
10447,FAM3C,Q92520
57158,JPH2,Q9BR39
10694,CCT8,P50990
80351,TNKS2,Q9H2K2
9745,ZNF536,O15090
22829,NLGN4Y,Q8NFZ3
23166,STAB1,Q9NY15
203328,SUSD3,Q96L08
5439,POLR2J,P52435
23316,CUX2,O14529
23184,MESD,Q14696
144577,C12orf66,Q96MD2
91612,CHURC1,Q8WUH1
102723680102722993913856,CT45A8,P0DMV1
102723680102722993913856,CT45A9,P0DMV2
102723680102722993913856,CT45A2,Q5DJT8
55701,ARHGEF40,Q8TER5
2069,EREG,O14944
7678,ZNF124,Q15973
4701,NDUFA7,O95182
9931,HELZ,P42694
80059,LRRTM4,Q86VH4
4760,NEUROD1,Q13562
10426,TUBGCP3,Q96CW5
4085,MAD2L1,Q13257
51477,ISYNA1,Q9NPH2
80346,REEP4,Q9H6H4
1285,COL4A3,Q01955
10114,HIPK3,Q9H422
115426,UHRF2,Q96PU4
54998,AURKAIP1,Q9NWT8
1910,EDNRB,P24530
100131017,ZNF316,A6NFI3
54834,GDAP2,Q9NXN4
5154,PDGFA,P04085
3749,KCNC4,Q03721
11047,ADRM1,Q16186
5910,RAP1GDS1,P52306
9832,JAKMIP2,Q96AA8
4798,NFRKB,Q6P4R8
51013,EXOSC1,Q9Y3B2
255631,COL24A1,Q17RW2
1188,CLCNKB,P51801
8819,SAP30,O75446
29107,NXT1,Q9UKK6
7020,TFAP2A,P05549
128553,TSHZ2,Q9NRE2
84766,CRACR2A,Q9BSW2
91689,SMDT1,Q9H4I9
10212,DDX39A,O00148
54734,RAB39A,Q14964
3030,HADHA,P40939
1241,LTB4R,Q15722
943,TNFRSF8,P28908
65059,RAPH1,Q70E73
83417,FCRL4,Q96PJ5
4736,RPL10A,P62906
1641,DCX,O43602
146542,ZNF688,P0C7X2
5579,PRKCB,P05771
6747,SSR3,Q9UNL2
85464,SSH2,Q76I76
65065,NBEAL1,Q6ZS30
6757727837,SSX2; SSX2B,Q16385
28511,NKIRAS2,Q9NYR9
64839,FBXL17,Q9UF56
54856,GON4L,Q3T8J9
51132,RLIM,Q9NVW2
84274,COQ5,Q5HYK3
51287,COA4,Q9NYJ1
962,CD48,P09326
79772,MCTP1,Q6DN14
5441,POLR2L,P62875
57620,STIM2,Q9P246
84314,TMEM107,Q6UX40
7404,UTY,O14607
15911986614,HSFY1; HSFY2,Q96LI6
10011,SRA1,Q9HD15
8694,DGAT1,O75907
84666,RETNLB,Q9BQ08
285852,TREML4,Q6UXN2
4091,SMAD6,O43541
6164,RPL34,P49207
51021,MRPS16,Q9Y3D3
23080,AVL9,Q8NBF6
203068,TUBB,P07437
6251,RSU1,Q15404
329,BIRC2,Q13490
116541,MRPL54,Q6P161
6235,RPS29,P62273
55101,DMAC2,Q9NW81
1716,DGUOK,Q16854
84263,HSDL2,Q6YN16
1134577278,TUBA3C,P0DPH7
1134577278,TUBA3D,P0DPH8
130399,ACVR1C,Q8NER5
84513,PLPP5,Q8NEB5
64118,DUS1L,Q6P1R4
9741,LAPTM4A,Q15012
25821,MTO1,Q9Y2Z2
55102,ATG2B,Q96BY7
6561,SLC13A1,Q9BZW2
4329,ALDH6A1,Q02252
55304,SPTLC3,Q9NUV7
51593,SRRT,Q9BXP5
100141515,C17orf99,Q6UX52
23223,RRP12,Q5JTH9
521,ATP5ME,P56385
401505,TOMM5,Q8N4H5
399668644596,SMIM10L2A,P0DMW4
399668644596,SMIM10L2B,P0DMW5
6136,RPL12,P30050
126328,NDUFA11,Q86Y39
2109,ETFB,P38117
65998,C11orf95,C9JLR9
163486,DENND1B,Q6P3S1
79109,MAPKAP1,Q9BPZ7
150678,COPS9,Q8WXC6
80005,DOCK5,Q9H7D0
375607,NAT16,Q8N8M0
5651,TMPRSS15,P98073
3996,LLGL1,Q15334
29944,PNMA3,Q9UL41
78988,MRPL57,Q9BQC6
54899,PXK,Q7Z7A4
5126,PCSK2,P16519
10632,ATP5MG,O75964
374868,ATP9B,O43861
122830,NAA30,Q147X3
916,CD3E,P07766
81857,MED25,Q71SY5
51319,RSRC1,Q96IZ7
23107,MRPS27,Q92552
633,BGN,P21810
6655,SOS2,Q07890
79839,CCDC102B,Q68D86
5787,PTPRB,P23467
389073,C2orf80,Q0P641
23433,RHOQ,P17081
9669,EIF5B,O60841
79869,CPSF7,Q8N684
287,ANK2,Q01484
57113,TRPC7,Q9HCX4
405754,ERVFRD-1,P60508
55331,ACER3,Q9NUN7
5589,PRKCSH,P14314
1719,DHFR,P00374
51454,GULP1,Q9UBP9
9946,CRYZL1,O95825
9971,NR1H4,Q96RI1
7786,MAP3K12,Q12852
11135,CDC42EP1,Q00587
65990,ANTKMT,Q9BQD7
375686,SPATC1,Q76KD6
102288414,C11orf98,E9PRG8
440957,SMIM4,Q8WVI0
55337,SHFL,Q9NUL5
50809,HP1BP3,Q5SSJ5
91409,CCDC74B,Q96LY2
404093,CUEDC1,Q9NWM3
139628,FOXR2,Q6PJQ5
283742,FAM98B,Q52LJ0
90102,PHLDB2,Q86SQ0
1384,CRAT,P43155
196483,EEF2KMT,Q96G04
6579,SLCO1A2,P46721
57587,CFAP97,Q9P2B7
23133,PHF8,Q9UPP1
8812,CCNK,O75909
440073,IQSEC3,Q9UPP2
114548,NLRP3,Q96P20
9175,MAP3K13,O43283
55568,GALNT10,Q86SR1
27164,SALL3,Q9BXA9
6432,SRSF7,Q16629
9675,TTI1,O43156
6167,RPL37,P61927
23379,ICE1,Q9Y2F5
60485,SAV1,Q9H4B6
577,ADGRB3,O60242
1362,CPD,O75976
3691,ITGB4,P16144
9341,VAMP3,Q15836
728621,CCDC30,Q5VVM6
100532731648,BMI1,P35226
219927,MRPL21,Q7Z2W9
157769,FAM91A1,Q658Y4
64092,SAMSN1,Q9NSI8
3875227335,UBE2V1,Q13404
414328,IDNK,Q5T6J7
1975,EIF4B,P23588
10128,LRPPRC,P42704
112840,WDR89,Q96FK6
6748,SSR4,P51571
9045,RPL14,P50914
401474,SAMD12,Q8N8I0
642612,TRIM49C,P0CI26
166824,RASSF6,Q6ZTQ3
5079,PAX5,Q02548
339896,GADL1,Q6ZQY3
9488,PIGB,Q92521
6923,ELOB,Q15370
11228,RASSF8,Q8NHQ8
10105,PPIF,P30405
284451,ODF3L2,Q3SX64
1136,CHRNA3,P32297
7166,TPH1,P17752
83715,ESPN,B1AK53
1340,COX6B1,P14854
1124,CHN2,P52757
338440,ANO9,A1A5B4
64283,ARHGEF28,Q8N1W1
1015,CDH17,Q12864
162282,ANKFN1,Q8N957
150684,COMMD1,Q8N668
5411,PNN,Q9H307
57494,RIMKLB,Q9ULI2
1842,ECM2,O94769
57451,TENM2,Q9NT68
27097,TAF5L,O75529
23195,MDN1,Q9NU22
8851,CDK5R1,Q15078
6910,TBX5,Q99593
8504,PEX3,P56589
2740,GLP1R,P43220
2059,EPS8,Q12929
5901,RAN,P62826
10016,PDCD6,O75340
4045,LSAMP,Q13449
4015,LOX,P28300
9419,CRIPT,Q9P021
664,BNIP3,Q12983
51725,FBXO40,Q9UH90
10875,FGL2,Q14314
3812,KIR3DL2,P43630
5605,MAP2K2,P36507
79819,WDR78,Q5VTH9
2631,NIPSNAP2,O75323
27000,DNAJC2,Q99543
5162,PDHB,P11177
375323,LHFPL4,Q7Z7J7
4133,MAP2,P11137
22832,CEP162,Q5TB80
3338,DNAJC4,Q9NNZ3
100128327,TRAPPC3L,Q5T215
57794,SUGP1,Q8IWZ8
2805,GOT1,P17174
9513,FXR2,P51116
25873,RPL36,Q9Y3U8
57466,SCAF4,O95104
51070,NOSIP,Q9Y314
5434,POLR2E,P19388
9538,EI24,O14681
84061,MAGT1,Q9H0U3
10878,CFHR3,Q02985
9720,CCDC144A,A2RUR9
79982,DNAJB14,Q8TBM8
1917,EEF1A2,Q05639
25817,TAFA5,Q7Z5A7
285386,TPRG1,Q6ZUI0
10142,AKAP9,Q99996
55692,LUC7L,Q9NQ29
10199,MPHOSPH10,O00566
26057,ANKRD17,O75179
22827,PUF60,Q9UHX1
10243,GPHN,Q9NQX3
3716,JAK1,P23458
163154,PRR22,Q8IZ63
26168,SENP3,Q9H4L4
6234,RPS28,P62857
55089,SLC38A4,Q969I6
84904,ARHGEF39,Q8N4T4
84299,MIEN1,Q9BRT3
10383,TUBB4B,P68371
66000,TMEM108,Q6UXF1
23053,ZSWIM8,A7E2V4
55785,FGD6,Q6ZV73
9585,KIF20B,Q96Q89
25836,NIPBL,Q6KC79
9843,HEPH,Q9BQS7
10673,TNFSF13B,Q9Y275
57020,VPS35L,Q7Z3J2
932,MS4A3,Q96HJ5
57187,THOC2,Q8NI27
8462,KLF11,O14901
10254,STAM2,O75886
4884,NPTX1,Q15818
80339,PNPLA3,Q9NST1
25907,TMEM158,Q8WZ71
59274,TLNRD1,Q9H1K6
100423062,IGLL5,B9A064
55274,PHF10,Q8WUB8
81037,CLPTM1L,Q96KA5
25948,KBTBD2,Q8IY47
10524,KAT5,Q92993
151987,PPP4R2,Q9NY27
115509,ZNF689,Q96CS4
26281,FGF20,Q9NP95
84955,NUDCD1,Q96RS6
57139,RGL3,Q3MIN7
10211,FLOT1,O75955
3420,IDH3B,O43837
6621,SNAPC4,Q5SXM2
136259,KLF14,Q8TD94
81558,FAM117A,Q9C073
57514,ARHGAP31,Q2M1Z3
6301,SARS1,P49591
84189,SLITRK6,Q9H5Y7
128061,C1orf131,Q8NDD1
114883,OSBPL9,Q96SU4
54940,OCIAD1,Q9NX40
83902,KRTAP17-1,Q9BYP8
7779,SLC30A1,Q9Y6M5
8405,SPOP,O43791
64806,IL25,Q9H293
342371,ATXN1L,P0C7T5
10079,ATP9A,O75110
494513,PJVK,Q0ZLH3
56894,AGPAT3,Q9NRZ7
2098,ESD,P10768
4297,KMT2A,Q03164
10944,SMAP,O00193
253017,TECRL,Q5HYJ1
37,ACADVL,P49748
160897,GPR180,Q86V85
28996,HIPK2,Q9H2X6
118924,FRA10AC1,Q70Z53
7274,TTPA,P49638
7237908337,H2AC18; H2AC19,Q6FI13
8633,UNC5C,O95185
7091,TLE4,Q04727
2733,GLE1,Q53GS7
10410,IFITM3,Q01628
261726,TIPRL,O75663
79598,CEP97,Q8IW35
11336,EXOC3,O60645
4729,NDUFV2,P19404
643699,GOLGA8N,F8WBI6
9230,RAB11B,Q15907
57115,PGLYRP4,Q96LB8
128308,MRPL55,Q7Z7F7
51780,KDM3B,Q7LBC6
23038,WDTC1,Q8N5D0
1278,COL1A2,P08123
54741,LEPROT,O15243
23023,TMCC1,O94876
440335,SMIM22,K7EJ46
680,BRS3,P32247
5139,PDE3A,Q14432
100131755,ARMCX4,Q5H9R4
26355,FAM162A,Q96A26
85450,ITPRIP,Q8IWB1
552889,ATXN7L3B,Q96GX2
10730,YME1L1,Q96TA2
11118,BTN3A2,P78410
23118,TAB2,Q9NYJ8
375287,RBM43,Q6ZSC3
100532726,NDUFC2-KCTD14,E9PQ53
7332,UBE2L3,P68036
11176,BAZ2A,Q9UIF9
340481,ZDHHC21,Q8IVQ6
81858,SHARPIN,Q9H0F6
324,APC,P25054
55777,MBD5,Q9P267
6672,SP100,P23497
9524,TECR,Q9NZ01
6651,SON,P18583
27351,DESI1,Q6ICB0
80143,SIKE1,Q9BRV8
84340,GFM2,Q969S9
25943,C20orf194,Q5TEA3
171024,SYNPO2,Q9UMS6
117248,GALNT15,Q8N3T1
6009,RHEB,Q15382
92840,REEP6,Q96HR9
5810,RAD1,O60671
56936,CCDC177,Q9NQR7
22902,RUFY3,Q7L099
1739,DLG1,Q12959
140850,DEFB127,Q9H1M4
5955,RCN2,Q14257
115294,PCMTD1,Q96MG8
3163,HMOX2,P30519
10261,IGSF6,O95976
161931,ADAD2,Q8NCV1
6229,RPS24,P62847
116228,COX20,Q5RI15
653784,MZT2A,Q6P582
23067,SETD1B,Q9UPS6
9129,PRPF3,O43395
55187,VPS13D,Q5THJ4
10160,FARP1,Q9Y4F1
55746,NUP133,Q8WUM0
3050,HBZ,P02008
22897,CEP164,Q9UPV0
84293,PRXL2A,Q9BRX8
335,APOA1,P02647
90522,YIF1B,Q5BJH7
7570,ZNF22,P17026
8828,NRP2,O60462
7112,TMPO,P42166
7112,TMPO,P42167
283514,SIAH3,Q8IW03
729533,FAM72A,Q5TYM5
10586,MAB21L2,Q9Y586
121274,ZNF641,Q96N77
56898,BDH2,Q9BUT1
55671,PPP4R3A,Q6IN85
1955,MEGF9,Q9H1U4
3690,ITGB3,P05106
6902,TBCA,O75347
80021,TMEM62,Q0P6H9
2615,LRRC32,Q14392
1329,COX5B,P10606
388403,YPEL2,Q96QA6
6502,SKP2,Q13309
10174,SORBS3,O60504
57092,PCNP,Q8WW12
26260,FBXO25,Q8TCJ0
59342,SCPEP1,Q9HB40
1005339974104,MAGEA5,P43359
653,BMP5,P22003
261729,STEAP2,Q8NFT2
5997,RGS2,P41220
55262,MAP11,Q8WVR3
9654,TTLL4,Q14679
84986,ARHGAP19,Q14CB8
84660,CCDC62,Q6P9F0
6326,SCN2A,Q99250
58491,ZNF71,Q9NQZ8
29991,OBP2A,Q9NY56
8725,URI1,O94763
84418,CYSTM1,Q9H1C7
92609,TIMM50,Q3ZCQ8
56257,MEPCE,Q7L2J0
122769,LRR1,Q96L50
9987,HNRNPDL,O14979
133308,SLC9B2,Q86UD5
4696,NDUFA3,O95167
9804,TOMM20,Q15388
1457,CSNK2A1,P68400
3745,KCNB1,Q14721
125170,MIEF2,Q96C03
5899,RALB,P11234
5780,PTPN9,P43378
57805,CCAR2,Q8N163
2768,GNA12,Q03113
10389,SCML2,Q9UQR0
90835,CCDC189,A1A4V9
143241,DYDC1,Q8WWB3
127255,LRRIQ3,A6PVS8
9849,ZNF518A,Q6AHZ1
54555,DDX49,Q9Y6V7
84503,ZNF527,Q8NB42
2033,EP300,Q09472
7468,NSD2,O96028
58525,WIZ,O95785
23111,SPART,Q8N0X7
4036,LRP2,P98164
1404,HAPLN1,P10915
84706,GPT2,Q8TD30
51315,KRCC1,Q9NPI7
10952,SEC61B,P60468
22848,AAK1,Q2M2I8
8708,B3GALT1,Q9Y5Z6
3842,TNPO1,Q92973
170622,COMMD6,Q7Z4G1
84281,C2orf88,Q9BSF0
2874,GPS2,Q13227
5142,PDE4B,Q07343
26873,OPLAH,O14841
55070,DET1,Q7L5Y6
79006,METRN,Q9UJH8
477,ATP1A2,P50993
10620,ARID3B,Q8IVW6
6444,SGCD,Q92629
1540,CYLD,Q9NQC7
79719,AAGAB,Q6PD74
1820,ARID3A,Q99856
202018,TAPT1,Q6NXT6
80006,TRAPPC13,A5PLN9
340252,ZNF680,Q8NEM1
54472,TOLLIP,Q9H0E2
3226,HOXC10,Q9NYD6
51010,EXOSC3,Q9NQT5
22987,SV2C,Q496J9
85440,DOCK7,Q96N67
54469,ZFAND6,Q6FIF0
9270,ITGB1BP1,O14713
390058,OR51B6,Q9H340
65123,INTS3,Q68E01
2891,GRIA2,P42262
7531,YWHAE,P62258
5184,PEPD,P12955
11098,PRSS23,O95084
9321,TRIP11,Q15643
285550,FAM200B,P0CF97
10598,AHSA1,O95433
10634,GAS2L1,Q99501
389856,USP27X,A6NNY8
23141,ANKLE2,Q86XL3
26097,CHTOP,Q9Y3Y2
161823,ADAL,Q6DHV7
9470,EIF4E2,O60573
55554,KLK15,Q9H2R5
54964,MENT,Q9BUN1
23039,XPO7,Q9UIA9
57089,ENTPD7,Q9NQZ7
200132,TCTEX1D1,Q8N7M0
56256,SERTAD4,Q9NUC0
3177,SLC29A2,Q14542
1021,CDK6,Q00534
7528,YY1,P25490
729059,TEX46,H3BTG2
221154,MICU2,Q8IYU8
94056,SYAP1,Q96A49
153642,ARSK,Q6UWY0
116068,LYSMD3,Q7Z3D4
64975,MRPL41,Q8IXM3
2790,GNG10,P50151
51499,TRIAP1,O43715
100128731,OST4,P0C6T2
5733,PTGER3,P43115
5087,PBX1,P40424
29937,NENF,Q9UMX5
64895,PAPOLG,Q9BWT3
55233,MOB1A,Q9H8S9
221264,AK9,Q5TCS8
10247,RIDA,P52758
143570,XRRA1,Q6P2D8
57216,VANGL2,Q9ULK5
286144,TRIQK,Q629K1
126003,TRAPPC5,Q8IUR0
8470,SORBS2,O94875
91272,BOD1,Q96IK1
26100,WIPI2,Q9Y4P8
2957,GTF2A1,P52655
5885,RAD21,O60216
130340,AP1S3,Q96PC3
23215,PRRC2C,Q9Y520
79875,THSD4,Q6ZMP0
203069,R3HCC1,Q9Y3T6
317702,VN1R3,Q9BXE9
55041,PLEKHB2,Q96CS7
58508,KMT2C,Q8NEZ4
26036,ZNF451,Q9Y4E5
29116,MYLIP,Q8WY64
1396,CRIP1,P50238
11260,XPOT,O43592
5928,RBBP4,Q09028
116540,MRPL53,Q96EL3
7767,ZNF224,Q9NZL3
117194,MRGPRX2,Q96LB1
6210,RPS15A,P62244
1411,CRYBA1,P05813
81544,GDPD5,Q8WTR4
1836,SLC26A2,P50443
8518,ELP1,O95163
8614,STC2,O76061
51529,ANAPC11,Q9NYG5
6872,TAF1,P21675
3772,KCNJ15,Q99712
6633,SNRPD2,P62316
10752,CHL1,O00533
91646,TDRD12,Q587J7
5552,SRGN,P10124
9168,TMSB10,P63313
122622,ADSS1,Q8N142
84901,NFATC2IP,Q8NCF5
81577,GFOD2,Q3B7J2
51105,PHF20L1,A8MW92
3340,NDST1,P52848
9295,SRSF11,Q05519
89970,RSPRY1,Q96DX4
27067,STAU2,Q9NUL3
1070,CETN3,O15182
200879,LIPH,Q8WWY8
22820,COPG1,Q9Y678
55209,SETD5,Q9C0A6
25901,CCDC28A,Q8IWP9
256223,CDRT15L2,A8MXV6
25928,SOSTDC1,Q6X4U4
26005,C2CD3,Q4AC94
26030,PLEKHG3,A1L390
79884,MAP9,Q49MG5
25763,H2AP,O75409
2582,GALE,Q14376
7805,LAPTM5,Q13571
7074,TIAM1,Q13009
51703,ACSL5,Q9ULC5
2905,GRIN2C,Q14957
145645,TERB2,Q8NHR7
1268,CNR1,P21554
10939,AFG3L2,Q9Y4W6
10935,PRDX3,P30048
653361,NCF1,P14598
29071,C1GALT1C1,Q96EU7
51451,LCMT1,Q9UIC8
2057,EPOR,P19235
3802,KIR2DL1,P43626
54059,YBEY,P58557
254048,UBN2,Q6ZU65
90736,FAM104B,Q5XKR9
199870,FAM76A,Q8TAV0
56896,DPYSL5,Q9BPU6
57486,NLN,Q9BYT8
55064,SPATA6L,Q8N4H0
128864,C20orf144,Q9BQM9
55754,TMEM30A,Q9NV96
124790,HEXIM2,Q96MH2
9569,GTF2IRD1,Q9UHL9
917,CD3G,P09693
115749,C12orf56,Q8IXR9
22837,COBLL1,Q53SF7
29089,UBE2T,Q9NPD8
3652,IPP,Q9Y573
23762,OSBP2,Q969R2
9770,RASSF2,P50749
8722,CTSF,Q9UBX1
28986,MAGEH1,Q9H213
29881,NPC1L1,Q9UHC9
124583,CANT1,Q8WVQ1
158219,TTC39B,Q5VTQ0
90355,MACIR,Q96GV9
1267,CNP,P09543
79789,CLMN,Q96JQ2
29123,ANKRD11,Q6UB99
10553,HTATIP2,Q9BUP3
4204,MECP2,P51608
6646,SOAT1,P35610
10087,CERT1,Q9Y5P4
387597,ILDR2,Q71H61
7042,TGFB2,P61812
10793,ZNF273,Q14593
440279,UNC13C,Q8NB66
7871,SLMAP,Q14BN4
63895,PIEZO2,Q9H5I5
10282,BET1,O15155
10286,BCAS2,O75934
84498,FAM120B,Q96EK7
8711,TNK1,Q13470
494470,RNF165,Q6ZSG1
92181,UBTD2,Q8WUN7
6050,RNH1,P13489
221322,TBC1D32,Q96NH3
54960,GEMIN8,Q9NWZ8
92335,STRADA,Q7RTN6
10827,FAM114A2,Q9NRY5
5698,PSMB9,P28065
80817,CEP44,Q9C0F1
257160,RNF214,Q8ND24
23180,RFTN1,Q14699
54471,MIEF1,Q9NQG6
57560,IFT80,Q9P2H3
81704,DOCK8,Q8NF50
58524,DMRT3,Q9NQL9
92305,TMEM129,A0AVI4
117145,THEM4,Q5T1C6
5591,PRKDC,P78527
10163,WASF2,Q9Y6W5
25923,ATL3,Q6DD88
55027,HEATR3,Q7Z4Q2
2690,GHR,P10912
23171,GPD1L,Q8N335
348262,MCRIP1,C9JLW8
125228,FAM210A,Q96ND0
85413,SLC22A16,Q86VW1
23040,MYT1L,Q9UL68
1108,CHD4,Q14839
6240,RRM1,P23921
57602,USP36,Q9P275
3400,ID4,P47928
94039,ZNF101,Q8IZC7
56986,DTWD1,Q8N5C7
29966,STRN3,Q13033
100507027,MRLN,P0DMT0
7007,TECTA,O75443
387263,C6orf120,Q7Z4R8
8648,NCOA1,Q15788
79745,CLIP4,Q8N3C7
10735,STAG2,Q8N3U4
55211,DPPA4,Q7L190
54986,ULK4,Q96C45
8607,RUVBL1,Q9Y265
124801,LSM12,Q3MHD2
8882,ZPR1,O75312
317662,FAM149B1,Q96BN6
158135,TTLL11,Q8NHH1
10656,KHDRBS3,O75525
26278,SACS,Q9NZJ4
7167,TPI1,P60174
80212,CCDC92,Q53HC0
2920,CXCL2,P19875
7728,ZNF175,Q9Y473
3642,INSM1,Q01101
2885,GRB2,P62993
51701,NLK,Q9UBE8
135293,PM20D2,Q8IYS1
57396,CLK4,Q9HAZ1
7697,ZNF138,P52744
133015,PACRGL,Q8N7B6
54704,PDP1,Q9P0J1
56255,TMX4,Q9H1E5
23592,LEMD3,Q9Y2U8
83480,PUS3,Q9BZE2
10085,EDIL3,O43854
2767,GNA11,P29992
54757,FAM20A,Q96MK3
312,ANXA13,P27216
117247,SLC16A10,Q8TF71
5350,PLN,P26678
727832,GOLGA6L6,A8MZA4
81607,NECTIN4,Q96NY8
253635,GPATCH11,Q8N954
404203,SPINK6,Q6UWN8
9028,RHBDL1,O75783
10950472651351,ZNF117,Q03924
8453,CUL2,Q13617
114971,PTPMT1,Q8WUK0
56990,CDC42SE2,Q9NRR3
10052676154937,SOHLH2,Q9NX45
54853,WDR55,Q9H6Y2
10245,TIMM17B,O60830
29948,OSGIN1,Q9UJX0
84245,MRI1,Q9BV20
57631,LRCH2,Q5VUJ6
10484,SEC23A,Q15436
149603,RNF187,Q5TA31
8028,MLLT10,P55197
84138,SLC7A6OS,Q96CW6
84236,RHBDD1,Q8TEB9
55330,BLOC1S4,Q9NUP1
155066,ATP6V0E2,Q8NHE4
7840,ALMS1,Q8TCU4
64857,PLEKHG2,Q9H7P9
81693,AMN,Q9BXJ7
4668,NAGA,P17050
25800,SLC39A6,Q13433
219621,CABCOCO1,Q8IVU9
54545,MTMR12,Q9C0I1
3535139084,VCY; VCY1B,O14598
54629,MINDY2,Q8NBR6
57458,TMCC3,Q9ULS5
63901,FAM111A,Q96PZ2
153733,CCDC112,Q8NEF3
196743,PAOX,Q6QHF9
80254,CEP63,Q96MT8
23327,NEDD4L,Q96PU5
27089,UQCRQ,O14949
2617,GARS1,P41250
56157,TEX13A,Q9BXU3
1040,CDS1,Q92903
55160,ARHGEF10L,Q9HCE6
23564,DDAH2,O95865
8675,STX16,O14662
8555,CDC14B,O60729
55332,DRAM1,Q8N682
11179,ZNF277,Q9NRM2
286148,DPY19L4,Q7Z388
1376,CPT2,P23786
1182,CLCN3,P51790
9786,KIAA0586,Q9BVV6
284382,ACTL9,Q8TC94
5718,PSMD12,O00232
3217,HOXB7,P09629
2549,GAB1,Q13480
91351,DDX60L,Q5H9U9
284525,SLC9C2,Q5TAH2
51507,RTF2,Q9BY42
678,ZFP36L2,P47974
341676,NEK5,Q6P3R8
6835,SURF2,Q15527
25939,SAMHD1,Q9Y3Z3
84707,BEX2,Q9BXY8
84317,CCDC115,Q96NT0
23043,TNIK,Q9UKE5
11181,TREH,O43280
386724,AMIGO3,Q86WK7
729852,UMAD1,C9J7I0
28970,C11orf54,Q9H0W9
147991,DPY19L3,Q6ZPD9
255877,BCL6B,Q8N143
6650,CAPN15,O75808
80223,RAB11FIP1,Q6WKZ4
114,ADCY8,P40145
51480,VCX2,Q9H322
9536,PTGES,O14684
57584,ARHGAP21,Q5T5U3
51397,COMMD10,Q9Y6G5
6427999284,NPIPA1,Q9UND3
9848,MFAP3L,O75121
9612,NCOR2,Q9Y618
392,ARHGAP1,Q07960
64777,RMND5B,Q96G75
191,AHCY,P23526
83606,GUCD1,Q96NT3
90441,ZNF622,Q969S3
58505,OSTC,Q9NRP0
10126,DNAL4,O96015
163590,TOR1AIP2,Q8NFQ8
163590,TOR1AIP2,Q9H496
5250,SLC25A3,Q00325
8379,MAD1L1,Q9Y6D9
10028869596626,LIMS3,P0CW19
10028869596626,LIMS4,P0CW20
3418,IDH2,P48735
256356,GK5,Q6ZS86
619208,FAM229B,Q4G0N7
79660,PPP1R3B,Q86XI6
152559,PAQR3,Q6TCH7
5530,PPP3CA,Q08209
10475,TRIM38,O00635
219738,FAM241B,Q96D05
64800,EFCAB6,Q5THR3
1291,COL6A1,P12109
360,AQP3,Q92482
23262,PPIP5K2,O43314
4499,MT1M,Q8N339
93664,CADPS2,Q86UW7
23670,CEMIP2,Q9UHN6
1501,CTNND2,Q9UQB3
221178,SPATA13,Q96N96
5799,PTPRN2,Q92932
8498,RANBP3,Q9H6Z4
25917,THUMPD3,Q9BV44
653720,GOLGA8M,H3BSY2
92285,ZNF585B,Q52M93
10529,NEBL,O76041
1960,EGR3,Q06889
7862,BRPF1,P55201
51684,SUFU,Q9UMX1
9882,TBC1D4,O60343
25909,AHCTF1,Q8WYP5
23097,CDK19,Q9BWU1
221468,TMEM217,Q8N7C4
129285,PPP1R21,Q6ZMI0
51761,ATP8A2,Q9NTI2
10436,EMG1,Q92979
83608,C18orf21,Q32NC0
112,ADCY6,O43306
644,BLVRA,P53004
3487,IGFBP4,P22692
222389,BEND7,Q8N7W2
282763,OR51B5,Q9H339
79906,MORN1,Q5T089
56907,SPIRE1,Q08AE8
7771,ZNF112,Q9UJU3
22836,RHOBTB3,O94955
57799,RAB40C,Q96S21
54700,RRN3,Q9NYV6
8678,BECN1,Q14457
10102,TSFM,P43897
112703,FAM71E1,Q6IPT2
3187,HNRNPH1,P31943
9988,DMTF1,Q9Y222
10942,PRSS21,Q9Y6M0
57532,NUFIP2,Q7Z417
203238,CCDC171,Q6TFL3
284485,RIIAD1,A6NNX1
55832,CAND1,Q86VP6
54464,XRN1,Q8IZH2
10052683551086,TNNI3K,Q59H18
57600,FNIP2,Q9P278
27346,TMEM97,Q5BJF2
440574,MICOS10,Q5TGZ0
55608,ANKRD10,Q9NXR5
23217,ZFR2,Q9UPR6
23161,SNX13,Q9Y5W8
64859,NABP1,Q96AH0
26190,FBXW2,Q9UKT8
9542,NRG2,O14511
57189,DENND11,A4D1U4
96764,TGS1,Q96RS0
135250,RAET1E,Q8TD07
6532,SLC6A4,P31645
1486,CTBS,Q01459
33,ACADL,P28330
23200,ATP11B,Q9Y2G3
493911,PHOSPHO2,Q8TCD6
1965,EIF2S1,P05198
10106,CTDSP2,O14595
23457,ABCB9,Q9NP78
54970,TTC12,Q9H892
375248,ANKRD36,A6QL64
10208,USPL1,Q5W0Q7
7283,TUBG1,P23258
64083,GOLPH3,Q9H4A6
51184,GPN3,Q9UHW5
257019,FRMD3,A2A2Y4
51143,DYNC1LI1,Q9Y6G9
6637,SNRPG,P62308
1854,DUT,P33316
64598,MOSPD3,O75425
1996,ELAVL4,P26378
114880,OSBPL6,Q9BZF3
5425,POLD2,P49005
8763,CD164,Q04900
399694,SHC4,Q6S5L8
645745,MT1HL1,P0DM35
1389,CREBL2,O60519
79788,ZNF665,Q9H7R5
9364,RAB28,P51157
55234,SMU1,Q2TAY7
79780,CCDC82,Q8N4S0
79624,ARMT1,Q9H993
7163,TPD52,P55327
54470,ARMCX6,Q7L4S7
51466,EVL,Q9UI08
5879,RAC1,P63000
7291,TWIST1,Q15672
85007,PHYKPL,Q8IUZ5
51463653519,GPR89A,B7ZAQ6
51463653519,GPR89B,P0CG08
11340,EXOSC8,Q96B26
137970,UNC5D,Q6UXZ4
162967,ZNF320,A2RRD8
9811,CTIF,O43310
4174,MCM5,P33992
55180,LINS1,Q8NG48
63916,ELMO2,Q96JJ3
26051,PPP1R16B,Q96T49
4495,MT1G,P13640
57418,WDR18,Q9BV38
2186,BPTF,Q12830
84231,TRAF7,Q6Q0C0
55275,VPS53,Q5VIR6
87,ACTN1,P12814
10409,BASP1,P80723
2091,FBL,P22087
134728,IRAK1BP1,Q5VVH5
7247,TSN,Q15631
23192,ATG4B,Q9Y4P1
60677,CELF6,Q96J87
54539,NDUFB11,Q9NX14
127254,ERICH3,Q5RHP9
1894,ECT2,Q9H8V3
120,ADD3,Q9UEY8
9927,MFN2,O95140
2965,GTF2H1,P32780
25837,RAB26,Q9ULW5
257062,CATSPERD,Q86XM0
9331,B4GALT6,Q9UBX8
51024,FIS1,Q9Y3D6
129881,CCDC173,Q0VFZ6
26994,RNF11,Q9Y3C5
11275,KLHL2,O95198
10344,CCL26,Q9Y258
64864,RFX7,Q2KHR2
6120,RPE,Q96AT9
8844,KSR1,Q8IVT5
55500,ETNK1,Q9HBU6
8372,HYAL3,O43820
51077,FCF1,Q9Y324
114569,MAL2,Q969L2
148254,ZNF555,Q8NEP9
9583,ENTPD4,Q9Y227
387707,CC2D2B,Q6DHV5
11212,PLPBP,O94903
55729,ATF7IP,Q6VMQ6
112849,L3HYPDH,Q96EM0
2734,GLG1,Q92896
79682,CENPU,Q71F23
7164,TPD52L1,Q16890
8816,DCAF5,Q96JK2
414918,DENND6B,Q8NEG7
1211,CLTA,P09496
6594,SMARCA1,P28370
26263,FBXO22,Q8NEZ5
10478,SLC25A17,O43808
4478,MSN,P26038
285704,RGMB,Q6NW40
140597,TCEAL2,Q9H3H9
7844,RNF103,O00237
53339,BTBD1,Q9H0C5
7366,UGT2B15,P54855
285148,IAH1,Q2TAA2
6400,SEL1L,Q9UBV2
2005,ELK4,P28324
5361,PLXNA1,Q9UIW2
93663,ARHGAP18,Q8N392
81669,CCNL2,Q96S94
22894,DIS3,Q9Y2L1
29843,SENP1,Q9P0U3
84934,RITA1,Q96K30
84269,CHCHD5,Q9BSY4
64756,ATPAF1,Q5TC12
154313,CFAP206,Q8IYR0
5569,PKIA,P61925
10438,C1D,Q13901
375449,MAST4,O15021
55780,ERMARD,Q5T6L9
6001,RGS10,O43665
7884,SLBP,Q14493
97,ACYP1,P07311
6134,RPL10,P27635
7718,ZNF165,P49910
4743834743848260,F8A1; F8A2; F8A3,P23610
23505,TMEM131,Q92545
4800,NFYA,P23511
1594,CYP27B1,O15528
2786,GNG4,P50150
8048,CSRP3,P50461
100129361,SMIM10L1,P0DMW3
57639,CCDC146,Q8IYE0
2515,ADAM2,Q99965
145497,LRRC74A,Q0VAA2
1434,CSE1L,P55060
51763,INPP5K,Q9BT40
100129969,FAM205C,A6NFA0
217,ALDH2,P05091
4942,OAT,P04181
10659,CELF2,O95319
752014,CEMP1,Q6PRD7
57482,CRACD,Q6ZU35
339669,TEX33,O43247
57156,TMEM63C,Q9P1W3
222194,RSBN1L,Q6PCB5
158,ADSL,P30566
51545,ZNF581,Q9P0T4
10594,PRPF8,Q6P2Q9
64981,MRPL34,Q9BQ48
284071,MEIOC,A2RUB1
375757,SWI5,Q1ZZU3
2081,ERN1,O75460
27013,CNPPD1,Q9BV87
83943,IMMP2L,Q96T52
51230,PHF20,Q9BVI0
114799,ESCO1,Q5FWF5
28989,NTMT1,Q9BV86
8395,PIP5K1B,O14986
7511,XPNPEP1,Q9NQW7
170082,TCEANC,Q8N8B7
55201,MAP1S,Q66K74
79832,QSER1,Q2KHR3
55204,GOLPH3L,Q9H4A5
64781,CERK,Q8TCT0
55731,FAM222B,Q8WU58
6792,CDKL5,O76039
114803,MYSM1,Q5VVJ2
353189,SLCO4C1,Q6ZQN7
55048,VPS37C,A5D8V6
23549,DNPEP,Q9ULA0
149041,RC3H1,Q5TC82
283554,GPR137C,Q8N3F9
445815,PALM2,Q8IXS6
445815,AKAP2,Q9Y2D5
50615,IL21R,Q9HBE5
10274,STAG1,Q8WVM7
7760,ZNF213,O14771
79801,SHCBP1,Q8NEM2
148156,ZNF558,Q96NG5
11138,TBC1D8,O95759
124411,ZNF720,Q7Z2F6
1200,TPP1,O14773
5496,PPM1G,O15355
9044,BTAF1,O14981
7552,ZNF711,Q9Y462
219333,USP12,O75317
7109,TRAPPC10,P48553
26747,NUFIP1,Q9UHK0
80255,SLC35F5,Q8WV83
90141,EFCAB11,Q9BUY7
253461,ZBTB38,Q8NAP3
51186,TCEAL9,Q9UHQ7
54586,EQTN,Q9NQ60
57684,ZBTB26,Q9HCK0
2519,FUCA2,Q9BTY2
8539,API5,Q9BZZ5
54331,GNG2,P59768
6249,CLIP1,P30622
5601,MAPK9,P45984
64582,GPR135,Q8IZ08
56270,WDR45B,Q5MNZ6
919,CD247,P20963
8880,FUBP1,Q96AE4
163,AP2B1,P63010
55105,GPATCH2,Q9NW75
200424,TET3,O43151
54920,DUS2,Q9NX74
27440,HDHD5,Q9BXW7
374887,YJEFN3,A6XGL0
112752,IFT43,Q96FT9
84689,MS4A14,Q96JA4
55323,LARP6,Q9BRS8
978,CDA,P32320
10427,SEC24B,O95487
23243,ANKRD28,O15084
5797,PTPRM,P28827
146852,ODF4,Q2M2E3
25847,ANAPC13,Q9BS18
6892,TAPBP,O15533
285761,DCBLD1,Q8N8Z6
1351,COX8A,P10176
56128,PCDHB8,Q9UN66
6496,SIX3,O95343
9360,PPIG,Q13427
79725,THAP9,Q9H5L6
2633,GBP1,P32455
55028,C17orf80,Q9BSJ5
79876,UBA5,Q9GZZ9
9039,UBA3,Q8TBC4
25771,TBC1D22A,Q8WUA7
55153,SDAD1,Q9NVU7
57685,CACHD1,Q5VU97
84437,MSANTD4,Q8NCY6
100528062114928,GPRASP2,Q96D09
4155,MBP,P02686
7768,ZNF225,Q9UK10
7325,UBE2E2,Q96LR5
6917,TCEA1,P23193
8463,TEAD2,Q15562
7305,TYROBP,O43914
90799,CEP95,Q96GE4
284058,KANSL1,Q7Z3B3
8904,CPNE1,Q99829
51121,RPL26L1,Q9UNX3
79572,ATP13A3,Q9H7F0
4277,MICB,Q29980
3705,ITPK1,Q13572
375190,FAM228B,P0C875
84923,FAM104A,Q969W3
339287,MSL1,Q68DK7
23440,OTP,Q5XKR4
81611,ANP32E,Q9BTT0
6386,SDCBP,O00560
199920,FYB2,Q5VWT5
56656,OR2S2,Q9NQN1
9205,ZMYM5,Q9UJ78
22877,MLXIP,Q9HAP2
51030,TVP23B,Q9NYZ1
4323,MMP14,P50281
1027,CDKN1B,P46527
55193,PBRM1,Q86U86
5704,PSMC4,P43686
10134,BCAP31,P51572
84083,ZRANB3,Q5FWF4
80314,EPC1,Q9H2F5
55599,RNPC3,Q96LT9
5440,POLR2K,P53803
116225,ZMYND19,Q96E35
114804,RNF157,Q96PX1
169200,TMEM64,Q6YI46
51605,TRMT6,Q9UJA5
3801,KIFC3,Q9BVG8
23589,CARHSP1,Q9Y2V2
9325,TRIP4,Q15650
1769,DNAH8,Q96JB1
9441,MED26,O95402
2993,GYPA,P02724
159090,FAM122B,Q7Z309
23092,ARHGAP26,Q9UNA1
57709,SLC7A14,Q8TBB6
10101,NUBP2,Q9Y5Y2
64098,PARVG,Q9HBI0
196792,FAM24B,Q8N5W8
9467,SH3BP5,O60239
64087,MCCC2,Q9HCC0
3516,RBPJ,Q06330
653275,CFC1B,P0CG36
51566,ARMCX3,Q9UH62
55509,BATF3,Q9NR55
83607,AMMECR1L,Q6DCA0
889,KRIT1,O00522
23585,TMEM50A,O95807
84859,LRCH3,Q96II8
80313,LRRC27,Q9C0I9
25792,CIZ1,Q9ULV3
51092,SIDT2,Q8NBJ9
55667,DENND4C,Q5VZ89
164395,TTLL9,Q3SXZ7
7752,ZNF200,P98182
118672,PSTK,Q8IV42
166012,CHST13,Q8NET6
6446,SGK1,O00141
126823,KLHDC9,Q8NEP7
4217,MAP3K5,Q99683
151903,CCDC12,Q8WUD4
10581,IFITM2,Q01629
50940,PDE11A,Q9HCR9
80122,MAP3K19,Q56UN5
23413,NCS1,P62166
200916,RPL22L1,Q6P5R6
6317,SERPINB3,P29508
2588,GALNS,P34059
51390,AIG1,Q9NVV5
8503,PIK3R3,Q92569
23710,GABARAPL1,Q9H0R8
26000,TBC1D10B,Q4KMP7
80153,EDC3,Q96F86
84337,ELOF1,P60002
5708,PSMD2,Q13200
54778,RNF111,Q6ZNA4
55110,MAGOHB,Q96A72
7189,TRAF6,Q9Y4K3
114793,FMNL2,Q96PY5
5740,PTGIS,Q16647
51727,CMPK1,P30085
101929926,TEX51,A0A1B0GUA7
123775,C16orf46,Q6P387
91181,NUP210L,Q5VU65
219844,HYLS1,Q96M11
90871,DMAC1,Q96GE9
10518,CIB2,O75838
132864,CPEB2,Q7Z5Q1
80762,NDFIP1,Q9BT67
58477,SRPRB,Q9Y5M8
56261,GPCPD1,Q9NPB8
57509,MTUS1,Q9ULD2
9581,PREPL,Q4J6C6
91147,TMEM67,Q5HYA8
51360,MBTPS2,O43462
285381,DPH3,Q96FX2
84224,NBPF3,Q9H094
867,CBL,P22681
10053310523678,SGK3,Q96BR1
26658,OR7C2,O60412
348235,SKA2,Q8WVK7
440348,NPIPB15,A6NHN6
56160,NSMCE3,Q96MG7
23597,ACOT9,Q9Y305
9555,MACROH2A1,O75367
10030265251130,ASB3,Q9Y575
54602,NDFIP2,Q9NV92
83873,GPR61,Q9BZJ8
53616,ADAM22,Q9P0K1
55862,ECHDC1,Q9NTX5
91750,LIN52,Q52LA3
58487,CREBZF,Q9NS37
2799,GNS,P15586
3575,IL7R,P16871
2117,ETV3,P41162
201254,CENPX,A8MT69
55789,DEPDC1B,Q8WUY9
80772,CPTP,Q5TA50
2070,EYA4,O95677
284184,NDUFAF8,A1L188
124626,ZPBP2,Q6X784
11060,WWP2,O00308
5129,CDK18,Q07002
55006,TRMT61B,Q9BVS5
374786,EFCAB5,A4FU69
3880,KRT19,P08727
131034,CPNE4,Q96A23
80017,DGLUCY,Q7Z3D6
91298,C12orf29,Q8N999
163859,SDE2,Q6IQ49
5570,PKIB,Q9C010
84059,ADGRV1,Q8WXG9
79786,KLHL36,Q8N4N3
401466,RBIS,Q8N0T1
10616,RBCK1,Q9BYM8
50808,AK3,Q9UIJ7
26298,EHF,Q9NZC4
29097,CNIH4,Q9P003
8780,RIOK3,O14730
126668,TDRD10,Q5VZ19
285521,COX18,Q8N8Q8
6865,TACR2,P21452
55112,WDR60,Q8WVS4
441054,C4orf47,A7E2U8
100533106,ZHX1-C8orf76,Q96EF9
7227,TRPS1,Q9UHF7
1750,DLX6,P56179
286046,XKR6,Q5GH73
91614,DEPDC7,Q96QD5
7272,TTK,P33981
64149,C17orf75,Q9HAS0
1876,E2F6,O75461
79701,OGFOD3,Q6PK18
285016,ALKAL2,Q6UX46
79152,FA2H,Q7L5A8
81617,CAB39L,Q9H9S4
113,ADCY7,P51828
5685,PSMA4,P25789
8490,RGS5,O15539
10963,STIP1,P31948
8495,PPFIBP2,Q8ND30
85459,CEP295,Q9C0D2
392307,FAM221B,A6H8Z2
4704,NDUFA9,Q16795
55256,ADI1,Q9BV57
26286,ARFGAP3,Q9NP61
6546,SLC8A1,P32418
4604,MYBPC1,Q00872
57704,GBA2,Q9HCG7
2821,GPI,P06744
1538,CYLC1,P35663
93550,ZFAND4,Q86XD8
10637,LEFTY1,O75610
23266,ADGRL2,O95490
5715,PSMD9,O00233
127544,RNF19B,Q6ZMZ0
8519,IFITM1,P13164
84033,OBSCN,Q5VST9
1856,DVL2,O14641
55322,C5orf22,Q49AR2
124491,TMEM170A,Q8WVE7
64747,MFSD1,Q9H3U5
389123,IQCF2,Q8IXL9
497189,TIFAB,Q6ZNK6
80155,NAA15,Q9BXJ9
129852,C2orf73,Q8N5S3
55841,WWC3,Q9ULE0
84879,MFSD2A,Q8NA29
643236,TMEM72,A0PK05
831,CAST,P20810
7181,NR2C1,P13056
57001,SDHAF3,Q9NRP4
64422,ATG3,Q9NT62
55213,RCBTB1,Q8NDN9
284309,ZNF776,Q68DI1
1102,RCBTB2,O95199
643155,SMIM15,Q7Z3B0
5140,PDE3B,Q13370
128414,NKAIN4,Q8IVV8
25973,PARS2,Q7L3T8
51564,HDAC7,Q8WUI4
337970,KRTAP19-3,Q7Z4W3
100289187,TMEM225B,P0DP42
7030,TFE3,P19532
7351,UCP2,P55851
140883,ZNF280B,Q86YH2
4430,MYO1B,O43795
6782,HSPA13,P48723
6873,TAF2,Q6P1X5
57691,KIAA1586,Q9HCI6
158401,SHOC1,Q5VXU9
152006,RNF38,Q9H0F5
83707,TRPT1,Q86TN4
5598,MAPK7,Q13164
80183,RUBCNL,Q9H714
23219,FBXO28,Q9NVF7
23186,RCOR1,Q9UKL0
8507,ENC1,O14682
284992,CCDC150,Q8NCX0
255043,TMEM86B,Q8N661
3817,KLK2,P20151
8767,RIPK2,O43353
159091,FAM122C,Q6P4D5
100302736353376,TICAM2,Q86XR7
10030273651014,TMED7,Q9Y3B3
116835,HSPA12B,Q96MM6
91252,SLC39A13,Q96H72
7639,ZNF85,Q03923
11123,RCAN3,Q9UKA8
5163,PDK1,Q15118
4793,NFKBIB,Q15653
11270,NRM,Q8IXM6
54328,GPR173,Q9NS66
51015,ISOC1,Q96CN7
51228,GLTP,Q9NZD2
55681,SCYL2,Q6P3W7
400830,DEFB132,Q7Z7B7
4209,MEF2D,Q14814
115207,KCTD12,Q96CX2
29982,NRBF2,Q96F24
1795,DOCK3,Q8IZD9
55432,YOD1,Q5VVQ6
51496,CTDSPL2,Q05D32
5936,RBM4,Q9BWF3
10052679493034,NT5C1B,Q96P26
80854,SETD7,Q8WTS6
63876,PKNOX2,Q96KN3
1455,CSNK1G2,P78368
4293,MAP3K9,P80192
10562,OLFM4,Q6UX06
10497,UNC13B,O14795
23299,BICD2,Q8TD16
1803,DPP4,P27487
9728,SECISBP2L,Q93073
10052673710432,RBM14,Q96PK6
8563,THOC5,Q13769
401152,C4orf3,Q8WVX3
79096,C11orf49,Q9H6J7
148545,NBPF4,Q96M43
100505741,SPATA1,Q5VX52
10240,MRPS31,Q92665
84060,RBM48,Q5RL73
55154,MSTO1,Q9BUK6
65109,UPF3B,Q9BZI7
81490,PTDSS2,Q9BVG9
9411,ARHGAP29,Q52LW3
128338,DRAM2,Q6UX65
2585,GALK2,Q01415
87178,PNPT1,Q8TCS8
54103,GSAP,A4D1B5
59339,PLEKHA2,Q9HB19
55844,PPP2R2D,Q66LE6
158158,RASEF,Q8IZ41
8411,EEA1,Q15075
100142659,CTAGE8,P0CG41
100128553100142000,CTAGE4,Q8IX94
54458,PRR13,Q9NZ81
23351,KHNYN,O15037
23101,MCF2L2,Q86YR7
222698,NKAPL,Q5M9Q1
2533,FYB1,O15117
9181,ARHGEF2,Q92974
26,AOC1,P19801
6668,SP2,Q02086
2290,FOXG1,P55316
84439,HHIPL1,Q96JK4
57718,PPP4R4,Q6NUP7
25,ABL1,P00519
116841,SNAP47,Q5SQN1
440193,CCDC88C,Q9P219
11154,AP4S1,Q9Y587
4898,NRDC,O43847
51567,TDP2,O95551
26515,TIMM10B,Q9Y5J6
642987,TMEM232,C9JQI7
1031,CDKN2C,P42773
57561,ARRDC3,Q96B67
9516,LITAF,Q99732
27161,AGO2,Q9UKV8
56111,PCDHGA4,Q9Y5G9
641455,POTEM,A6NI47
11342,RNF13,O43567
9447,AIM2,O14862
7071,KLF10,Q13118
54497,HEATR5B,Q9P2D3
2899,GRIK3,Q13003
3204,HOXA7,P31268
2810,SFN,P31947
93233,CCDC114,Q96M63
151649,PP2D1,A8MPX8
54801,HAUS6,Q7Z4H7
5592,PRKG1,Q13976
57562,CEP126,Q9P2H0
2650,GCNT1,Q02742
3113,HLA-DPA1,P20036
55691,FRMD4A,Q9P2Q2
10006,ABI1,Q8IZP0
5000,ORC4,O43929
125336,LOXHD1,Q8IVV2
114821,ZBED9,Q6R2W3
1429,CRYZ,Q08257
81930,KIF18A,Q8NI77
9240,PNMA1,Q8ND90
3364,HUS1,O60921
7764,ZNF217,O75362
27252,KLHL20,Q9Y2M5
25898,RCHY1,Q96PM5
79844,ZDHHC11,Q9H8X9
22879,MON1B,Q7L1V2
9792,SERTAD2,Q14140
160140,MFI,Q8NCR3
29958,DMGDH,Q9UI17
168400,DDX53,Q86TM3
339416,ANKRD45,Q5TZF3
71,ACTG1,P63261
25782,RAB3GAP2,Q9H2M9
158787,RIBC1,Q8N443
10428,CFDP1,Q9UEE9
2635,GBP3,Q9H0R5
7702,ZNF143,P52747
3216,HOXB6,P17509
221079,ARL5B,Q96KC2
114049,BUD23,O43709
57414,RHBDD2,Q6NTF9
196993,CT62,P0C5K7
7644,ZNF91,Q05481
55739,NAXD,Q8IW45
11101,ATE1,O95260
65124,SOWAHC,Q53LP3
202,CRYBG1,Q9Y4K1
353355,ZNF233,A6NK53
81563,C1orf21,Q9H246
3428,IFI16,Q16666
169966,TENT5D,Q8NEK8
400,ARL1,P40616
79639,TMEM53,Q6P2H8
29969,MDFIC,Q9P1T7
65244,SPATS2,Q86XZ4
7874,USP7,Q93009
51646,YPEL5,P62699
343990,KIAA1211L,Q6NV74
162427,RETREG3,Q86VR2
114897,C1QTNF1,Q9BXJ1
286827,TRIM59,Q8IWR1
57045,TWSG1,Q9GZX9
54843,SYTL2,Q9HCH5
51765,STK26,Q9P289
89941,RHOT2,Q8IXI1
10440,TIMM17A,Q99595
284612,SYPL2,Q5VXT5
23047,PDS5B,Q9NTI5
9903,KLHL21,Q9UJP4
59084,ENPP5,Q9UJA9
8939,FUBP3,Q96I24
441549,CDNF,Q49AH0
137886,UBXN2B,Q14CS0
119,ADD2,P35612
10422,UBAC1,Q9BSL1
643037,C11orf97,A0A1B0GVM6
22996,TTC39A,Q5SRH9
245711,SPDYA,Q5MJ70
7263,TST,Q16762
84628,NTNG2,Q96CW9
56888,KCMF1,Q9P0J7
130589,GALM,Q96C23
5880,RAC2,P15153
23554,TSPAN12,O95859
10150,MBNL2,Q5VZF2
10816,SPINT3,P49223
83447,SLC25A31,Q9H0C2
55172,DNAAF2,Q9NVR5
54994,GID8,Q9NWU2
647087,STMP1,E0CX11
60489,APOBEC3G,Q9HC16
51540,SCLY,Q96I15
11059,WWP1,Q9H0M0
1327,COX4I1,P13073
50848,F11R,Q9Y624
23244,PDS5A,Q29RF7
830,CAPZA2,P47755
122046,TEX26,Q8N6G2
10640,EXOC5,O00471
2901,GRIK5,Q16478
129446,XIRP2,A4UGR9
51177,PLEKHO1,Q53GL0
374618,TEX9,Q8N6V9
3475,IFRD1,O00458
93166,PRDM6,Q9NQX0
5201,PFDN1,O60925
401067,IQCF3,P0C7M6
158293,FAM120AOS,Q5T036
3429,IFI27,P40305
84002,B3GNT5,Q9BYG0
51643,TMBIM4,Q9HC24
150290,DUSP18,Q8NEJ0
64769,MEAF6,Q9HAF1
93273,LEMD1,Q68G75
84250,SLF1,Q9BQI6
196385,DNAH10,Q8IVF4
11318,GPR182,O15218
115548,FCHO2,Q0JRZ9
7410,VAV2,P52735
138199,CARNMT1,Q8N4J0
387882,OCC1,Q8TAD7
221711,SYCP2L,Q5T4T6
149986,LSM14B,Q9BX40
2303,FOXC2,Q99958
7003,TEAD1,P28347
222166,MTURN,Q8N3F0
79818,ZNF552,Q9H707
2776,GNAQ,P50148
7518,XRCC4,Q13426
84532,ACSS1,Q9NUB1
8754,ADAM9,Q13443
25895,EEF1AKMT3,Q96AZ1
8776,MTMR1,Q13613
57722,IGDCC4,Q8TDY8
124989,EFCAB13,Q8IY85
196394,AMN1,Q8IY45
157,GRK3,P35626
254225,RNF169,Q8NCN4
10771,ZMYND11,Q15326
8099,CDK2AP1,O14519
127829,ARL8A,Q96BM9
23403,FBXO46,Q6PJ61
22828,SCAF8,Q9UPN6
23232,TBC1D12,O60347
7594,ZNF43,P17038
51617,NSG2,Q9Y328
1475,CSTA,P01040
6845,VAMP7,P51809
124220,ZG16B,Q96DA0
114659,LRRC37B,Q96QE4
79091,METTL22,Q9BUU2
6729,SRP54,P61011
729515,TMEM242,Q9NWH2
84140,FAM161A,Q3B820
2863,GPR39,O43194
23037,PDZD2,O15018
127703,C1orf216,Q8TAB5
23366,KIAA0895,Q8NCT3
8935,SKAP2,O75563
1959,EGR2,P11161
55720,TSR1,Q2NL82
161835,FSIP1,Q8NA03
55814,BDP1,A6H8Y1
139231,FAM199X,Q6PEV8
126231,ZNF573,Q86YE8
57531,HACE1,Q8IYU2
5455,POU3F3,P20264
9748,SLK,Q9H2G2
117178,SSX2IP,Q9Y2D8
4926,NUMA1,Q14980
4513,MT-CO2,P00403
10713,USP39,Q53GS9
29957,SLC25A24,Q6NUK1
57621,ZBTB2,Q8N680
23787,MTCH1,Q9NZJ7
283149,BCL9L,Q86UU0
2355,FOSL2,P15408
284369,SIGLECL1,Q8N7X8
55156,ARMC1,Q9NVT9
6238,RRBP1,Q9P2E9
1195,CLK1,P49759
55623,THUMPD1,Q9NXG2
130074,FAM168B,A1KXE4
22992,KDM2A,Q9Y2K7
55138,FAM90A1,Q86YD7
84922,FIZ1,Q96SL8
1525,CXADR,P78310
92610,TIFA,Q96CG3
254272,TBC1D28,Q2M2D7
4070,TACSTD2,P09758
23078,VWA8,A3KMH1
5199,CFP,P27918
253512,SLC25A30,Q5SVS4
11236,RNF139,Q8WU17
389362,PSMG4,Q5JS54
136263,SSMEM1,Q8WWF3
23119,HIC2,Q96JB3
6935,ZEB1,P37275
125488,TTC39C,Q8N584
154075,SAMD3,Q8N6K7
79065,ATG9A,Q7Z3C6
9223,MAGI1,Q96QZ7
25972,UNC50,Q53HI1
5359,PLSCR1,O15162
23191,CYFIP1,Q7L576
9659,PDE4DIP,Q5VU43
57488,ESYT2,A0FGR8
81606,LBH,Q53QV2
474170,LRRC37A2,A6NM11
6295,SAG,P10523
8228,PNPLA4,P41247
51167,CYB5R4,Q7L1T6
23254,KAZN,Q674X7
2241,FER,P16591
11201,POLI,Q9UNA4
64651,CSRNP1,Q96S65
55066,PDPR,Q8NCN5
2589,GALNT1,Q10472
57537,SORCS2,Q96PQ0
388951,TSPYL6,Q8N831
10140,TOB1,P50616
9313,MMP20,O60882
7257,TSNAX,Q99598
80331,DNAJC5,Q9H3Z4
4067,LYN,P07948
146198,ZFP90,Q8TF47
395,ARHGAP6,O43182
550643,NBDY,A0A0U1RRE5
5321,PLA2G4A,P47712
240,ALOX5,P09917
29934,SNX12,Q9UMY4
83481,EPPK1,P58107
840,CASP7,P55210
282973,JAKMIP3,Q5VZ66
2281,FKBP1B,P68106
3726,JUNB,P17275
56934,CA10,Q9NS85
951,CD37,P11049
23347,SMCHD1,A6NHR9
140838,NANP,Q8TBE9
11037286749,STON1,Q9Y6Q2
2346,FOLH1,Q04609
25824,PRDX5,P30044
7284,TUFM,P49411
84899,TMTC4,Q5T4D3
124817,CNTD1,Q8N815
171019,ADAMTS19,Q8TE59
131873,COL6A6,A6NMZ7
55287,TMEM40,Q8WWA1
79134,TMEM185B,Q9H7F4
5568,PRKACG,P22612
79002,TRIR,Q9BQ61
55916,NXT2,Q9NPJ8
6415,SELENOW,P63302
2271,FH,P07954
81928,CABLES2,Q9BTV7
29128,UHRF1,Q96T88
6511,SLC1A6,P48664
2870,GRK6,P43250
55727,BTBD7,Q9P203
84326,METTL26,Q96S19
92960,PEX11G,Q96HA9
23112,TNRC6B,Q9UPQ9
57448,BIRC6,Q9NR09
22938,SNW1,Q13573
283537,SLC46A3,Q7Z3Q1
550631,CCDC157,Q569K6
11033,ADAP1,O75689
2683,B4GALT1,P15291
100288142,NBPF20,P0DPF2
63933,MCUR1,Q96AQ8
1213,CLTC,Q00610
25764,HYPK,Q9NX55
54622,ARL15,Q9NXU5
57606,SLAIN2,Q9P270
2785,GNG3,P63215
81894,SLC25A28,Q96A46
5734,PTGER4,P35408
79673,ZNF329,Q86UD4
55421,NCBP3,Q53F19
23331,TTC28,Q96AY4
140,ADORA3,P0DMS8
121006,FAM186A,A6NE01
246175,CNOT6L,Q96LI5
283871,PGP,A6NDG6
4589,MUC7,Q8TAX7
285,ANGPT2,O15123
148867,SLC30A7,Q8NEW0
11085,ADAM30,Q9UKF2
2182,ACSL4,O60488
388962,BOLA3,Q53S33
375056,MIA3,Q5JRA6
26285,CLDN17,P56750
84196,USP48,Q86UV5
541578,EOLA2,Q96DE9
6218,RPS17,P08708
119032,BORCS7,Q96B45
53405,CLIC5,Q9NZA1
22921,MSRB2,Q9Y3D2
3476,IGBP1,P78318
9570,GOSR2,O14653
23072,HECW1,Q76N89
54566,EPB41L4B,Q9H329
64091,POPDC2,Q9HBU9
51303,FKBP11,Q9NYL4
54961,SSH3,Q8TE77
11064,CNTRL,Q7Z7A1
1487,CTBP1,Q13363
348654,GEN1,Q17RS7
6141,RPL18,Q07020
145788,C15orf65,H3BRN8
9166,EBAG9,O00559
80195,TMEM254,Q8TBM7
375743,PTAR1,Q7Z6K3
23001,WDFY3,Q8IZQ1
4848,CNOT2,Q9NZN8
197370,NSMCE1,Q8WV22
91452,ACBD5,Q5T8D3
80045,GPR157,Q5UAW9
9908,G3BP2,Q9UN86
56890,MDM1,Q8TC05
54988,ACSM5,Q6NUN0
6878,TAF6,P49848
5144,PDE4D,Q08499
3354,HTR1E,P28566
9871,SEC24D,O94855
57223,PPP4R3B,Q5MIZ7
54715,RBFOX1,Q9NWB1
55604,CARMIL1,Q5VZK9
5580,PRKCD,Q05655
6181,RPLP2,P05387
644186,SYCE3,A1L190
9169,SCAF11,Q99590
9390,SLC22A13,Q9Y226
91663,MYADM,Q96S97
4135,MAP6,Q96JE9
122704,MRPL52,Q86TS9
29780,PARVB,Q9HBI1
55957,LIN37,Q96GY3
27340,UTP20,O75691
8243,SMC1A,Q14683
153579,BTNL9,Q6UXG8
6147,RPL23A,P62750
140576,S100A16,Q96FQ6
5962,RDX,P35241
3371,TNC,P24821
7705,ZNF146,Q15072
144195,SLC2A14,Q8TDB8
4985,OPRD1,P41143
55017,C14orf119,Q9NWQ9
64755,C16orf58,Q96GQ5
3421,IDH3G,P51553
54976,C20orf27,Q9GZN8
26521,TIMM8B,Q9Y5J9
55335,NIPSNAP3B,Q9BS92
126295,ZNF57,Q68EA5
8727,CTNNAL1,Q9UBT7
4645,MYO5B,Q9ULV0
441024,MTHFD2L,Q9H903
55763,EXOC1,Q9NV70
79447,PAGR1,Q9BTK6
26127,FGFR1OP2,Q9NVK5
56122,PCDHB14,Q9Y5E9
78996,CYREN,Q9BWK5
27156,RSPH14,Q9UHP6
54512,EXOSC4,Q9NPD3
5464,PPA1,Q15181
25998,IBTK,Q9P2D0
23071,ERP44,Q9BS26
5075,PAX1,P15863
5244,ABCB4,P21439
440515,ZNF506,Q5JVG8
137994,LETM2,Q2VYF4
10076,PTPRU,Q92729
120379,PIH1D2,Q8WWB5
746,TMEM258,P61165
1491,CTH,P32929
90390,MED30,Q96HR3
5948,RBP2,P50120
8913,CACNA1G,O43497
389072,PLEKHM3,Q6ZWE6
9563,H6PD,O95479
3607,FOXK2,Q01167
5860,QDPR,P09417
6834,SURF1,Q15526
51611,DPH5,Q9H2P9
154007,SNRNP48,Q6IEG0
150786,RAB6D,Q53S08
343450,KCNT2,Q6UVM3
85379,KIAA1671,Q9BY89
6619,SNAPC3,Q92966
119392,SFR1,Q86XK3
151295,SLC23A3,Q6PIS1
26108,PYGO1,Q9Y3Y4
54927,CHCHD3,Q9NX63
57599,WDR48,Q8TAF3
7045,TGFBI,Q15582
8899,PRPF4B,Q13523
644943,RASSF10,A6NK89
5454,POU3F2,P20265
64374,SIL1,Q9H173
130355,C2orf76,Q3KRA6
10972,TMED10,P49755
51596,CUTA,O60888
118424,UBE2J2,Q8N2K1
1793,DOCK1,Q14185
4043,LRPAP1,P30533
55610,VPS50,Q96JG6
56147,PCDHA1,Q9Y5I3
4836,NMT1,P30419
94086,HSPB9,Q9BQS6
125988,MICOS13,Q5XKP0
89891,WDR34,Q96EX3
138162,C9orf116,Q5BN46
9255,AIMP1,Q12904
9815,GIT2,Q14161
3251,HPRT1,P00492
26039,SS18L1,O75177
285231,FBXW12,Q6X9E4
4352,MPL,P40238
1524,CX3CR1,P49238
90417,KNSTRN,Q9Y448
23583,SMUG1,Q53HV7
201799,TMEM154,Q6P9G4
79837,PIP4K2C,Q8TBX8
1577,CYP3A5,P20815
321,APBA2,Q99767
93986,FOXP2,O15409
6925,TCF4,P15884
23659,PLA2G15,Q8NCC3
10618,TGOLN2,O43493
79872,CBLL1,Q75N03
145508,CEP128,Q6ZU80
4144,MAT2A,P31153
162655,ZNF519,Q8TB69
64699,TMPRSS3,P57727
10056,FARSB,Q9NSD9
492,ATP2B3,Q16720
26270,FBXO6,Q9NRD1
84517,ACTRT3,Q9BYD9
4496,MT1H,P80294
6119,RPA3,P35244
1602,DACH1,Q9UI36
10459,MAD2L2,Q9UI95
26136,TES,Q9UGI8
26751,SH3YL1,Q96HL8
9294,S1PR2,O95136
23387,SIK3,Q9Y2K2
3344,FOXN2,P32314
11321,GPN1,Q9HCN4
200539,ANKRD23,Q86SG2
94104,PAXBP1,Q9Y5B6
341,APOC1,P02654
149478,BTBD19,C9JJ37
92482,BBIP1,A8MTZ0
5646,PRSS3,P35030
2219,FCN1,O00602
59340,HRH4,Q9H3N8
10902,BRD8,Q9H0E9
150864,FAM117B,Q6P1L5
9810,RNF40,O75150
7029,TFDP2,Q14188
56965,PARP6,Q2NL67
55740,ENAH,Q8N8S7
80306,MED28,Q9H204
11332,ACOT7,O00154
5635,PRPSAP1,Q14558
84893,FBH1,Q8NFZ0
4946,OAZ1,P54368
25941,TPGS2,Q68CL5
10042,HMGXB4,Q9UGU5
25778,DSTYK,Q6XUX3
65057,ACD,Q96AP0
2877,GPX2,P18283
55791,LRIF1,Q5T3J3
51550,CINP,Q9BW66
57575,PCDH10,Q9P2E7
140688,NOL4L,Q96MY1
6744,ITPRID2,P28290
23367,LARP1,Q6PKG0
57730,ANKRD36B,Q8N2N9
9444,QKI,Q96PU8
10482,NXF1,Q9UBU9
27283,TINAG,Q9UJW2
2636,GBX1,Q14549
100303755,PET117,Q6UWS5
79848,CSPP1,Q1MSJ5
59082,CARD18,P57730
214,ALCAM,Q13740
51535,PPHLN1,Q8NEY8
10818,FRS2,Q8WU20
23418,CRB1,P82279
55847,CISD1,Q9NZ45
399693,CCDC187,A0A096LP49
27248,ERLEC1,Q96DZ1
153769,SH3RF2,Q8TEC5
126374,WTIP,A6NIX2
57678,GPAM,Q9HCL2
23625,FAM89B,Q8N5H3
25915,NDUFAF3,Q9BU61
112464,CAVIN3,Q969G5
51569,UFM1,P61960
29095,ORMDL2,Q53FV1
7405,UVRAG,Q9P2Y5
80000,GREB1L,Q9C091
30849,PIK3R4,Q99570
9016,SLC25A14,O95258
10066,SCAMP2,O15127
728591,CCDC169,A6NNP5
8682,PEA15,Q15121
96459,FNIP1,Q8TF40
55341,LSG1,Q9H089
10330,CNPY2,Q9Y2B0
54663,WDR74,Q6RFH5
79033,ERI3,O43414
54921,CHTF8,P0CG13
284443,ZNF493,Q6ZR52
196996,GRAMD2A,Q8IUY3
100127983,C8orf88,P0DMB2
84188,FAR1,Q8WVX9
149371,EXOC8,Q8IYI6
542767,PCOTH,Q58A44
10050608410099600850944,ARL17A; ARL17B,Q8IVW1
84365,NIFK,Q9BYG3
114991,ZNF618,Q5T7W0
4580,MTX1,Q13505
10725,NFAT5,O94916
6731,SRP72,O76094
79080,CCDC86,Q9H6F5
5096,PCCB,P05166
154743,BMT2,Q1RMZ1
2849,GPR26,Q8NDV2
11337,GABARAP,O95166
7316,UBC,P0CG48
5452,POU2F2,P09086
55658,RNF126,Q9BV68
6787,NEK4,P51957
79609,VCPKMT,Q9H867
81627,TRMT1L,Q7Z2T5
51201,ZDHHC2,Q9UIJ5
6272,SORT1,Q99523
8930,MBD4,O95243
10623,POLR3C,Q9BUI4
4108728269,MAGEA9; MAGEA9B,P43362
23077,MYCBP2,O75592
63929,XPNPEP3,Q9NQH7
57003,CCDC47,Q96A33
55553,SOX6,P35712
51573,GDE1,Q9NZC3
744,MPPED2,Q15777
10527,IPO7,O95373
220963,SLC16A9,Q7RTY1
4731,NDUFV3,P56181
1879,EBF1,Q9UH73
149685,ADIG,Q0VDE8
11261,CHP1,Q99653
54680,ZNHIT6,Q9NWK9
60370,AVPI1,Q5T686
139411,PTCHD1,Q96NR3
27299,ADAMDEC1,O15204
25894,PLEKHG4,Q58EX7
55312,RFK,Q969G6
152098,ZCWPW2,Q504Y3
2954,GSTZ1,O43708
258010,SVIP,Q8NHG7
8886,DDX18,Q9NVP1
26574,AATF,Q9NY61
23005,MAPKBP1,O60336
63967,CLSPN,Q9HAW4
5195,PEX14,O75381
3382,ICA1,Q05084
57038,RARS2,Q5T160
60682,SMAP1,Q8IYB5
50855,PARD6A,Q9NPB6
388630,TRABD2B,A6NFA1
3223,HOXC6,P09630
79781,IQCA1,Q86XH1
51108,METTL9,Q9H1A3
4636,MYL5,Q02045
54953,ODR4,Q5SWX8
10472,ZBTB18,Q99592
80312,TET1,Q8NFU7
11079,RER1,O15258
53371,NUP54,Q7Z3B4
3836,KPNA1,P52294
23704,KCNE4,Q8WWG9
51693,TRAPPC2L,Q9UL33
7336,UBE2V2,Q15819
201895,SMIM14,Q96QK8
4485,MST1,P26927
36,ACADSB,P45954
121278,TPH2,Q8IWU9
100506581,C16orf95,Q9H693
79717,PPCS,Q9HAB8
57551,TAOK1,Q7L7X3
81556,INTS14,Q96SY0
29761,USP25,Q9UHP3
9113,LATS1,O95835
66066607,SMN1; SMN2,Q16637
1407,CRY1,Q16526
51104,ABHD17B,Q5VST6
6627,SNRPA1,P09661
113177,IZUMO4,Q1ZYL8
6745,SSR1,P43307
7424,VEGFC,P49767
22849,CPEB3,Q8NE35
11108,PRDM4,Q9UKN5
10899,JTB,O76095
619279,ZNF704,Q6ZNC4
51304,ZDHHC3,Q9NYG2
340596,LHFPL1,Q86WI0
84270,CARD19,Q96LW7
338657,CCDC84,Q86UT8
150082,LCA5L,O95447
11148,HHLA2,Q9UM44
64763,ZNF574,Q6ZN55
23363,OBSL1,O75147
10040,TOM1L1,O75674
90273,CEACAM21,Q3KPI0
116986,AGAP2,Q99490
128977,C22orf39,Q6P5X5
23214,XPO6,Q96QU8
9158,FIBP,O43427
538,ATP7A,Q04656
729857,RGPD2,P0DJD1
79366,HMGN5,P82970
9711,RUBCN,Q92622
3140,MR1,Q95460
51096,UTP18,Q9Y5J1
130752,MDH1B,Q5I0G3
8733,GPAA1,O43292
23008,KLHDC10,Q6PID8
113451,AZIN2,Q96A70
25926,NOL11,Q9H8H0
10908,PNPLA6,Q8IY17
5611,DNAJC3,Q13217
10144,FAM13A,O94988
140739,UBE2F,Q969M7
53944,CSNK1G1,Q9HCP0
401387,LRRD1,A4D1F6
10225,CD96,P40200
79868,ALG13,Q9NP73
11214,AKAP13,Q12802
57224,NHSL1,Q5SYE7
5371,PML,P29590
4166,CHST6,Q9GZX3
25934,NIPSNAP3A,Q9UFN0
9869,SETDB1,Q15047
359948,IRF2BP2,Q7Z5L9
84991,RBM17,Q96I25
8218,CLTCL1,P53675
1943,EFNA2,O43921
5590,PRKCZ,Q05513
54968,TMEM70,Q9BUB7
115416,MALSU1,Q96EH3
6451,SH3BGRL,O75368
10540,DCTN2,Q13561
8079,MLF2,Q15773
10467,ZNHIT1,O43257
253832,ZDHHC20,Q5W0Z9
56062,KLHL4,Q9C0H6
283431,GAS2L3,Q86XJ1
25936,NSL1,Q96IY1
200185,KRTCAP2,Q8N6L1
55833,UBAP2,Q5T6F2
27236,ARFIP1,P53367
5303,PIN4,Q9Y237
149840,SHLD1,Q8IYI0
11267,SNF8,Q96H20
22979,EFR3B,Q9Y2G0
23660,ZKSCAN5,Q9Y2L8
5438,POLR2I,P36954
64080,RBKS,Q9H477
1465,CSRP1,P21291
7155,TOP2B,Q02880
112724,RDH13,Q8NBN7
55288,RHOT1,Q8IXI2
55683,KANSL3,Q9P2N6
10051,SMC4,Q9NTJ3
92906,HNRNPLL,Q8WVV9
55596,ZCCHC8,Q6NZY4
57226,LYRM2,Q9NU23
91057,CCDC34,Q96HJ3
51606,ATP6V1H,Q9UI12
160760,PPTC7,Q8NI37
55656,INTS8,Q75QN2
23479,ISCU,Q9H1K1
23114,NFASC,O94856
440567,UQCRHL,A0A096LP55
29967,LRP12,Q9Y561
29988,SLC2A8,Q9NY64
528,ATP6V1C1,P21283
285672,SREK1IP1,Q8N9Q2
55361,PI4K2A,Q9BTU6
54891,INO80D,Q53TQ3
997,CDC34,P49427
51700,CYB5R2,Q6BCY4
666,BOK,Q9UMX3
282809,POC1B,Q8TC44
200373,CFAP221,Q4G0U5
6871,TADA2A,O75478
23334,SZT2,Q5T011
23059,CLUAP1,Q96AJ1
84342,COG8,Q96MW5
7046,TGFBR1,P36897
317649,EIF4E3,Q8N5X7
9910,RABGAP1L,B7ZAP0
9910,RABGAP1L,Q5R372
83640,RAMAC,Q9BTL3
285193,DUSP28,Q4G0W2
10241,CALCOCO2,Q13137
170394,PWWP2B,Q6NUJ5
60412,EXOC4,Q96A65
153339,TMEM167A,Q8TBQ9
22861,NLRP1,Q9C000
7414,VCL,P18206
5268,SERPINB5,P36952
100131187,TSTD1,Q8NFU3
11157,LSM6,P62312
348801,LNP1,A1A4G5
50618,ITSN2,Q9NZM3
4651,MYO10,Q9HD67
10691,GMEB1,Q9Y692
84826,SFT2D3,Q587I9
9173,IL1RL1,Q01638
11124,FAF1,Q9UNN5
439921,MXRA7,P84157
23127,COLGALT2,Q8IYK4
9736,USP34,Q70CQ2
100129239100132992,CXorf51A,A0A1B0GTR3
100129239100132992,CXorf51B,P0DPH9
23017,FAIM2,Q9BWQ8
4335,MNT,Q99583
85280,KRTAP9-4,Q9BYQ2
6814,STXBP3,O00186
9648,GCC2,Q8IWJ2
220074,LRTOMT,Q8WZ04
220074,LRTOMT,Q96E66
57456,KIAA1143,Q96AT1
79370,BCL2L14,Q9BZR8
22950,SLC4A1AP,Q9BWU0
54503,ZDHHC13,Q8IUH4
9886,RHOBTB1,O94844
4928,NUP98,P52948
387885,CFAP73,A6NFT4
9478,CABP1,Q9NZU7
256987,SERINC5,Q86VE9
900,CCNG1,P51959
9668,ZNF432,O94892
51136,RNFT1,Q5M7Z0
5903,RANBP2,P49792
7324,UBE2E1,P51965
5877,RABIF,P47224
11100,HNRNPUL1,Q9BUJ2
6599,SMARCC1,Q92922
1826,DSCAM,O60469
4493,MT1E,P04732
84959,UBASH3B,Q8TF42
25798,BRI3,O95415
7529,YWHAB,P31946
9338,TCEAL1,Q15170
3613,IMPA2,O14732
54522,ANKRD16,Q6P6B7
137492,VPS37A,Q8NEZ2
4886,NPY1R,P25929
8239,USP9X,Q93008
11345,GABARAPL2,P60520
84935,MEDAG,Q5VYS4
738,VPS51,Q9UID3
22847,ZNF507,Q8TCN5
113540,CMTM1,Q8IZ96
54769,DIRAS2,Q96HU8
100131980,ZNF705G,A8MUZ8
51512,GTSE1,Q9NYZ3
7092,TLL1,O43897
30837,SOCS7,O14512
113828,FAM83F,Q8NEG4
140685,ZBTB46,Q86UZ6
130576,LYPD6B,Q8NI32
168451,THAP5,Q7Z6K1
55088,CCDC186,Q7Z3E2
4810,NHS,Q6T4R5
51592,TRIM33,Q9UPN9
9537,TP53I11,O14683
151613,TTC14,Q96N46
50810,HDGFL3,Q9Y3E1
55582,KIF27,Q86VH2
55184,DZANK1,Q9NVP4
125704,DIPK1C,Q0P6D2
57690,TNRC6C,Q9HCJ0
5711,PSMD5,Q16401
58528,RRAGD,Q9NQL2
3638,INSIG1,O15503
54583,EGLN1,Q9GZT9
2043,EPHA4,P54764
6541,SLC7A1,P30825
339965,CCDC158,Q5M9N0
5319,PLA2G1B,P04054
344905,ATP13A5,Q4VNC0
2831,NPBWR1,P48145
2904,GRIN2B,Q13224
64062,RBM26,Q5T8P6
6195,RPS6KA1,Q15418
170960,ZNF721,Q8TF20
63948,DMRTB1,Q96MA1
10611,PDLIM5,Q96HC4
6297,SALL2,Q9Y467
58499,ZNF462,Q96JM2
3337,DNAJB1,P25685
124512,METTL23,Q86XA0
56948,SDR39U1,Q9NRG7
23398,PPWD1,Q96BP3
10291,SF3A1,Q15459
5563,PRKAA2,P54646
9905,SGSM2,O43147
151354,LRATD1,Q96KN4
51116,MRPS2,Q9Y399
80095,ZNF606,Q8WXB4
79723,SUV39H2,Q9H5I1
84455,EFCAB7,A8K855
1964,EIF1AX,P47813
3660,IRF2,P14316
677,ZFP36L1,Q07352
4515,MTCP1,P56278
84260,TCHP,Q9BT92
66035,SLC2A11,Q9BYW1
201163,FLCN,Q8NFG4
7384,UQCRC1,P31930
5770,PTPN1,P18031
9663,LPIN2,Q92539
51608,GET4,Q7L5D6
4947,OAZ2,O95190
116224,FAM122A,Q96E09
91584,PLXNA4,Q9HCM2
283297,OR10A4,Q9H209
90693,CCDC126,Q96EE4
51441,YTHDF2,Q9Y5A9
1314,COPA,P53621
404220,C6orf201,Q7Z4U5
4831654364,NME2,P22392
91445,RNF185,Q96GF1
441161,OOEP,A6NGQ2
5494,PPM1A,P35813
387103,CENPW,Q5EE01
151246,SGO2,Q562F6
89927,BMERB1,Q96MC5
1839,HBEGF,Q99075
2787,GNG5,P63218
55742,PARVA,Q9NVD7
23269,MGA,Q8IWI9
7175,TPR,P12270
51016,EMC9,Q9Y3B6
1155,TBCB,Q99426
64386,MMP25,Q9NPA2
26258,BLOC1S6,Q9UL45
59286,UBL5,Q9BZL1
23211,ZC3H4,Q9UPT8
55062,WIPI1,Q5MNZ9
26608,TBL2,Q9Y4P3
493753,COA5,Q86WW8
113829,SLC35A4,Q96G79
149420,PDIK1L,Q8N165
,SCN1A,P35498
7174,TPP2,P29144
100,ADA,P00813
56616,DIABLO,Q9NR28
1479,CSTF3,Q12996
832,CAPZB,P47756
55003,PAK1IP1,Q9NWT1
114884,OSBPL10,Q9BXB5
5005,ORM2,P19652
79800,CARF,Q8N187
151242,PPP1R1C,Q8WVI7
57717,PCDHB16,Q9NRJ7
25797,QPCT,Q16769
9201,DCLK1,O15075
64110,MAGEF1,Q9HAY2
11078,TRIOBP,Q9H2D6
345611,IRGM,A1A4Y4
9452,ITM2A,O43736
6362,CCL18,P55774
10396,ATP8A1,Q9Y2Q0
57410,SCYL1,Q96KG9
161394,SAMD15,Q9P1V8
7158,TP53BP1,Q12888
10015,PDCD6IP,Q8WUM4
26085,KLK13,Q9UKR3
55973,BCAP29,Q9UHQ4
4885,NPTX2,P47972
3708,ITPR1,Q14643
9600,PITPNM1,O00562
9202,ZMYM4,Q5VZL5
55283,MCOLN3,Q8TDD5
8911,CACNA1I,Q9P0X4
160851,DGKH,Q86XP1
55183,RIF1,Q5UIP0
93621,MRFAP1,Q9Y605
92483,LDHAL6B,Q9BYZ2
79137,RETREG2,Q8NC44
8936,WASF1,Q92558
26130,GAPVD1,Q14C86
2804,GOLGB1,Q14789
10053459957461,ISY1,Q9ULR0
1727,CYB5R3,P00387
27130,INVS,Q9Y283
57655,GRAMD1A,Q96CP6
4501,MT1X,P80297
29080,CCDC59,Q9P031
10558,SPTLC1,O15269
50862,RNF141,Q8WVD5
285598,ARL10,Q8N8L6
10413,YAP1,P46937
57169,ZNFX1,Q9P2E3
56913,C1GALT1,Q9NS00
23493,HEY2,Q9UBP5
54535,CCHCR1,Q8TD31
9246,UBE2L6,O14933
123688,HYKK,A2RU49
27158,NDOR1,Q9UHB4
11027,LILRA2,Q8N149
57589,RIC1,Q4ADV7
54534,MRPL50,Q8N5N7
152206,CCDC13,Q8IYE1
90187,EMILIN3,Q9NT22
9054,NFS1,Q9Y697
771,CA12,O43570
51506,UFC1,Q9Y3C8
142891,SAMD8,Q96LT4
84790,TUBA1C,Q9BQE3
51176,LEF1,Q9UJU2
255403,ZNF718,Q3SXZ3
3176,HNMT,P50135
8402,SLC25A11,Q02978
10201,NME6,O75414
114769,CARD16,Q5EG05
57415,C3orf14,Q9HBI5
83638,C11orf68,Q9H3H3
28984,RGCC,Q9H4X1
9764,KIAA0513,O60268
57556,SEMA6A,Q9H2E6
84681,HINT2,Q9BX68
54764,ZRANB1,Q9UGI0
8804,CREG1,O75629
81631,MAP1LC3B,Q9GZQ8
7675,ZNF121,P58317
10780,ZNF234,Q14588
27,ABL2,P42684
210,ALAD,P13716
10024,TROAP,Q12815
4087,SMAD2,Q15796
26150,RIBC2,Q9H4K1
54777,CFAP46,Q8IYW2
51179,HAO2,Q9NYQ3
767558,LUZP6,Q538Z0
57018,CCNL1,Q9UK58
57035,RSRP1,Q9BUV0
51411,BIN2,Q9UBW5
6239,RREB1,Q92766
375057,STUM,Q69YW2
55632,G2E3,Q7L622
283677,REC114,Q7Z4M0
374969,SVBP,Q8N300
3696,ITGB8,P26012
10746,MAP3K2,Q9Y2U5
128344,PIFO,Q8TCI5
29888,STRN4,Q9NRL3
27327,TNRC6A,Q8NDV7
81555,YIPF5,Q969M3
64282,TENT4B,Q8NDF8
11161,ERG28,Q9UKR5
79720,VPS37B,Q9H9H4
5791,PTPRE,P23469
2542,SLC37A4,O43826
80298,MTERF2,Q49AM1
9618,TRAF4,Q9BUZ4
10190,TXNDC9,O14530
339778,FAM166C,A6NJV1
8289,ARID1A,O14497
2963,GTF2F2,P13984
9628,RGS6,P49758
474382,H2AB1,P0C5Y9
22907,DHX30,Q7L2E3
64147,KIF9,Q9HAQ2
163081,ZNF567,Q8N184
10521,DDX17,Q92841
64979,MRPL36,Q9P0J6
9358,ITGBL1,O95965
54997,TESC,Q96BS2
29924,EPN1,Q9Y6I3
132954,PDCL2,Q8N4E4
1446,CSN1S1,P47710
22927,HABP4,Q5JVS0
10097,ACTR2,P61160
10121,ACTR1A,P61163
9827,RGP1,Q92546
728215,FAM155A,B1AL88
80380,PDCD1LG2,Q9BQ51
255520,ELMOD2,Q8IZ81
2738,GLI4,P10075
56605,ERO1B,Q86YB8
51106,TFB1M,Q8WVM0
3339,HSPG2,P98160
79728,PALB2,Q86YC2
113115,MTFR2,Q6P444
931,MS4A1,P11836
51164,DCTN4,Q9UJW0
54828,BCAS3,Q9H6U6
158067,AK8,Q96MA6
55218,EXD2,Q9NVH0
79954,NOL10,Q9BSC4
24142,NAA80,Q93015
112869,SGF29,Q96ES7
10289,EIF1B,O60739
145482,PTGR2,Q8N8N7
283232,TMEM80,Q96HE8
347744,C6orf52,Q5T4I8
57572,DOCK6,Q96HP0
25963,TMEM87A,Q8NBN3
441168,CALHM6,Q5R3K3
284266,SIGLEC15,Q6ZMC9
93649,MYOCD,Q8IZQ8
4026,LPP,Q93052
374899,ZNF829,Q3KNS6
10111,RAD50,Q92878
124359,CDYL2,Q8N8U2
58986,PGAP6,Q9HCN3
2791,GNG11,P61952
202052,DNAJC18,Q9H819
56897,WRNIP1,Q96S55
246330,PELI3,Q8N2H9
55556,ENOSF1,Q7L5Y1
51438,MAGEC2,Q9UBF1
9491,PSMF1,Q92530
5094,PCBP2,Q15366
57128,LYRM4,Q9HD34
64838,FNDC4,Q9H6D8
6881,TAF10,Q12962
55697,VAC14,Q08AM6
7375,USP4,Q13107
2034,EPAS1,Q99814
9315,NREP,Q16612
4502,MT2A,P02795
4994,OR3A1,P47881
3099,HK2,P52789
26512,INTS6,Q9UL03
51124,IER3IP1,Q9Y5U9
8892,EIF2B2,P49770
26099,SZRD1,Q7Z422
4285,MIPEP,Q99797
53344,CHIC1,Q5VXU3
115939,TSR3,Q9UJK0
3236,HOXD10,P28358
29101,SSU72,Q9NP77
9778,KIAA0232,Q92628
51372,TMA7,Q9Y2S6
6611,SMS,P52788
25983,NGDN,Q8NEJ9
18,ABAT,P80404
7311,UBA52,P62987
7941,PLA2G7,Q13093
1734,DIO2,Q92813
996,CDC27,P30260
9456,HOMER1,Q86YM7
4012,LNPEP,Q9UIQ6
1386,ATF2,P15336
80007,PAAT,Q9H8K7
7204,TRIO,O75962
7918,GPANK1,O95872
5326,PLAGL2,Q9UPG8
100499483,CCDC180,Q9P1Z9
81855,SFXN3,Q9BWM7
10265,IRX5,P78411
81533,ITFG1,Q8TB96
5996,RGS1,Q08116
10073,SNUPN,O95149
84441,MAML2,Q8IZL2
113277,TMEM106A,Q96A25
1562,CYP2C18,P33260
100188893,TOMM6,Q96B49
55276,PGM2,Q96G03
80184,CEP290,O15078
8620,NPFF,O15130
58493,INIP,Q9NRY2
26227,PHGDH,O43175
79747,ADGB,Q8N7X0
339559,ZFP69,Q49AA0
100505478,TEX48,A0A1B0GUV7
10166,SLC25A15,Q9Y619
266722,HS6ST3,Q8IZP7
3433,IFIT2,P09913
146845,CFAP52,Q8N1V2
55147,RBM23,Q86U06
5189,PEX1,O43933
55870,ASH1L,Q9NR48
64431,ACTR6,Q9GZN1
6399,TRAPPC2,P0DI81
6399,TRAPPC2B,P0DI82
55904,KMT2E,Q8IZD2
205327,C2orf69,Q8N8R5
131405,TRIM71,Q2Q1W2
221477,C6orf89,Q6UWU4
23774,BRD1,O95696
63891,RNF123,Q5XPI4
54665,RSBN1,Q5VWQ0
80012,PHC3,Q8NDX5
1264,CNN1,P51911
116844,LRG1,P02750
55176,SEC61A2,Q9H9S3
688,KLF5,Q13887
51768,TM7SF3,Q9NS93
3872,KRT17,Q04695
57512,GPR158,Q5T848
23250,ATP11A,P98196
2215,FCGR3B,O75015
196446,MYRFL,Q96LU7
389337,ARHGEF37,A1IGU5
2115,ETV1,P50549
9650,MTFR1,Q15390
6039,RNASE6,Q93091
29841,GRHL1,Q9NZI5
133874,C5orf58,C9J3I9
57185,NIPAL3,Q6P499
55273,TMEM100,Q9NV29
9793,CKAP5,Q14008
168620,BHLHA15,Q7RTS1
140775,SMCR8,Q8TEV9
6701,SPRR2B,P35325
202051,SPATA24,Q86W54
2072,ERCC4,Q92889
6874,TAF4,O00268
8843,HCAR3,P49019
54877,ZCCHC2,Q9C0B9
7321,UBE2D1,P51668
29766,TMOD3,Q9NYL9
6695,SPOCK1,Q08629
257397,TAB3,Q8N5C8
84726,PRRC2B,Q5JSZ5
171546,SPTSSA,Q969W0
388650,DIPK1A,Q5T7M9
64065,PERP,Q96FX8
23645,PPP1R15A,O75807
84953,MICALCL,Q6ZW33
6286,S100P,P25815
285782,CAGE1,Q8TC20
54549,SDK2,Q58EX2
22884,WDR37,Q9Y2I8
54664,TMEM106B,Q9NUM4
10123,ARL4C,P56559
4801,NFYB,P25208
23555,TSPAN15,O95858
90321,ZNF766,Q5HY98
123228,SENP8,Q96LD8
57579,FAM135A,Q9P2D6
23158,TBC1D9,Q6ZT07
90957,DHX57,Q6P158
6653,SORL1,Q92673
64359,NXN,Q6DKJ4
23508,TTC9,Q92623
153830,RNF145,Q96MT1
51278,IER5,Q5VY09
285175,UNC80,Q8N2C7
22807,IKZF2,Q9UKS7
6337,SCNN1A,P37088
3005,H1-0,P07305
5266,PI3,P19957
3093,UBE2K,P61086
84518,CNFN,Q9BYD5
23030,KDM4B,O94953
441478,NRARP,Q7Z6K4
56895,AGPAT4,Q9NRZ5
9673,SLC25A44,Q96H78
54714,CNGB3,Q9NQW8
23607,CD2AP,Q9Y5K6
4585,MUC4,Q99102
114881,OSBPL7,Q9BZF2
26167,PCDHB5,Q9Y5E4
9060,PAPSS2,O95340
6279,S100A8,P05109
26098,EDRF1,Q3B7T1
83786,FRMD8,Q9BZ67
10179,RBM7,Q9Y580
4864,NPC1,O15118
9489,PGS1,Q32NB8
2643,GCH1,P30793
26353,HSPB8,Q9UJY1
9197,SLC33A1,O00400
397,ARHGDIB,P52566
29796,UQCR10,Q9UDW1
55251,PCMTD2,Q9NV79
9052,GPRC5A,Q8NFJ5
245938,DEFB125,Q8N687
84612,PARD6B,Q9BYG5
444,ASPH,Q12797
272,AMPD3,Q01432
54751,FBLIM1,Q8WUP2
901,CCNG2,Q16589
7543,ZFX,P17010
7047,TGM4,P49221
10370,CITED2,Q99967
643008,SMIM5,Q71RC9
29965,CDIP1,Q9H305
6659,SOX4,Q06945
6699,SPRR1B,P22528
2624,GATA2,P23769
2919,CXCL1,P09341
100913187200315,APOBEC3A,P31941
81578,COL21A1,Q96P44
5493,PPL,O60437
286887,KRT6C,P48668
10317,B3GALT5,Q9Y2C3
6278,S100A7,P31151
2568,GABRP,O00591
54544,CRCT1,Q9UGL9
7538,ZFP36,P26651
55282,LRRC36,Q1X8D7
9509,ADAMTS2,O95450
1380,CR2,P20023
14069,F8,Q06194
50846,DHH,O43323
,F8,P00451
2176,FANCC,Q00597
8520,HAT1,O14929
3059,HCLS1,P14317
8841,HDAC3,O15379
3633,INPP5B,P32019
5294,PIK3CG,P48736
51548,SIRT6,Q8N6T7
51547,SIRT7,Q9NRC8
1787,TRDMT1,O14717
11334,TUSC2,O75896
320,APBA1,Q02410
55607,PPP1R9A,Q9ULJ8
10840,ALDH1L1,O75891
8861,LDB1,Q86U70
10608,MXD4,Q14582
3028,HSD17B10,Q99714
10316,NMUR1,Q9HB89
219770,GJD4,Q96KN9
59344,ALOXE3,Q9BYJ1
7264,TSTA3,Q13630
6018,RLF,Q13129
79618,HMBOX1,Q6NT76
4776,NFATC4,Q14934
115004,CGAS,Q8N884
56985,ADPRM,Q3LIE5
4832,NME3,Q13232
10058,ABCB6,Q9NP58
27293,SMPDL3B,Q92485
8328,GFI1B,Q5VTD9
2299,FOXI1,Q12951
823,CAPN1,P07384
6489,ST8SIA1,Q92185
10164,CHST4,Q8NCG5
8692,HYAL2,Q12891
405753,DUOXA2,Q1HG44
285855,RPL7L1,Q6DKI1
55752,SEPTIN11,Q9NVA2
23212,RRS1,Q15050
10887,PROKR1,Q8TCW9
84993,UBL7,Q96S82
3603,IL16,Q14005
6665,SOX15,O60248
81552,VOPP1,Q96AW1
10384,BTN3A3,O00478
79930,DOK3,Q7L591
1026,CDKN1A,P38936
84987,COX14,Q96I36
54985,HCFC1R1,Q9NWW0
286077,FAM83H,Q6ZRV2
22900,CARD8,Q9Y2G2
55316,RSAD1,Q9HA92
375318,AQP12A,Q8IXF9
4302,MLLT6,P55198
83743,GRWD1,Q9BQ67
51310,SLC22A17,Q8WUG5
57419,SLC24A3,Q9HC58
1192,CLIC1,O00299
7857,SCG2,P13521
6522,SLC4A2,P04920
9906,SLC35E2A,P0CK97
114625,ERMAP,Q96PL5
3921,RPSA,P08865
81567,TXNDC5,Q8NBS9
8916,HERC3,Q15034
55197,RPRD1A,Q96P16
6094,ROM1,Q03395
489,ATP2A3,Q93084
9334,B4GALT5,O43286
79628,SH3TC2,Q8TF17
54209,TREM2,Q9NZC2
641,BLM,P54132
57057,TBX20,Q9UMR3
2865,FFAR3,O14843
79937,CNTNAP3,Q9BZ76
5050,PAFAH1B3,Q15102
116519,APOA5,Q6Q788
9679,FAM53B,Q14153
2912,GRM2,Q14416
83597,RTP3,Q9BQQ7
9572,NR1D1,P20393
254013,ETFBKMT,Q8IXQ9
168544,ZNF467,Q7Z7K2
2041,EPHA1,P21709
162699728929,ELOA3,Q8NG57
84447,SYVN1,Q86TM6
50617,ATP6V0A4,Q9HBG4
51129,ANGPTL4,Q9BY76
80174,DBF4B,Q8NFT6
5316,PKNOX1,P55347
755,CFAP410,O43822
29907,SNX15,Q9NRS6
2132,EXT2,Q93063
10234,LRRC17,Q8N6Y2
1742,DLG4,P78352
5892,RAD51D,O75771
81831,NETO2,Q8NC67
112812,FDX2,Q6P4F2
64693,CTAGE1,Q96RT6
51691,LSM8,O95777
10172,ZNF256,Q9Y2P7
9138,ARHGEF1,Q92888
24139,EML2,O95834
5982,RFC2,P35250
253714,MMS22L,Q6ZRQ5
7634,ZNF80,P51504
94235,GNG8,Q9UK08
51629,SLC25A39,Q9BZJ4
10318,TNIP1,Q15025
6709,SPTAN1,Q13813
54969,HPF1,Q9NWY4
5318,PKP2,Q99959
10743,RAI1,Q7Z5J4
10736,SIX2,Q9NPC8
90952,ESAM,Q96AP7
26233,FBXL6,Q8N531
3754,KCNF1,Q9H3M0
29930,PCDHB1,Q9Y5F3
8897,MTMR3,Q13615
91523,PCED1B,Q96HM7
55687,TRMU,O75648
11180,WDR6,Q9NNW5
145864,HAPLN3,Q96S86
2101,ESRRA,P11474
8609,KLF7,O75840
695,BTK,Q06187
23492,CBX7,O95931
84795,PYROXD2,Q8N2H3
23144,ZC3H3,Q8IXZ2
56923,NMUR2,Q9GZQ4
5863,RGL2,O15211
54847,SIDT1,Q9NXL6
65095,KRI1,Q8N9T8
6854,SYN2,Q92777
9611,NCOR1,O75376
5608,MAP2K6,P52564
27012,KCNV1,Q6PIU1
7363,UGT2B4,P06133
8712,PAGE1,O75459
222658,KCTD20,Q7Z5Y7
4674,NAP1L2,Q9ULW6
162,AP1B1,Q10567
2940,GSTA3,Q16772
64231,MS4A6A,Q9H2W1
115,ADCY9,O60503
84215,ZNF541,Q9H0D2
5691,PSMB3,P49720
2000,ELF4,Q99607
4343,MOV10,Q9HCE1
64122,FN3K,Q9H479
221687,RNF182,Q8N6D2
2844,GPR21,Q99679
11251,PTGDR2,Q9Y5Y4
339390,CLEC4G,Q6UXB4
78992,YIPF2,Q9BWQ6
140886,PABPC5,Q96DU9
822,CAPG,P40121
135458,HUS1B,Q8NHY5
140707,BRI3BP,Q8WY22
117289,TAGAP,Q8N103
9487,PIGL,Q9Y2B2
57213,SPRYD7,Q5W111
91860,CALML4,Q96GE6
127428,TCEANC2,Q96MN5
79603,CERS4,Q9HA82
8764,TNFRSF14,Q92956
6773,STAT2,P52630
9322,TRIP10,Q15642
22858,CILK1,Q9UPZ9
55861,DBNDD2,Q9BQY9
148213,ZNF681,Q96N22
23456,ABCB10,Q9NRK6
84124,ZNF394,Q53GI3
10469,TIMM44,O43615
9034,CCRL2,O00421
121512,FGD4,Q96M96
66002,CYP4F12,Q9HCS2
57117,INTS12,Q96CB8
83452,RAB33B,Q9H082
22919,MAPRE1,Q15691
5581,PRKCE,Q02156
610,HCN2,Q9UL51
10100,TSPAN2,O60636
9502,XAGE2,Q96GT9
2563,GABRD,O14764
23170,TTLL12,Q14166
4753,NELL2,Q99435
7123,CLEC3B,P05452
3001,GZMA,P12544
9348,NDST3,O95803
167410,LIX1,Q8N485
23619,ZIM2,Q9NZV7
3960,LGALS4,P56470
54465,ETAA1,Q9NY74
55281,TMEM140,Q9NV12
1201,CLN3,Q13286
9214,FCMR,O60667
5256,PHKA2,P46019
27031,NPHP3,Q7Z494
7988,ZNF212,Q9UDV6
84065,TMEM222,Q9H0R3
9904,RBM19,Q9Y4C8
83982,IFI27L2,Q9H2X8
90427,BMF,Q96LC9
6525,SMTN,P53814
4151,MB,P02144
56886,UGGT1,Q9NYU2
10061114483834,ABCF2,Q9UG63
51306,FAM13B,Q9NYF5
23234,DNAJC9,Q8WXX5
7220,TRPC1,P48995
8226,PUDP,Q08623
7089,TLE2,Q04725
55846,ITFG2,Q969R8
27350,APOBEC3C,Q9NRW3
55809,TRERF1,Q96PN7
51367,POP5,Q969H6
57538,ALPK3,Q96L96
341019,DCDC1,M0R2J8
10525,HYOU1,Q9Y4L1
221662,RBM24,Q9BX46
79650,USB1,Q9BQ65
114770,PGLYRP2,Q96PD5
144809,FAM216B,Q8N7L0
55802,DCP1A,Q9NPI6
654,BMP6,P22004
5008,OSM,P13725
6037,RNASE3,P12724
10025,MED16,Q9Y2X0
5027,P2RX7,Q99572
139804,RBMXL3,Q8N7X1
338567,KCNK18,Q7Z418
6285,S100B,P04271
10153,CEBPZ,Q03701
6556,SLC11A1,P49279
400451,FAM174B,Q3ZCQ3
10180,RBM6,P78332
1723,DHODH,Q02127
51257,MARCHF2,Q9P0N8
151963,MB21D2,Q8IYB1
84181,CHD6,Q8TD26
57801,HES4,Q9HCC6
10277,UBE4B,O95155
83959,SLC4A11,Q8NBS3
11155,LDB3,O75112
3695,ITGB7,P26010
6363,CCL19,Q99731
9071,CLDN10,P78369
115273,RAB42,Q8N4Z0
57616,TSHZ3,Q63HK5
6645,SNTB2,Q13425
1520,CTSS,P25774
144455,E2F7,Q96AV8
121551,BTBD11,A6QL63
112714,TUBA3E,Q6PEY2
51011,FAHD2A,Q96GK7
2833,CXCR3,P49682
56300,IL36G,Q9NZH8
60529,ALX4,Q9H161
55236,UBA6,A0AVT1
1049091341394,CRHR1,P34998
6949,TCOF1,Q13428
22998,LIMCH1,Q9UPQ0
9829,DNAJC6,O75061
6517,SLC2A4,P14672
719,C3AR1,Q16581
9630,GNA14,O95837
388324,INCA1,Q0VD86
4005,LMO2,P25791
23328,SASH1,O94885
10262,SF3B4,Q15427
5890,RAD51B,O15315
90135,BTBD6,Q96KE9
11160,ERLIN2,O94905
1060,CENPC,Q03188
201232,SLC16A13,Q7RTY0
9260,PDLIM7,Q9NR12
1877,E4F1,Q66K89
203062,TSNARE1,Q96NA8
1431,CS,O75390
84078,KBTBD7,Q8WVZ9
6404,SELPLG,Q14242
27092,CACNG4,Q9UBN1
120534,ARL14EP,Q8N8R7
158511,CSAG1,Q6PB30
151516,ASPRV1,Q53RT3
84870,RSPO3,Q9BXY4
1117,CHI3L2,Q15782
4356,MPP3,Q13368
23368,PPP1R13B,Q96KQ4
6296,ACSM3,Q53FZ2
57763,ANKRA2,Q9H9E1
1468,SLC25A10,Q9UBX3
3916,LAMP1,P11279
5536,PPP5C,P53041
219931,TPCN2,Q8NHX9
127396,ZNF684,Q5T5D7
6926,TBX3,O15119
7286,TUFT1,Q9NNX1
11094,CACFD1,Q9UGQ2
154043,CNKSR3,Q6P9H4
10131,TRAP1,Q12931
114836,SLAMF6,Q96DU3
7036,TFR2,Q9UP52
27163,NAAA,Q02083
23020,SNRNP200,O75643
23061,TBC1D9B,Q66K14
576,ADGRB2,O60241
10013,HDAC6,Q9UBN7
55004,LAMTOR1,Q6IAA8
9244,CRLF1,O75462
6907,TBL1X,O60907
147923,ZNF420,Q8TAQ5
58190,CTDSP1,Q9GZU7
1004,CDH6,P55285
83550,GPR101,Q96P66
49854,ZBTB21,Q9ULJ3
3957,LGALS2,P05162
10217,CTDSPL,O15194
8273,SLC10A3,P09131
8233,ZRSR2,Q15696
23464,GCAT,O75600
84300,UQCC2,Q9BRT2
10088585080755,AARSD1,Q9BTE6
56904,SH3GLB2,Q9NR46
50506,DUOX2,Q9NRD8
8139,GAN,Q9H2C0
11216,AKAP10,O43572
140432,RNF113B,Q8IZP6
30061,SLC40A1,Q9NP59
55351,STK32B,Q9NY57
1825,DSC3,Q14574
339488,TFAP2E,Q6VUC0
170261,ZCCHC12,Q6PEW1
3687,ITGAX,P20702
81605,URM1,Q9BTM9
51744,CD244,Q9BZW8
5531,PPP4C,P60510
140680,C20orf96,Q9NUD7
54108,CHRAC1,Q9NRG0
338442,HCAR2,Q8TDS4
64798,DEPTOR,Q8TB45
1421,CRYGD,P07320
533,ATP6V0B,Q99437
580,BARD1,Q99728
843,CASP10,Q92851
9595,CYTIP,O60759
54872,PIGG,Q5H8A4
54939,COMMD4,Q9H0A8
340385,ZNF517,Q6ZMY9
9958,USP15,Q9Y4E8
4708,NDUFB2,O95178
79799,UGT2A3,Q6UWM9
51704,GPRC5B,Q9NZH0
2700,GJA3,Q9Y6H8
84988,PPP1R16A,Q96I34
59335,PRDM12,Q9H4Q4
53820,RIPPLY3,P57055
2837,UTS2R,Q9UKP6
317671,RFESD,Q8TAC1
286128,ZFP41,Q8N8Y5
151313,FAHD2B,Q6P2I3
29919,RMC1,Q96DM3
146050,ZSCAN29,Q8IWY8
3692,EIF6,P56537
6495,SIX1,Q15475
51702,PADI3,Q9ULW8
170575,GIMAP1,Q8WWP7
4818,NKG7,Q16617
2314,FLII,Q13045
11001,SLC27A2,O14975
55171,TBCCD1,Q9NVR7
55340,GIMAP5,Q96F15
340706,VWA2,Q5GFL6
10009,ZBTB33,Q86T24
3761,KCNJ4,P48050
7050,TGIF1,Q15583
286514,MAGEB18,Q96M61
8775,NAPA,P54920
283643,TEDC1,Q86SX3
53916,RAB4B,P61018
259282,BOD1L1,Q8NFC6
84699,CREB3L3,Q68CJ9
4758,NEU1,Q99519
56052,ALG1,Q9BT22
10471,PFDN6,O15212
6710,SPTB,P11277
51734,MSRB1,Q9NZV6
3978,LIG1,P18858
30850,CDR2L,Q86X02
7104,TM4SF4,P48230
7712,ZNF157,P51786
8508,NIPSNAP1,Q9BPW8
283248,RCOR2,Q8IZ40
90737,PAGE5,Q96GU1
10560,SLC19A2,O60779
203190,LGI3,Q8N145
8387,OR1E1,P30953
1018,CDK3,Q00526
4294,MAP3K10,Q02779
79674,VEPH1,Q14D04
8115,TCL1A,P56279
55198,APPL2,Q8NEU8
1677,DFFB,O76075
51339,DACT1,Q9NYF0
3214,HOXB4,P17483
22823,MTF2,Q9Y483
54958,TMEM160,Q9NX00
126014,OSCAR,Q8IYS5
128312,H2BU1,Q8N257
3276,PRMT1,Q99873
92,ACVR2A,P27037
4855,NOTCH4,Q99466
8345,H2BC9,Q93079
10956,OS9,Q13438
55662,HIF1AN,Q9NWT6
8941,CDK5R2,Q13319
64114,TMBIM1,Q969X1
64129,TINAGL1,Q9GZM7
8784,TNFRSF18,Q9Y5U5
1395,CRHR2,Q13324
6368,CCL23,P55773
26290,GALNT8,Q9NY28
5173,PDYN,P01213
83892,KCTD10,Q9H3F6
55223,TRIM62,Q9BVG3
56655,POLE4,Q9NR33
6300,MAPK12,P53778
1902,LPAR1,Q92633
23450,SF3B3,Q15393
79586,CHPF,Q8IZ52
9114,ATP6V0D1,P61421
81621,KAZALD1,Q96I82
80823,BHLHB9,Q6PI77
157638,LRATD2,Q96KN1
2353,FOS,P01100
118812,MORN4,Q8NDC4
51330,TNFRSF12A,Q9NP84
84658,ADGRE3,Q9BY15
5457,POU4F1,Q01851
51170,HSD17B11,Q8NBQ5
79641,ROGDI,Q9GZN7
10382,TUBB4A,P04350
3222,HOXC5,Q00444
3887,KRT81,Q14533
10445,MCRS1,Q96EZ8
338811,TAFA2,Q8N3H0
1612,DAPK1,P53355
7371,UCK2,Q9BZX2
29890,RBM15B,Q8NDT2
11117,EMILIN1,Q9Y6C2
2948,GSTM4,Q03013
256329,LMNTD2,Q8IXW0
1104,RCC1,P18754
8814,CDKL1,Q00532
163786,SASS6,Q6UVJ0
55644,OSGEP,Q9NPF4
81579,PLA2G12A,Q9BZM1
162972,ZNF550,Q7Z398
9409,PEX16,Q9Y5Y5
55290,BRF2,Q9HAW0
23552,CDK20,Q8IZL9
4056,LTC4S,Q16873
27284,SULT1B1,O43704
7292,TNFSF4,P23510
284716,RIMKLA,Q8IXN7
140459,ASB6,Q9NWX5
254552,NUDT8,Q8WV74
2580,GAK,O14976
726,CAPN5,O15484
914,CD2,P06729
9747,TCAF1,Q9Y4C2
84938,ATG4C,Q96DT6
8745,ADAM23,O75077
11326,VSIG4,Q9Y279
1843,DUSP1,P28562
85457,CIPC,Q9C0C6
189,AGXT,P21549
340061,STING1,Q86WV6
79541,OR2A4,O95047
55616,ASAP3,Q8TDY4
55716,LMBR1L,Q6UX01
7052,TGM2,P21980
3937,LCP2,Q13094
22852,ANKRD26,Q9UPS8
343472,BARHL2,Q9NY43
56061,UBFD1,O14562
81794,ADAMTS10,Q9H324
11245,GPR176,Q14439
4854,NOTCH3,Q9UM47
1059,CENPB,P07199
131450,CD200R1,Q8TD46
6948,TCN2,P20062
8800,PEX11A,O75192
79191,IRX3,P78415
7867,MAPKAPK3,Q16644
2027,ENO3,P13929
8875,VNN2,O95498
221120,ALKBH3,Q96Q83
64718,UNKL,Q9H9P5
27233,SULT1C4,O75897
91300,R3HDM4,Q96D70
6905,TBCE,Q15813
84572,GNPTG,Q9UJJ9
9820,CUL7,Q14999
27254,CSDC2,Q9Y534
55108,BSDC1,Q9NW68
128209,KLF17,Q5JT82
26259,FBXW8,Q8N3Y1
7145,TNS1,Q9HBL0
58475,MS4A7,Q9GZW8
9235,IL32,P24001
374395,TMEM179B,Q7Z7N9
79034,C7orf26,Q96N11
246184,CDC26,Q8NHZ8
162979,ZNF296,Q8WUU4
6173,RPL36A,P83881
5834,PYGB,P11216
11156,PTP4A3,O75365
54971,BANP,Q8N9N5
401,PHOX2A,O14813
2286,FKBP2,P26885
201305,SPNS3,Q6ZMD2
404636,DENND10,Q8TCE6
55593,OTUD5,Q96G74
116443,GRIN3A,Q8TCU5
55970,GNG12,Q9UBI6
10630,PDPN,Q86YL7
221785,ZSCAN25,Q6NSZ9
7975,MAFK,O60675
9144,SYNGR2,O43760
9056,SLC7A7,Q9UM01
51307,FAM53C,Q9NYF3
51244,CCDC174,Q6PII3
3759,KCNJ2,P63252
6427,SRSF2,Q01130
2766,GMPR,P36959
5831,PYCR1,P32322
1827,RCAN1,P53805
91283,MSANTD3,Q96H12
51148,CERCAM,Q5T4B2
83547,RILP,Q96NA2
139285,AMER1,Q5JTC6
54682,MANSC1,Q9H8J5
4828,NMB,P08949
51058,ZNF691,Q5VV52
8082,SSPN,Q14714
9020,MAP3K14,Q99558
85442,KNDC1,Q76NI1
80032,ZNF556,Q9HAH1
23089,PEG10,Q86TG7
55511,SAGE1,Q9NXZ1
51088,KLHL5,Q96PQ7
90580,TIMM29,Q9BSF4
79734,KCTD17,Q8N5Z5
9986,RCE1,Q9Y256
25791,NGEF,Q8N5V2
54852,PAQR5,Q9NXK6
6294,SAFB,Q15424
31,ACACA,Q13085
84315,MON1A,Q86VX9
196264,MPZL3,Q6UWV2
358,AQP1,P29972
79944,L2HGDH,Q9H9P8
275,AMT,P48728
30009,TBX21,Q9UL17
9278,ZBTB22,O15209
55367,PIDD1,Q9HB75
8000,PSCA,O43653
29894,CPSF1,Q10570
55764,IFT122,Q9HBG6
3993,LLGL2,Q6P1M3
4440,MSI1,O43347
8987,STBD1,O95210
5604,MAP2K1,Q02750
55974,SLC50A1,Q9BRV3
11043,MID2,Q9UJV3
50804,MYEF2,Q9P2K5
10695,CNPY3,Q9BT09
118856,MMP21,Q8N119
285051,STPG4,Q8N801
25806,VAX2,Q9UIW0
93587,TRMT10A,Q8TBZ6
51754,TMEM8B,A6NDV4
145258,GSC,P56915
11035,RIPK3,Q9Y572
9185,REPS2,Q8NFH8
9343,EFTUD2,Q15029
3790,KCNS3,Q9BQ31
222546,RFX6,Q8HWS3
51188,SS18L2,Q9UHA2
84548,TMEM185A,Q8NFB2
155051,CRYGN,Q8WXF5
22915,MMRN1,Q13201
4041,LRP5,O75197
64101,LRRC4,Q9HBW1
27121,DKK4,Q9UBT3
3419,IDH3A,P50213
7481,WNT11,O96014
2108,ETFA,P13804
57337,SENP7,Q9BQF6
5818,NECTIN1,Q15223
64927,TTC23,Q5W5X9
1440,CSF3,P09919
55600,ITLN1,Q8WWA0
9139,CBFA2T2,O43439
573,BAG1,Q99933
84725,PLEKHA8,Q96JA3
9968,MED12,Q93074
284695,ZNF326,Q5BKZ1
285343,TCAIM,Q8N3R3
55013,MCUB,Q9NWR8
7448,VTN,P04004
23503,ZFYVE26,Q68DK2
10493,VAT1,Q99536
126695,KDF1,Q8NAX2
9050,PSTPIP2,Q9H939
9686,VGLL4,Q14135
84327,ZBED3,Q96IU2
219287,AMER2,Q8N7J2
129138,ANKRD54,Q6NXT1
5028,P2RY1,P47900
84232,MAF1,Q9H063
796,CALCA,P01258
796,CALCA,P06881
27006,FGF22,Q9HCT0
10253,SPRY2,O43597
6302,TSPAN31,Q12999
84823,LMNB2,Q03252
56253,CRTAM,O95727
11325,DDX42,Q86XP3
10534,ZNRD2,O60232
26539,OR10H1,Q9Y4A9
6749,SSRP1,Q08945
4322,MMP13,P45452
1005266948577,TMEFF1,Q8IYR6
27023,FOXB1,Q99853
7224,TRPC5,Q9UL62
55350,VNN3,Q9NY84
1849,DUSP7,Q16829
5309,PITX3,O75364
157807,CLVS1,Q8IUQ0
7745,ZKSCAN8,Q15776
5836,PYGL,P06737
3551,IKBKB,O14920
85012,TCEAL3,Q969E4
10723,SLC12A7,Q9Y666
283897,C16orf54,Q6UWD8
2968,GTF2H4,Q92759
80714,PBX4,Q9BYU1
6720,SREBF1,P36956
256933,NPB,Q8NG41
6423,SFRP2,Q96HF1
57147,SCYL3,Q8IZE3
10084,PQBP1,O60828
4741,NEFM,P07197
9607,CARTPT,Q16568
79991,STN1,Q9H668
2123,EVI2A,P22794
118487,CHCHD1,Q96BP2
5662,PSD,A5PKW4
54707,GPN2,Q9H9Y4
5778,PTPN7,P35236
7940,LST1,O00453
3398,ID2,Q02363
4901,NRL,P54845
29942,PURG,Q9UJV8
79626,TNFAIP8L2,Q6P589
246181,AKR7L,Q8NHP1
6941,TCF19,Q9Y242
51255,RNF181,Q9P0P0
388759,C1orf229,Q6ZS94
254228,CALHM5,Q8N5C1
91179,SCARF2,Q96GP6
53904,MYO3A,Q8NEV4
9382,COG1,Q8WTW3
23177,CEP68,Q76N32
131616,TMEM42,Q69YG0
157657,C8orf37,Q96NL8
9940,DLEC1,Q9Y238
5456,POU3F4,P49335
64211,LHX5,Q9H2C1
10717,AP4B1,Q9Y6B7
9398,CD101,Q93033
26953,RANBP6,O60518
5800,PTPRO,Q16827
10535,RNASEH2A,O75792
349136,WDR86,Q86TI4
3709,ITPR2,Q14571
1947,EFNB1,P98172
3689,ITGB2,P05107
5557,PRIM1,P49642
1933,EEF1B2,P24534
54884,RETSAT,Q6NUM9
8893,EIF2B5,Q13144
8999,CDKL2,Q92772
54758,KLHDC4,Q8TBB5
2125,EVPL,Q92817
4728,NDUFS8,O00217
3611,ILK,Q13418
84957,RELT,Q969Z4
90507,SCRN2,Q96FV2
53637,S1PR5,Q9H228
3394,IRF8,Q02556
2550,GABBR1,Q9UBS5
6007,RHD,Q02161
382,ARF6,P62330
81615,TMEM163,Q8TC26
1595,CYP51A1,Q16850
3912,LAMB1,P07942
57467,HHATL,Q9HCP6
206338,LVRN,Q6Q4G3
84839,RAX2,Q96IS3
56156,TEX13B,Q9BXU2
26239,LCE2B,O14633
26692,OR2W1,Q9Y3N9
7915,ALDH5A1,P51649
54849,DEF8,Q6ZN54
8237,USP11,P51784
56983,POGLUT1,Q8NBL1
116362,RBP7,Q96R05
23544,SEZ6L,Q9BYH1
114791,TUBGCP5,Q96RT8
10965,ACOT2,P49753
57121,LPAR5,Q9H1C0
379,ARL4D,P49703
1814,DRD3,P35462
80274,SCUBE1,Q8IWY4
91662,NLRP12,P59046
3029,HAGH,Q16775
219654,ZCCHC24,Q8N2G6
374378,GALNT18,Q6P9A2
30846,EHD2,Q9NZN4
55298,RNF121,Q9H920
338094,FAM151A,Q8WW52
57194,ATP10A,O60312
114902,C1QTNF5,Q9BXJ0
285242,HTR3E,A5X5Y0
3742,KCNA6,P17658
9890,PLPPR4,Q7Z2D5
3485,IGFBP2,P18065
1537,CYC1,P08574
8538,BARX2,Q9UMQ3
56916,SMARCAD1,Q9H4L7
339665,SLC35E4,Q6ICL7
84445,LZTS2,Q9BRK4
6205,RPS11,P62280
389114,ZNF662,Q6ZS27
4176,MCM7,P33993
79101,TAF1D,Q9H5J8
51586,MED15,Q96RN5
7580,ZNF32,P17041
84527,ZNF559,Q9BR84
4035,LRP1,Q07954
3096,HIVEP1,P15822
84320,ACBD6,Q9BR61
6433,SFSWAP,Q12872
91949,COG7,P83436
222068,TMED4,Q7Z7H5
23,ABCF1,Q8NE71
162968,ZNF497,Q6ZNH5
53615,MBD3,O95983
26523,AGO1,Q9UL18
11309,SLCO2B1,O94956
56126,PCDHB10,Q9UN67
60484,HAPLN2,Q9GZV7
137835,TMEM71,Q6P5X7
283820,NOMO2,Q5JPE7
79731,NARS2,Q96I59
147381,CBLN2,Q8IUK8
317761,SIX6OS1,Q8N1H7
7178,TPT1,P13693
25862,USP49,Q70CQ1
4542,MYO1F,O00160
84197,POMK,Q9H5K3
113278,SLC52A3,Q9NQ40
2268,FGR,P09769
5274,SERPINI1,Q99574
1741,DLG3,Q92796
8646,CHRD,Q9H2X0
54784,ALKBH4,Q9NXW9
79733,E2F8,A0AVK6
84968,PNMA6A,P0CW24
51399,TRAPPC4,Q9Y296
2019,EN1,Q05925
84946,LTV1,Q96GA3
5420,PODXL,O00592
8973,CHRNA6,Q15825
79973,ZNF442,Q9H7R0
55624,POMGNT1,Q8WZA1
553,AVPR1B,P47901
57085,AGTRAP,Q6RW13
9828,ARHGEF17,Q96PE2
84650,EBPL,Q9BY08
3358,HTR2C,P28335
51760,SYT17,Q9BSW7
84206,MEX3B,Q6ZN04
353133,LCE1C,Q5T751
2124,EVI2B,P34910
124857,WFIKKN2,Q8TEU8
4778,NFE2,Q16621
84058,WDR54,Q9H977
124930,ANKRD13B,Q86YJ7
2741,GLRA1,P23415
3936,LCP1,P13796
79465,ULBP3,Q9BZM4
1296,COL8A2,P25067
4931,NVL,O15381
6494,SIPA1,Q96FS4
860,RUNX2,Q13950
55602,CDKN2AIP,Q9NXV6
54584,GNB1L,Q9BYB4
63917,GALNT11,Q8NCW6
26505,CNNM3,Q8NE01
1007,CDH9,Q9ULB4
197257,LDHD,Q86WU2
10268,RAMP3,O60896
92421,CHMP4C,Q96CF2
9427,ECEL1,O95672
387521387522,TMEM189,A5PLL7
139105,BEND2,Q8NDZ0
51806,CALML5,Q9NZT1
5458,POU4F2,Q12837
23264,ZC3H7B,Q9UGR2
9306,SOCS6,O14544
9027,NAT8,Q9UHE5
6391,SDHC,Q99643
9963,SLC23A1,Q9UHI7
9953,HS3ST3B1,Q9Y662
143279,HECTD2,Q5U5R9
3665,IRF7,Q92985
8876,VNN1,O95497
83690,CRISPLD1,Q9H336
10690,FUT9,Q9Y231
1749,DLX5,P56178
64745,METTL17,Q9H7H0
57817,HAMP,P81172
10465,PPIH,O43447
9937,DCLRE1A,Q6PJP8
4983,OPHN1,O60890
84787,KMT5C,Q86Y97
6904,TBCD,Q9BTW9
5790,PTPRCAP,Q14761
3659,IRF1,P10914
89890,KBTBD6,Q86V97
7532,YWHAG,P61981
3903,LAIR1,Q6GTX8
124842,TMEM132E,Q6IEE7
286262,TPRN,Q4KMQ1
83716,CRISPLD2,Q9H0B8
79097,TRIM48,Q8IWZ4
26002,MOXD1,Q6UVY6
6484,ST3GAL4,Q11206
3155,HMGCL,P35914
9578,CDC42BPB,Q9Y5S2
5655,KLK10,O43240
10945,KDELR1,P24390
27202,C5AR2,Q9P296
84851,TRIM52,Q96A61
29923,HILPDA,Q9Y5L2
23263,MCF2L,O15068
8717,TRADD,Q15628
29903,CCDC106,Q9BWC9
64112,MOAP1,Q96BY2
30848,CTAG2,O75638
93343,MVB12A,Q96EY5
27348,TOR1B,O14657
1829,DSG2,Q14126
3064,HTT,P42858
167681,PRSS35,Q8N3Z0
5553,PRG2,P13727
66005,CHID1,Q9BWS9
388115,CCDC9B,Q6ZUT6
598,BCL2L1,Q07817
4713,NDUFB7,P17568
1845,DUSP3,P51452
8817,FGF18,O76093
10750,GRAP,Q13588
147808,ZNF784,Q8NCA9
1027245947307,U2AF1L5,P0DN76
1027245947307,U2AF1,Q01081
785,CACNB4,O00305
9019,MPZL1,O95297
27239,GPR162,Q16538
126069,ZNF491,Q8N8L2
84313,VPS25,Q9BRG1
6578,SLCO2A1,Q92959
140766,ADAMTS14,Q8WXS8
9266,CYTH2,Q99418
10299,MARCHF6,O60337
79029,SPATA5L1,Q9BVQ7
26088,GGA1,Q9UJY5
92691,TMEM169,Q96HH4
4881,NPR1,P16066
4504,MT3,P25713
1084,CEACAM3,P40198
25977,NECAP1,Q8NC96
9640,ZNF592,Q92610
202151,RANBP3L,Q86VV4
10169,SERF2,P84101
5869,RAB5B,P61020
51260,PBDC1,Q9BVG4
92345,NAF1,Q96HR8
4046,LSP1,P33241
55601,DDX60,Q8IY21
28952,CCDC22,O60826
116238,TLCD1,Q96CP7
6610,SMPD2,O60906
154807,VKORC1L1,Q8N0U8
78995,HROB,Q8N3J3
9127,P2RX6,O15547
26251,KCNG2,Q9UJ96
2702,GJA5,P36382
23062,GGA2,Q9UJY4
3250,HPR,P00739
127343,DMBX1,Q8NFW5
5287,PIK3C2B,O00750
80222,TARS2,Q9BW92
90332,EXOC3L2,Q2M3D2
146722,CD300LF,Q8TDQ1
5866,RAB3IL1,Q8TBN0
883,KYAT1,Q16773
11129,CLASRP,Q8N2M8
9373,PLAA,Q9Y263
80004,ESRP2,Q9H6T0
80320,SP6,Q3SY56
169522,KCNV2,Q8TDN2
51281,ANKMY1,Q9P2S6
398,ARHGDIG,Q99819
53353,LRP1B,Q9NZR2
1152,CKB,P12277
2065,ERBB3,P21860
54732,TMED9,Q9BVK6
27333,GOLIM4,O00461
4902,NRTN,Q99748
27076,LYPD3,O95274
23507,LRRC8B,Q6P9F7
54957,TXNL4B,Q9NX01
147798,TMC4,Q7Z404
5924,RASGRF2,O14827
9179,AP4M1,O00189
205428,DIPK2A,Q8NDZ4
3172,HNF4A,P41235
10462,CLEC10A,Q8IUN9
285601,GPR150,Q8NGU9
64170,CARD9,Q9H257
26509,MYOF,Q9NZM1
6689,SPIB,Q01892
252884,ZNF396,Q96N95
3009,H1-5,P16401
4211,MEIS1,O00470
56996,SLC12A9,Q9BXP2
2173,FABP7,O15540
2735,GLI1,P08151
899,CCNF,P41002
5007,OSBP,P22059
51804,SIX4,Q9UIU6
8407,TAGLN2,P37802
11190,CEP250,Q9BV73
30820,KCNIP1,Q9NZI2
23235,SIK2,Q9H0K1
4948,OCA2,Q04671
363,AQP6,Q13520
8509,NDST2,P52849
2896,GRN,P28799
25912,C1orf43,Q9BWL3
54020,SLC37A1,P57057
9625,AATK,Q6ZMQ8
23026,MYO16,Q9Y6X6
284114,TMEM102,Q8N9M5
9858,PPP1R26,Q5T8A7
4839,NOP2,P46087
481,ATP1B1,P05026
7762,ZNF215,Q9UL58
389658,ALKAL1,Q6UXT8
58472,SQOR,Q9Y6N5
26257,NKX2-8,O15522
8396,PIP4K2B,P78356
51193,ZNF639,Q9UID6
158471,PRUNE2,Q8WUY3
8857,FCGBP,Q9Y6R7
554,AVPR2,P30518
79767,ELMO3,Q96BJ8
2551,GABPA,Q06546
65993,MRPS34,P82930
4856,CCN3,P48745
151,ADRA2B,P18089
26157,GIMAP2,Q9UG22
54106,TLR9,Q9NR96
2764,GMFB,P60983
27287,VENTX,O95231
10388,SYCP2,Q9BX26
10360,NPM3,O75607
4173,MCM4,P33991
10450,PPIE,Q9UNP9
5746,PTH2R,P49190
152519,NIPAL1,Q6NVV3
5610,EIF2AK2,P19525
7136,TNNI2,P48788
11077,HSF2BP,O75031
10500,SEMA6C,Q9H3T2
4123,MAN2C1,Q9NTJ4
92714,ARRDC1,Q8N5I2
2769,GNA15,P30679
158046,NXNL2,Q5VZ03
157506,RDH10,Q8IZV5
23613,ZMYND8,Q9ULU4
10219,KLRG1,Q96E93
57468,SLC12A5,Q9H2X9
11107,PRDM5,Q9NQX1
55260,TMEM143,Q96AN5
56901,NDUFA4L2,Q9NRX3
6491,STIL,Q15468
83990,BRIP1,Q9BX63
2916,GRM6,O15303
170691,ADAMTS17,Q8TE56
1667728358,DEFA1; DEFA1B,P59665
11344,TWF2,Q6IBS0
55572,FOXRED1,Q96CU9
55005,RMND1,Q9NWS8
84939,PWWP3A,Q2TAK8
55871,CBWD1,Q9BRT8
121457,IKBIP,Q70UQ0
55009,FAM174C,Q9BVV8
166655,TRIM60,Q495X7
4212,MEIS2,O14770
4175,MCM6,Q14566
6754,SSTR4,P31391
3543,IGLL1,P15814
6924,ELOA,Q14241
57547,ZNF624,Q9P2J8
196383,RILPL2,Q969X0
57804,POLD4,Q9HCU8
23566,LPAR3,Q9UBY5
221002,RASGEF1A,Q8N9B8
54936,ADPRS,Q9NX46
8639,AOC3,Q16853
5340,PLG,P00747
3775,KCNK1,O00180
80775,TMEM177,Q53S58
5413,SEPTIN5,Q99719
80176,SPSB1,Q96BD6
7108,TM7SF2,O76062
83932,SPRTN,Q9H040
57592,ZNF687,Q8N1G0
29115,SAP30BP,Q9UHR5
114335,CGB1,A6NKQ9
1669,DEFA4,P12838
26958,COPG2,Q9UBF2
130557,ZNF513,Q8N8E2
10052796311243,PMF1,Q6P1K2
8567,MADD,Q8WXG6
10322,SMYD5,Q6GMV2
11255,HRH3,Q9Y5N1
4357,MPST,P25325
196883,ADCY4,Q8NFM4
147015,DHRS13,Q6UX07
868,CBLB,Q13191
200150,PLD5,Q8N7P1
64881,PCDH20,Q8N6Y1
26519,TIMM10,P62072
57546,PDP2,Q9P2J9
4779,NFE2L1,Q14494
1777,DNASE2,O00115
2239,GPC4,O75487
10826,FAXDC2,Q96IV6
51755,CDK12,Q9NYV4
60598,KCNK15,Q9H427
22895,RPH3A,Q9Y2J0
23500,DAAM2,Q86T65
3000,GUCY2D,Q02846
22865,SLITRK3,O94933
29108,PYCARD,Q9ULZ3
9934,P2RY14,Q15391
388695,LYSMD1,Q96S90
91782,CHMP7,Q8WUX9
283212,KLHL35,Q6PF15
122481,AK7,Q96M32
26577,PCOLCE2,Q9UKZ9
91074,ANKRD30A,Q9BXX3
3889,KRT83,P78385
55663,ZNF446,Q9NWS9
5859,QARS1,P47897
27034,ACAD8,Q9UKU7
348807,CFAP100,Q494V2
11082,ESM1,Q9NQ30
3577,CXCR1,P25024
8884,SLC5A6,Q9Y289
5607,MAP2K5,Q13163
64708,COPS7B,Q9H9Q2
5338,PLD2,O14939
8985,PLOD3,O60568
112937,GLB1L3,Q8NCI6
347688,TUBB8,Q3ZCM7
54442,KCTD5,Q9NXV2
165,AEBP1,Q8IUX7
550,AUP1,Q9Y679
8740,TNFSF14,O43557
81034,SLC25A32,Q9H2D1
9040,UBE2M,P61081
51299,NRN1,Q9NPD7
131601,TPRA1,Q86W33
5148,PDE6G,P18545
143187,VTI1A,Q96AJ9
5709,PSMD3,O43242
84695,LOXL3,P58215
113730,KLHDC7B,Q96G42
51162,EGFL7,Q9UHF1
9517,SPTLC2,O15270
280658,SSX7,Q7RTT5
115704,EVI5L,Q96CN4
9938,ARHGAP25,P42331
6722,SRF,P11831
8573,CASK,O14936
284098,PIGW,Q7Z7B1
216,ALDH1A1,P00352
1212,CLTB,P09497
3680,ITGA9,Q13797
2009,EML1,O00423
5322,PLA2G5,P39877
1824,DSC2,Q02487
65080,MRPL44,Q9H9J2
1045,CDX2,Q99626
9392,TGFBRAP1,Q8WUH2
10660,LBX1,P52954
6523,SLC5A1,P13866
55278,QRSL1,Q9H0R6
27098,CLUL1,Q15846
348980,HCN1,O60741
126119,JOSD2,Q8TAC2
57143,ADCK1,Q86TW2
64224,HERPUD2,Q9BSE4
85301,COL27A1,Q8IZC6
51166,AADAT,Q8N5Z0
93109,TMEM44,Q2T9K0
5994,RFXAP,O00287
1522,CTSZ,Q9UBR2
4054,LTBP3,Q9NS15
51093,RRNAD1,Q96FB5
55016,MARCHF1,Q8TCQ1
3071,NCKAP1L,P55160
79668,PARP8,Q8N3A8
26225,ARL5A,Q9Y689
53841,CDHR5,Q9HBB8
79155,TNIP2,Q8NFZ5
11188,NISCH,Q9Y2I1
84866,TMEM25,Q86YD3
23770,FKBP8,Q14318
112939,NACC1,Q96RE7
10298,PAK4,O96013
57585,CRAMP1,Q96RY5
389903,CSAG2; CSAG3,Q9Y5P2
51435,SCARA3,Q6AZY7
11215,AKAP11,Q9UKA4
4140626349,CCL3L1; CCL3L3,P16619
460,ASTN1,O14525
2077,ERF,P50548
1316,KLF6,Q99612
2212,FCGR2A,P12318
9340,GLP2R,O95838
1896,EDA,Q92838
28991,COMMD5,Q9GZQ3
65263,PYCR3,Q53H96
7367,UGT2B17,O75795
8528,DDO,Q99489
29949,IL19,Q9UHD0
9814,SFI1,A8K8P3
4691,NCL,P19338
3980,LIG3,P49916
8789,FBP2,O00757
8541,PPFIA3,O75145
3561,IL2RG,P31785
1289,COL5A1,P20908
316,AOX1,Q06278
6441,SFTPD,P35247
64174,DPEP2,Q9H4A9
3425,IDUA,P35475
3240,HP,P00738
1806,DPYD,Q12882
8654,PDE5A,O76074
221,ALDH3B1,P43353
7869,SEMA3B,Q13214
92106,OXNAD1,Q96HP4
6139,RPL17,P18621
64094,SMOC2,Q9H3U7
1890,TYMP,P19971
115650,TNFRSF13C,Q96RJ3
7571,ZNF23,P17027
23539,SLC16A8,O95907
1969,EPHA2,P29317
10446,LRRN2,O75325
57102,C12orf4,Q9NQ89
9670,IPO13,O94829
54841,BIVM,Q86UB2
55653,BCAS4,Q8TDM0
79414,LRFN3,Q9BTN0
84067,FAM160A2,Q8N612
5577,PRKAR2B,P31323
7388,UQCRH,P07919
9665,MARF1,Q9Y4F3
84817,TXNDC17,Q9BRA2
51659,GINS2,Q9Y248
29105,CFAP20,Q9Y6A4
29113,C6orf15,Q6UXA7
25818,KLK5,Q9Y337
375061,FAM89A,Q96GI7
90121,TSR2,Q969E8
4118,MAL,P21145
920,CD4,P01730
133584,EGFLAM,Q63HQ2
2151,F2RL2,O00254
118,ADD1,P35611
5426,POLE,Q07864
92749,DRC1,Q96MC2
90480,GADD45GIP1,Q8TAE8
55753,OGDHL,Q9ULD0
64762,GAREM1,Q9H706
57605,PITPNM2,Q9BZ72
113000,RPUSD1,Q9UJJ7
29985,SLC39A3,Q9BRY0
64210,MMS19,Q96T76
5471,PPAT,Q06203
9349,RPL23,P62829
23550,PSD4,Q8NDX1
221472,FGD2,Q7Z6J4
10865,ARID5A,Q03989
80139,ZNF703,Q9H7S9
685,BTC,P35070
9290,GPR55,Q9Y2T6
117608,ZNF354B,Q96LW1
9362,CPNE6,O95741
115572,TENT5B,Q96A09
6339,SCNN1D,P51172
9695,EDEM1,Q92611
2352,FOLR3,P41439
486,FXYD2,P54710
54475,NLE1,Q9NVX2
122509,IFI27L1,Q96BM0
23122,CLASP2,O75122
131920,TMEM207,Q6UWW9
3049,HBQ1,P09105
25987,TSKU,Q8WUA8
1292,COL6A2,P12110
5757,PTMA,P06454
55111,PLEKHJ1,Q9NW61
2295,FOXF2,Q12947
389649,C8orf86,Q6ZUL3
222487,ADGRG3,Q86Y34
23649,POLA2,Q14181
3351,HTR1B,P28222
6182,MRPL12,P52815
79589,RNF128,Q8TEB7
79679,VTCN1,Q7Z7D3
80341,BPIFB2,Q8N4F0
147179,WIPF2,Q8TF74
147807,ZNF524,Q96C55
10753,CAPN9,O14815
1776,DNASE1L3,Q13609
5159,PDGFRB,P09619
23344,ESYT1,Q9BSJ8
26059,ERC2,O15083
51172,NAGPA,Q9UK23
7855,FZD5,Q13467
5116,PCNT,O95613
255022,CALHM1,Q8IU99
7567,ZNF19,P17023
56121,PCDHB15,Q9Y5E8
121665,SPPL3,Q8TCT6
8501,SLC43A1,O75387
55824,PAG1,Q9NWQ8
57406,ABHD6,Q9BV23
25865,PRKD2,Q9BZL6
84867,PTPN5,P54829
8988,HSPB3,Q12988
8471,IRS4,O14654
7087,ICAM5,Q9UMF0
100996928154791,FMC1,Q96HJ9
2138,EYA1,Q99502
201292,TRIM65,Q6PJ69
55765,INAVA,Q3KP66
54923,LIME1,Q9H400
10068,IL18BP,O95998
10293,TRAIP,Q9BWF2
4689,NCF4,Q15080
5909,RAP1GAP,P47736
10287,RGS19,P49795
51144,HSD17B12,Q53GQ0
90233,ZNF551,Q7Z340
1003,CDH5,P33151
91703,ACY3,Q96HD9
85865,GTPBP10,A4D1E9
8870,IER3,P46695
347516,DGAT2L6,Q6ZPD8
11044,TENT4A,Q5XG87
125058,TBC1D16,Q8TBP0
284805,C20orf203,Q8NBC4
53826,FXYD6,Q9H0Q3
118471,PRAP1,Q96NZ9
55627,SMPD4,Q9NXE4
11322,TMC6,Q7Z403
10479,SLC9A6,Q92581
146705,TEPSIN,Q96N21
8792,TNFRSF11A,Q9Y6Q6
284252,KCTD1,Q719H9
9949,AMMECR1,Q9Y4X0
9994,CASP8AP2,Q9UKL3
24137,KIF4A,O95239
1731,SEPTIN1,Q8WYJ6
5064,PALM,O75781
22795,NID2,Q14112
51268,PIPOX,Q9P0Z9
2252,FGF7,P21781
92922,CCDC102A,Q96A19
4488,MSX2,P35548
7541,ZBTB14,O43829
282617,IFNL3,Q8IZI9
84803,GPAT3,Q53EU6
5463,POU6F1,Q14863
2045,EPHA7,Q15375
9943,OXSR1,O95747
79845,RNF122,Q9H9V4
7188,TRAF5,O00463
2783,GNB2,P62879
55954,ZMAT5,Q9UDW3
51042,ZNF593,O00488
26511,CHIC2,Q9UKJ5
23313,KIAA0930,Q6ICG6
1948,EFNB2,P52799
348013,TMEM255B,Q8WV15
2204,FCAR,P24071
10512,SEMA3C,Q99985
25870,SUMF2,Q8NBJ7
55625,ZDHHC7,Q9NXF8
671,BPI,P17213
1812,DRD1,P21728
138241,C9orf85,Q96MD7
6503,SLA,Q13239
29946,SERTAD3,Q9UJW9
79047,KCTD15,Q96SI1
50856,CLEC4A,Q9UMR7
5534,PPP3R1,P63098
84265,POLR3GL,Q9BT43
3899,AFF3,P51826
220323,OAF,Q86UD1
2895,GRID2,O43424
112398,EGLN2,Q96KS0
221955,DAGLB,Q8NCG7
200765,TIGD1,Q96MW7
6242,RTKN,Q9BST9
683,BST1,Q10588
22797,TFEC,O14948
537,ATP6AP1,Q15904
257,ALX3,O95076
79154,DHRS11,Q6UWP2
155368,METTL27,Q8N6F8
7776,ZNF236,Q9UL36
64841,GNPNAT1,Q96EK6
8348,H2BC17,P23527
389376,SFTA2,Q6UW10
27165,GLS2,Q9UI32
8818,DPM2,O94777
5063,PAK3,O75914
9978,RBX1,P62877
9088,PKMYT1,Q99640
80148,SLC66A2,Q8N2U9
144110,TMEM86A,Q8N2M4
148268,ZNF570,Q96NI8
2529,FUT7,Q11130
146,ADRA1D,P25100
2207,FCER1G,P30273
84680,ACCS,Q96QU6
254778,VXN,Q8TAG6
4261,CIITA,P33076
80764,THAP7,Q9BT49
150372,NFAM1,Q8NET5
25844,YIPF3,Q9GZM5
1005292612342,FNTB,P49356
3110,MNX1,P50219
1006,CDH8,P55286
2079,ERH,P84090
7054,TH,P07101
5432,POLR2C,P19387
4453296818,SULT1A3,P0DMM9
4453296818,SULT1A4,P0DMN0
342667,STAC2,Q6ZMT1
634,CEACAM1,P13688
10946,SF3A3,Q12874
55140,ELP3,Q9H9T3
622,BDH1,Q02338
5157,PDGFRL,Q15198
51490,SPOUT1,Q5T280
80328,ULBP2,Q9BZM5
8820,HESX1,Q9UBX0
4311,MME,P08473
575,ADGRB1,O14514
7079,TIMP4,Q99727
4705,NDUFA10,O95299
147687,ZNF417,Q8TAU3
1009,CDH11,P55287
140612,ZFP28,Q8NHY6
57125,PLXDC1,Q8IUK5
7048,TGFBR2,P37173
130813,C2orf50,Q96LR7
9252,RPS6KA5,O75582
3090,HIC1,Q14526
10906,TRAFD1,O14545
51073,MRPL4,Q9BYD3
4353,MPO,P05164
8994,LIMD1,Q9UGP4
6641,SNTB1,Q13884
3792,KEL,P23276
6539,SLC6A12,P48065
401563,C9orf139,Q6ZV77
3560,IL2RB,P14784
9855,FARP2,O94887
1857,DVL3,Q92997
64601,VPS16,Q9H269
5122,PCSK1,P29120
55203,LGI2,Q8N0V4
83746,L3MBTL2,Q969R5
81889,FAHD1,Q6P587
64428,CIAO3,Q9H6Q4
5744,PTHLH,P12272
55240,STEAP3,Q658P3
26664,OR7C1,O76099
57580,PREX1,Q8TCU6
90861,JPT2,Q9H910
54346,UNC93A,Q86WB7
58485,TRAPPC1,Q9Y5R8
5979,RET,P07949
60482,SLC5A7,Q9GZV3
129303,TMEM150A,Q86TG1
266812,NAP1L5,Q96NT1
3038,HAS3,O00219
246176,GAS2L2,Q8NHY3
201294,UNC13D,Q70J99
5700,PSMC1,P62191
1363,CPE,P16870
283237,TTC9C,Q8N5M4
1317,SLC31A1,O15431
255027,MPV17L,Q2QL34
58490,RPRD1B,Q9NQG5
10617,STAMBP,O95630
11279,KLF8,O95600
4281,MID1,O15344
400073,C12orf76,Q8N812
23318,TUT4,Q5TAX3
51284,TLR7,Q9NYK1
10481,HOXB13,Q92826
28951,TRIB2,Q92519
2358,FPR2,P25090
9781,RNF144A,P50876
83448,PUS7L,Q9H0K6
89795,NAV3,Q8IVL0
9258,MFHAS1,Q9Y4C4
10406,WFDC2,Q14508
6919,TCEA2,Q15560
79637,ARMC7,Q9H6L4
9486,CHST10,O43529
64223,MLST8,Q9BVC4
1012,CDH13,P55290
10948,STARD3,Q14849
83548,COG3,Q96JB2
551,AVP,P01185
5881,RAC3,P60763
10647,SCGB1D2,O95969
140902,R3HDML,Q9H3Y0
170463,SSBP4,Q9BWG4
79892,MCMBP,Q9BTE3
4342,MOS,P00540
51109,RDH11,Q8TC12
3227,HOXC11,O43248
7407,VARS1,P26640
83463,MXD3,Q9BW11
54434,SSH1,Q8WYL5
55143,CDCA8,Q53HL2
4600,MX2,P20592
54466,SPIN2A,Q99865
10397,NDRG1,Q92597
2975,GTF3C1,Q12789
945,CD33,P20138
54858,PGPEP1,Q9NXJ5
54102,CLIC6,Q96NY7
64682,ANAPC1,Q9H1A4
22878,TRAPPC8,Q9Y2L5
84948,TIGD5,Q53EQ6
8313,AXIN2,Q9Y2T1
256586,LYSMD2,Q8IV50
1236,CCR7,P32248
388341,LRRC75A,Q8NAA5
2122,MECOM,Q03112
6898,TAT,P17735
7761,ZNF214,Q9UL59
140465,MYL6B,P14649
54902,TTC19,Q6DKK2
26017,FAM32A,Q9Y421
6583,SLC22A4,Q9H015
23746,AIPL1,Q9NZN9
55843,ARHGAP15,Q53QZ3
55217,TMLHE,Q9NVH6
192111,PGAM5,Q96HS1
54498,SMOX,Q9NWM0
56034,PDGFC,Q9NRA1
6015,RING1,Q06587
6000,RGS7,P49802
5585,PKN1,Q16512
80168,MOGAT2,Q3SYC2
83854,ANGPTL6,Q8NI99
149466,C1orf210,Q8IVY1
10485,C1orf61,Q13536
4656,MYOG,P15173
84915,FAM222A,Q5U5X8
4247,MGAT2,Q10469
79177,ZNF576,Q9H609
148252,DIRAS1,O95057
715,C1R,P00736
83298330833283301376,H2AC11; H2AC13; H2AC15; H2AC16; H2AC17,P0C0S8
57699,CPNE5,Q9HCH3
116461,TSEN15,Q8WW01
373,TRIM23,P36406
1949,EFNB3,Q15768
51283,BFAR,Q9NZS9
5784,PTPN14,Q15678
201514,ZNF584,Q8IVC4
137872,ADHFE1,Q8IWW8
84895,MIGA2,Q7L4E1
3615,IMPDH2,P12268
6992,PPP1R11,O60927
79594,MUL1,Q969V5
23462,HEY1,Q9Y5J3
26291,FGF21,Q9NSA1
5210,PFKFB4,Q16877
27295,PDLIM3,Q53GG5
10817,FRS3,O43559
7223,TRPC4,Q9UBN4
3024,H1-1,Q02539
54973,INTS11,Q5TA45
386617,KCTD8,Q6ZWB6
142680,SLC34A3,Q8N130
222643,UNC5CL,Q8IV45
54477,PLEKHA5,Q9HAU0
341405,ANKRD33,Q7Z3H0
89,ACTN3,Q08043
166,TLE5,Q08117
199699,DAND5,Q8N907
404281,YY2,O15391
55328,RNLS,Q5VYX0
9091,PIGQ,Q9BRB3
3628,INPP1,P49441
257106,ARHGAP30,Q7Z6I6
25937,WWTR1,Q9GZV5
3888,KRT82,Q9NSB4
22983,MAST1,Q9Y2H9
5271,SERPINB8,P50452
6753,SSTR3,P32745
406,ARNTL,O00327
54978,SLC35F6,Q8N357
3590,IL11RA,Q14626
84617,TUBB6,Q9BUF5
79897,RPP21,Q9H633
84865,CCDC142,Q17RM4
79823,CAMKMT,Q7Z624
8131,NPRL3,Q12980
90527,DUOXA1,Q1HG43
56967,C14orf132,Q9NPU4
1903,S1PR3,Q99500
9674,KIAA0040,Q15053
149483,CCDC17,Q96LX7
5623,PSPN,O60542
283420,CLEC9A,Q6UXN8
3713,IVL,P07476
57819,LSM2,Q9Y333
10285,SMNDC1,O75940
84674,CARD6,Q9BX69
7084,TK2,O00142
55615,PRR5,P85299
54987,CZIB,Q9NWV4
1717,DHCR7,Q9UBM7
4660,PPP1R12B,O60237
54432,YIPF1,Q9Y548
9401,RECQL4,O94761
57140,RNPEPL1,Q9HAU8
5451,POU2F1,P14859
347862,GATD1,Q8NB37
9860,LRIG2,O94898
6354,CCL7,P80098
25796,PGLS,O95336
7372,UMPS,P11172
2873,GPS1,Q13098
27128,CYTH4,Q9UIA0
8569,MKNK1,Q9BUB5
5739,PTGIR,P43119
393,ARHGAP4,P98171
5100,PCDH8,O95206
9046,DOK2,O60496
27309,ZNF330,Q9Y3S2
79074,C2orf49,Q9BVC5
57409,MIF4GD,A9UHW6
23604,DAPK2,Q9UIK4
89782,LMLN,Q96KR4
79759,ZNF668,Q96K58
54733,SLC35F2,Q8IXU6
64921,CASD1,Q96PB1
83986,FAM234A,Q9H0X4
490,ATP2B1,P20020
23090,ZNF423,Q2M1K9
30819,KCNIP2,Q9NS61
566,AZU1,P20160
79590,MRPL24,Q96A35
3060,HCRT,O43612
56477,CCL28,Q9NRJ3
2622,GAS8,O95995
2039,DMTN,Q08495
8613,PLPP3,O14495
9351,SLC9A3R2,Q15599
25876,SPEF1,Q9Y4P9
10572,SIVA1,O15304
7781,SLC30A3,Q99726
9213,XPR1,Q9UBH6
57134,MAN1C1,Q9NR34
3906,LALBA,P00709
201191,SAMD14,Q8IZD0
10846,PDE10A,Q9Y233
10913,EDAR,Q9UNE0
10585,POMT1,Q9Y6A1
1263,PLK3,Q9H4B4
83933,HDAC10,Q969S8
220972,MARCHF8,Q5T0T0
22893,BAHD1,Q8TBE0
30062,RAX,Q9Y2V3
286133,SCARA5,Q6ZMJ2
50813,COPS7A,Q9UBW8
7681,MKRN3,Q13064
79847,MFSD13A,Q14CX5
114131,UCN3,Q969E3
124401,ANKS3,Q6ZW76
1474,CST6,Q15828
80789,INTS5,Q6P9B9
22843,PPM1E,Q8WY54
55545555,PRH1; PRH2,P02810
5878,RAB5C,P51148
79035,NABP2,Q9BQ15
57381,RHOJ,Q9H4E5
57647,DHX37,Q8IY37
8449,DHX16,O60231
54886,PLPPR1,Q8TBJ4
6649,SOD3,P08294
286204,CRB2,Q5IJ48
56882,CDC42SE1,Q9NRR8
79836,LONRF3,Q496Y0
255104,TMCO4,Q5TGY1
8659,ALDH4A1,P30038
81619,TSPAN14,Q8NG11
933,CD22,P20273
1485246100,CTAG1A; CTAG1B,P78358
343035,RD3,Q7Z3Z2
9506,PAGE4,O60829
11169,WDHD1,O75717
3614,IMPDH1,P20839
203569,PAGE2,Q7Z2X7
547,KIF1A,Q12756
10626,TRIM16,O95361
10844,TUBGCP2,Q9BSJ2
10813,UTP14A,Q9BVJ6
124222,PAQR4,Q8N4S7
4319,MMP10,P09238
23024,PDZRN3,Q9UPQ7
9852,EPM2AIP1,Q7L775
57348,TTYH1,Q9H313
93185,IGSF8,Q969P0
7789,ZXDA,P98168
9196,KCNAB3,O43448
3753,KCNE1,P15382
3914,LAMB3,Q13751
11259,FILIP1L,Q4L180
2570,GABRR2,P28476
4200,ME2,P23368
3797,KIF3C,O14782
7253,TSHR,P16473
55890,GPRC5C,Q9NQ84
26031,OSBPL3,Q9H4L5
10726,NUDC,Q9Y266
84146,ZNF644,Q9H582
80347,COASY,Q13057
148113,CILP2,Q8IUL8
90353,CTU1,Q7Z7A3
79159,NOL12,Q9UGY1
913,CD1E,P15812
134429,STARD4,Q96DR4
3737,KCNA2,P16389
50509,COL5A3,P25940
29122,PRSS50,Q9UI38
1906,EDN1,P05305
2329,FMO4,P31512
55146,ZDHHC4,Q9NPG8
1406,CRX,O43186
2882,GPX7,Q96SL4
27242,TNFRSF21,O75509
6299,SALL1,Q9NSC2
3310,HSPA6,P17066
10715,CERS1,P27544
8668,EIF3I,Q13347
79865,TREML2,Q5T2D2
7554,ZNF8,P17098
9684,LRRC14,Q15048
120425,JAML,Q86YT9
7709,ZBTB17,Q13105
4654,MYOD1,P15172
7004,TEAD4,Q15561
131377,KLHL40,Q2TBA0
9100,USP10,Q14694
220134,SKA1,Q96BD8
650,BMP2,P12643
79411,GLB1L,Q6UWU2
23164,MPRIP,Q6WCQ1
84306,PDCD2L,Q9BRP1
129450,TYW5,A2RUC4
11067,DEPP1,Q9NTK1
6154,RPL26,P61254
1414,CRYBB1,P53674
81493,SYNC,Q9H7C4
2921,CXCL3,P19876
30845,EHD3,Q9NZN3
150468,CKAP2L,Q8IYA6
54863,TOR4A,Q9NXH8
9991,PTBP3,O95758
60673,ATG101,Q9BSB4
26027,ACOT11,Q8WXI4
91801,ALKBH8,Q96BT7
4633,MYL2,P10916
27306,HPGDS,O60760
9498,SLC4A8,Q2Y0W8
6750,SST,P61278
4256,MGP,P08493
23650,TRIM29,Q14134
9982,FGFBP1,Q14512
9854,C2CD2L,O14523
55199,FAM86C1,Q9NVL1
2660,MSTN,O14793
5018,OXA1L,Q15070
1044,CDX1,P47902
64760,FAM160B2,Q86V87
9899,SV2B,Q7L1I2
116840,CNTROB,Q8N137
286097,MICU3,Q86XE3
64175,P3H1,Q32P28
7480,WNT10B,O00744
116159,CYYR1,Q96J86
5673,PSG5,Q15238
65008,MRPL1,Q9BYD6
55200,PLEKHG6,Q3KR16
83605,CCM2,Q9BSQ5
148281,SYT6,Q5T7P8
3765,KCNJ9,Q92806
115817,DHRS1,Q96LJ7
766,CA7,P43166
23070,CMTR1,Q8N1G2
79585,CORO7,P57737
55080,TAPBPL,Q9BX59
482,ATP1B2,P14415
9957,HS3ST1,O14792
6723,SRM,P19623
6810,STX4,Q12846
1020,CDK5,Q00535
5664,PSEN2,P49810
2251,FGF6,P10767
26470,SEZ6L2,Q6UXD5
8912,CACNA1H,O95180
254359,ZDHHC24,Q6UX98
1381,CRABP1,P29762
4327,MMP19,Q99542
80709,AKNA,Q7Z591
135228,CD109,Q6YHK3
167465,ZNF366,Q8N895
23601,CLEC5A,Q9NY25
2078,ERG,P11308
2637,GBX2,P52951
6944,VPS72,Q15906
10391,CORO2B,Q9UQ03
8427,ZNF282,Q9UDV7
105,ADARB2,Q9NS39
4331,MNAT1,P51948
163183,SYNE4,Q8N205
10663,CXCR6,O00574
9180,OSMR,Q99650
84514,GHDC,Q8N2G8
115825,WDFY2,Q96P53
661,POLR3D,P05423
3448,IFNA14,P01570
401498,TMEM215,Q68D42
51012,PRELID3B,Q9Y3B1
26995,TRUB2,O95900
2294,FOXF1,Q12946
10278,EFS,O43281
375387,NRROS,Q86YC3
284948,SH2D6,Q7Z4S9
4007,PRICKLE3,O43900
136332,LRGUK,Q96M69
6524,SLC5A2,P31639
51690,LSM7,Q9UK45
221749,PXDC1,Q5TGL8
64577,ALDH8A1,Q9H2A2
11065,UBE2C,O00762
1388,ATF6B,Q99941
145226,RDH12,Q96NR8
7423,VEGFB,P49765
3385,ICAM3,P32942
55178,MRM3,Q9HC36
50632,CALY,Q9NYX4
8412,BCAR3,O75815
56980,PRDM10,Q9NQV6
115752,DIS3L,Q8TF46
347365,ITIH6,Q6UXX5
9296,ATP6V1F,Q16864
6343,SCT,P09683
1605,DAG1,Q14118
57573,ZNF471,Q9BX82
23401,FRAT2,O75474
283899,INO80E,Q8NBZ0
7536,SF1,Q15637
10633,RASL10A,Q92737
5959,RDH5,Q92781
7031,TFF1,P04155
112744,IL17F,Q96PD4
7701,ZNF142,P52746
23481,PES1,O00541
4330,MN1,Q10571
761,CA3,P07451
3440,IFNA2,P01563
3891,KRT85,P78386
113189,CHST14,Q8NCH0
80830,APOL6,Q9BWW8
10635,RAD51AP1,Q96B01
123169,LEO1,Q8WVC0
8572,PDLIM4,P50479
10204,NUTF2,P61970
9942,XYLB,O75191
10643,IGF2BP3,O00425
5802,PTPRS,Q13332
6693,SPN,P16150
57094,CPA6,Q8N4T0
6566,SLC16A1,P53985
2864,FFAR1,O14842
400668,PRSS57,Q6UWY2
79760,GEMIN7,Q9H840
84937,ZNRF1,Q8ND25
10677,AVIL,O75366
8341,H2BC15,Q99877
23213,SULF1,Q8IWU6
30851,TAX1BP3,O14907
28954,REM1,O75628
3595,IL12RB2,Q99665
84722,PSRC1,Q6PGN9
9310,ZNF235,Q14590
476,ATP1A1,P05023
9573,GDF3,Q9NR23
113791,PIK3IP1,Q96FE7
2745,GLRX,P35754
2981,GUCA2B,Q16661
7629,ZNF76,P36508
23432,GPR161,Q8N6U8
5365,PLXNB3,Q9ULL4
10873,ME3,Q16798
3175,ONECUT1,Q9UBC0
10411,RAPGEF3,O95398
29926,GMPPA,Q96IJ6
83888,FGFBP2,Q9BYJ0
1603,DAD1,P61803
4303,FOXO4,P98177
285362,SUMF1,Q8NBK3
9779,TBC1D5,Q92609
3856,KRT8,P05787
150209,AIFM3,Q96NN9
221613,H2AC1,Q96QV6
5151,PDE8A,O60658
1185,CLCN6,P51797
51377,UCHL5,Q9Y5K5
80178,TEDC2,Q7L2K0
770,CA11,O75493
55258,THNSL2,Q86YJ6
4486,MST1R,Q04912
26058,GIGYF2,Q6Y7W6
84541,KBTBD8,Q8NFY9
115557,ARHGEF25,Q86VW2
151871,DPPA2,Q7Z7J5
284459,ZNF875,P10072
51294,PCDH12,Q9NPG4
60672,MIIP,Q5JXC2
9965,FGF19,O95750
3728,JUP,P14923
2976,GTF3C2,Q8WUA4
285313,IGSF10,Q6WRI0
6512,SLC1A7,O00341
5678,PSG9,Q00887
1412,CRYBA2,P53672
84435,ADGRA1,Q86SQ6
57159,TRIM54,Q9BYV2
5293,PIK3CD,O00329
587,BCAT2,O15382
8369,H4C7,Q99525
84700,MYO18B,Q8IUG5
10319,LAMC3,Q9Y6N6
221927,BRAT1,Q6PJG6
8729,GBF1,Q92538
23277,CLUH,O75153
3892,KRT86,O43790
55620,STAP2,Q9UGK3
8797,TNFRSF10A,O00220
885,CCK,P06307
126364,LRRC25,Q8N386
347902,AMIGO2,Q86SJ2
221188,ADGRG5,Q8IZF4
50700,RDH8,Q9NYR8
64750,SMURF2,Q9HAU4
4148,MATN3,O15232
152185,SPICE1,Q8N0Z3
128434,VSTM2L,Q96N03
54620,FBXL19,Q6PCT2
25790,CFAP45,Q9UL16
4102,MAGEA3,P43357
2356,FPGS,Q05932
4354,MPP1,Q00013
112574,SNX18,Q96RF0
353134,LCE1D,Q5T752
139562,OTUD6A,Q7L8S5
3995,FADS3,Q9Y5Q0
6887,TAL2,Q16559
80765,STARD5,Q9NSY2
10226,PLIN3,O60664
2648,KAT2A,Q92830
57529,RTL9,Q8NET4
3816,KLK1,P06870
5097,PCDH1,Q08174
80023,NRSN2,Q9GZP1
202243,CCDC125,Q86Z20
5911,RAP2A,P10114
136647,MPLKIP,Q8TAP9
388394,RPRML,Q8N4K4
6534,SLC6A7,Q99884
6017,RLBP1,P12271
10280,SIGMAR1,Q99720
58500,ZNF250,P15622
2028,ENPEP,Q07075
343641,TGM6,O95932
84675,TRIM55,Q9BYV6
2532,ACKR1,Q16570
7454,WAS,P42768
221061,FAM171A1,Q5VUB5
10250,SRRM1,Q8IYB3
6425,SFRP5,Q5T4F7
1183,CLCN4,P51793
4163,MCC,P23508
23224,SYNE2,Q8WXH0
2892,GRIA3,P42263
25920,NELFB,Q8WX92
93099,DMKN,Q6E0U4
9967,THRAP3,Q9Y2W1
3265,HRAS,P01112
9552,SPAG7,O75391
158809,MAGEB6,Q8N7X4
638,BIK,Q13323
2701,GJA4,P35212
3142,HLX,Q14774
6636,SNRPF,P62306
94032,CAMK2N2,Q96S95
170302,ARX,Q96QS3
167555,FAM151B,Q6UXP7
11166,SOX21,Q9Y651
83884,SLC25A2,Q9BXI2
26064,RAI14,Q9P0K7
58497,PRUNE1,Q86TP1
153,ADRB1,P08588
57103,TIGAR,Q9NQ88
2900,GRIK4,Q16099
134147,CMBL,Q96DG6
139716,GAB3,Q8WWW8
9797,TATDN2,Q93075
187,APLNR,P35414
80781,COL18A1,P39060
2243,FGA,P02671
6737,TRIM21,P19474
9950,GOLGA5,Q8TBA6
117166,WFIKKN1,Q96NZ8
797,CALCB,P10092
55231,CCDC87,Q9NVE4
5473,PPBP,P02775
254263,CNIH2,Q6PI25
55781,RIOK2,Q9BVS4
223075,ITPRID1,Q6ZRS4
7837,PXDN,Q92626
22883,CLSTN1,O94985
3927,LASP1,Q14847
9805,SCRN1,Q12765
3055,HCK,P08631
23076,RRP1B,Q14684
25789,TMEM59L,Q9UK28
60561,RINT1,Q6NUQ1
23395,LARS2,Q15031
2686,GGT7,Q9UJ14
79953,SYNDIG1,Q9H7V2
10026,PIGK,Q92643
130733,TMEM178A,Q8NBL3
23548,TTC33,Q6PID6
143,PARP4,Q9UKK3
116151,FAM210B,Q96KR6
782,CACNB1,Q02641
6424,SFRP4,Q6FHJ7
80746,TSEN2,Q8NCE0
27199,OXGR1,Q96P68
6504,SLAMF1,Q13291
60436,TGIF2,Q9GZN2
940,CD28,P10747
8530,CST7,O76096
65251,ZNF649,Q9BS31
2137,EXTL3,O43909
6687,SPG7,Q9UQ90
51409,HEMK1,Q9Y5R4
117,ADCYAP1R1,P41586
810,CALML3,P27482
253152,EPHX4,Q8IUS5
28960,DCPS,Q96C86
133688,UGT3A1,Q6NUS8
399823,FOXI2,Q6ZQN5
2042,EPHA3,P29320
51524,TMEM138,Q9NPI0
23265,EXOC7,Q9UPT5
4849,CNOT3,O75175
5782,PTPN12,Q05209
51621,KLF13,Q9Y2Y9
3218,HOXB8,P17481
115353,LRRC42,Q9Y546
126402,CCDC105,Q8IYK2
923,CD6,P30203
349667,RTN4RL2,Q86UN3
55621,TRMT1,Q9NXH9
25880,TMEM186,Q96B77
196374,KRT78,Q8N1N4
2554,GABRA1,P14867
5973,RENBP,P51606
80818,ZNF436,Q9C0F3
25988,HINFP,Q9BQA5
8529,CYP4F2,P78329
23569,PADI4,Q9UM07
79094,CHAC1,Q9BUX1
23510,KCTD2,Q14681
90933,TRIM41,Q8WV44
5803,PTPRZ1,P23471
171177,RHOV,Q96L33
3857,KRT9,P35527
4121,MAN1A1,P33908
83886,PRSS27,Q9BQR3
6418,SET,Q01105
22955,SCMH1,Q96GD3
126068,ZNF441,Q8N8Z8
55161,TMEM33,P57088
80305,TRABD,Q9H4I3
54776,PPP1R12C,Q9BZL4
149175,MANEAL,Q5VSG8
80329,ULBP1,Q9BZM6
5156,PDGFRA,P16234
5437,POLR2H,P52434
79581,SLC52A2,Q9HAB3
85378,TUBGCP6,Q96RT7
7070,THY1,P04216
116969,ART5,Q96L15
286256,LCN12,Q6JVE5
55122,AKIRIN2,Q53H80
55718,POLR3E,Q9NVU0
56124,PCDHB12,Q9Y5F1
64478,CSMD1,Q96PZ7
10897,YIF1A,O95070
3963653499,LGALS7; LGALS7B,P47929
6916,TBXAS1,P24557
1398,CRK,P46108
5423,POLB,P06746
9363,RAB33A,Q14088
57530,CGN,Q9P2M7
5575,PRKAR1B,P31321
338339,CLEC4D,Q8WXI8
55617,TASP1,Q9H6P5
23399,CTDNEP1,O95476
54596,L1TD1,Q5T7N2
51338,MS4A4A,Q96JQ5
91869,RFT1,Q96AA3
23620,NTSR2,O95665
7390,UROS,P10746
2928,GSC2,O15499
22982,DIP2C,Q9Y2E4
4507,MTAP,Q13126
8034,SLC25A16,P16260
2304,FOXE1,O00358
5175,PECAM1,P16284
133396,IL31RA,Q8NI17
79831,KDM8,Q8N371
23303,KIF13B,Q9NQT8
6520,SLC3A2,P08195
54795,TRPM4,Q8TD43
399948,COLCA1,Q6ZS62
9079,LDB2,O43679
158056,MAMDC4,Q6UXC1
147,ADRA1B,P35368
197021,LCTL,Q6UWM7
341947,COX8C,Q7Z4L0
3213,HOXB3,P14651
4627,MYH9,P35579
1830,DSG3,P32926
10233,LRRC23,Q53EV4
11040,PIM2,Q9P1W9
3007,H1-3,P16402
54797,MED18,Q9BUE0
92558,BICDL1,Q6ZP65
3257,HPS1,Q92902
143425,SYT9,Q86SS6
2587,GALR1,P47211
79694,MANEA,Q5SRI9
167359,NIM1K,Q8IY84
94,ACVRL1,P37023
84727,SPSB2,Q99619
22930,RAB3GAP1,Q15042
2022,ENG,P17813
260293,CYP4X1,Q8N118
6703,SPRR2D,P22532
171482,FAM9A,Q8IZU1
81788,NUAK2,Q9H093
199974,CYP4Z1,Q86W10
8641,PCDHGB4,Q9UN71
55897,MESP1,Q9BRJ9
11009,IL24,Q13007
51710,ZNF44,P15621
5919,RARRES2,Q99969
8266,UBL4A,P11441
23468,CBX5,P45973
85481,PSKH2,Q96QS6
94134,ARHGAP12,Q8IWW6
84900,RNFT2,Q96EX2
4009,LMX1A,Q8TE12
9783,RIMS3,Q9UJD0
9132,KCNQ4,P56696
56731,SLC2A4RG,Q9NR83
64399,HHIP,Q96QV1
84964,ALKBH6,Q3KRA9
4665,NAB2,Q15742
1028,CDKN1C,P49918
58494,JAM2,P57087
5128,CDK17,Q00537
170689,ADAMTS15,Q8TE58
8832,CD84,Q9UIB8
10195,ALG3,Q92685
10171,RCL1,Q9Y2P8
11052,CPSF6,Q16630
145748,LYSMD4,Q5XG99
64284,RAB17,Q9H0T7
79888,LPCAT1,Q8NF37
5298,PI4KB,Q9UBF8
8581,LY6D,Q14210
8728,ADAM19,Q9H013
2842,GPR19,Q15760
90809,PIP4P1,Q86T03
27238,GPKOW,Q92917
50834,TAS2R1,Q9NYW7
9719,ADAMTSL2,Q86TH1
83871,RAB34,P0DI83
83871,RAB34,Q9BZG1
58157,NGB,Q9NPG2
91754,NEK9,Q8TD19
54461,FBXW5,Q969U6
51447,IP6K2,Q9UHH9
256472,TMEM151A,Q8N4L1
55508,SLC35E3,Q7Z769
1737,DLAT,P10515
123096,SLC25A29,Q8N8R3
7025,NR2F1,P10589
4641,MYO1C,O00159
5211,PFKL,P17858
115560,ZNF501,Q96CX3
9623,TCL1B,O95988
54925,ZSCAN32,Q9NX65
23621,BACE1,P56817
6536,SLC6A9,P48067
9836,LCMT2,O60294
3746,KCNC1,P48547
162461,TMEM92,Q6UXU6
83938,LRMDA,Q9H2I8
23082,PPRC1,Q5VV67
1306,COL15A1,P39059
2193,FARSA,Q9Y285
25827,FBXL2,Q9UKC9
120224,TMEM45B,Q96B21
5025,P2RX4,Q99571
2296,FOXC1,Q12948
11024,LILRA1,O75019
93611,FBXO44,Q9H4M3
2817,GPC1,P35052
1635,DCTD,P32321
2997,GYS1,P13807
7127,TNFAIP2,Q03169
1339,COX6A2,Q02221
85416,ZIC5,Q96T25
133923,ZNF474,Q6S9Z5
818,CAMK2G,Q13555
7957,EPM2A,O95278
29927,SEC61A1,P61619
81849,ST6GALNAC5,Q9BVH7
2903,GRIN2A,Q12879
112858,TP53RK,Q96S44
1676,DFFA,O00273
56925,LXN,Q9BS40
5724,PTAFR,P25105
27040,LAT,O43561
8269,TMEM187,Q14656
11126,CD160,O95971
91608,RASL10B,Q96S79
9493,KIF23,Q02241
8013,NR4A3,Q92570
83706,FERMT3,Q86UX7
196740,VSTM4,Q8IW00
90226,UCN2,Q96RP3
230,ALDOC,P09972
7994,KAT6A,Q92794
8996,NOL3,O60936
29094,LGALSL,Q3ZCW2
9076,CLDN1,O95832
199834,LCE4A,Q5TA78
27436,EML4,Q9HC35
84240,ZCCHC9,Q8N567
4861,NPAS1,Q99742
7447,VSNL1,P62760
6602,SMARCD1,Q96GM5
26469,PTPN18,Q99952
7162,TPBG,Q13641
81786,TRIM7,Q9C029
7704,ZBTB16,Q05516
83667,SESN2,P58004
4082,MARCKS,P29966
9365,KL,Q9UEF7
4218,RAB8A,P61006
1027246521409,CRYAA2,A0A140G945
1027246521409,CRYAA,P02489
254295,PHYHD1,Q5SRE7
123264,SLC51B,Q86UW2
81847,RNF146,Q9NTX7
1132,CHRM4,P08173
387990,TOMM20L,Q6UXN7
10331,B3GNT3,Q9Y2A9
10423,CDIPT,O14735
10712,FAM189B,P81408
116211,TM4SF19,Q96DZ7
339976,TRIML1,Q8N9V2
6281,S100A10,P60903
9134,CCNE2,O96020
7547,ZIC3,O60481
56849,TCEAL7,Q9BRU2
114815,SORCS1,Q8WY21
7098,TLR3,O15455
200008,CDCP2,Q5VXM1
9130,FAM50A,Q14320
222950,NYAP1,Q6ZVC0
3764,KCNJ8,Q15842
27085,MTBP,Q96DY7
55676,SLC30A6,Q6NXT4
27042,DIEXF,Q68CQ4
284312,ZSCAN1,Q8NBB4
5016,OVGP1,Q12889
57649,PHF12,Q96QT6
4830,NME1,P15531
9204,ZMYM6,O95789
8260,NAA10,P41227
758,MPPED1,O15442
54993,ZSCAN2,Q7Z7L9
29765,TMOD4,Q9NZQ9
9830,TRIM14,Q14142
339403,RXFP4,Q8TDU9
55751,TMEM184C,Q9NVA4
55711,FAR2,Q96K12
165829,GPR156,Q8NFN8
23196,FAM120A,Q9NZB2
3706,ITPKA,P23677
147700,KLC3,Q6P597
2006,ELN,P15502
1632,ECI1,P42126
3273,HRG,P04196
65979,PHACTR4,Q8IZ21
148870,CCDC27,Q2M243
339448,C1orf174,Q8IYL3
79019,CENPM,Q9NSP4
10589,DRAP1,Q14919
9947,MAGEC1,O60732
3195,TLX1,P31314
221545,C6orf136,Q5SQH8
388611,CD164L2,Q6UWJ8
168667,BMPER,Q8N8U9
2218,FKTN,O75072
55721,IQCC,Q4KMZ1
116843,SLC18B1,Q6NT16
84992,PIGY,Q3MUY2
254065,BRWD3,Q6RI45
138311,DIPK1B,Q5VUD6
776,CACNA1D,Q01668
4610,MYCL,P12524
338872,C1QTNF9,P0C862
54947,LPCAT2,Q7L5N7
83879,CDCA7,Q9BWT1
157574,FBXO16,Q8IX29
3268,AGFG2,O95081
79413,ZBED2,Q9BTP6
1571,CYP2E1,P05181
254863,TMEM256,Q8N2U0
253782,CERS6,Q6ZMG9
48,ACO1,P21399
80774,LIMD2,Q9BT23
83988,NCALD,P61601
7621,ZNF70,Q9UC06
3679,ITGA7,Q13683
163747,LEXM,Q3ZCV2
84804,MFSD9,Q8NBP5
26060,APPL1,Q9UKG1
349334,FOXD4L4,Q8WXT5
65987,KCTD14,Q9BQ13
83714,NRIP2,Q9BQI9
10936,GPR75,O95800
2826,CCR10,P46092
6440,SFTPC,P11686
8483,CILP,O75339
157697,ERICH1,Q86X53
944,TNFSF8,P32971
712,C1QA,P02745
25828,TXN2,Q99757
50512,PODXL2,Q9NZ53
221491,SMIM29,Q86T20
79183,TTPAL,Q9BTX7
10139,ARFRP1,Q13795
55239,OGFOD1,Q8N543
3747,KCNC2,Q96PR1
1146,CHRNG,P07510
3207,HOXA11,P31270
168433,RNF133,Q8WVZ7
8940,TOP3B,O95985
54675,CRLS1,Q9UJA2
8676,STX11,O75558
59353,TMEM35A,Q53FP2
56952,PRTFDC1,Q9NRG1
3568,IL5RA,Q01344
5514,PPP1R10,Q96QC0
83987,CCDC8,Q9H0W5
710,SERPING1,P05155
3104,ZBTB48,P10074
4990,SIX6,O95475
285203,EOGT,Q5NDL2
58473,PLEKHB1,Q9UF11
29925,GMPPB,Q9Y5P6
10216,PRG4,Q92954
2046,EPHA8,P29322
3626,INHBC,P55103
80323,CCDC68,Q9H2F9
9275,BCL7B,Q9BQE9
23386,NUDCD3,Q8IVD9
8625,RFXANK,O14593
54972,TMEM132A,Q24JP5
8086,AAAS,Q9NRG9
220441,RNF152,Q8N8N0
29953,TRHDE,Q9UKU6
2525,FUT3,P21217
2850,GPR27,Q9NS67
147495,APCDD1,Q8J025
9547,CXCL14,O95715
7249,TSC2,P49815
80185,TTI2,Q6NXR4
325,APCS,P02743
3270,HRC,P23327
7993,UBXN8,O00124
11151,CORO1A,P31146
79635,CCDC121,Q6ZUS5
2118,ETV4,P43268
55295,KLHL26,Q53HC5
117531,TMC1,Q8TDI8
10093,ARPC4,P59998
55229,PANK4,Q9NVE7
79147,FKRP,Q9H9S5
7428,VHL,P40337
387119,CEP85L,Q5SZL2
84417,ECRG4,Q9H1Z8
51156,SERPINA10,Q9UK55
51614,ERGIC3,Q9Y282
10954,PDIA5,Q14554
23509,POFUT1,Q9H488
3714,JAG2,Q9Y219
400629,TEX19,Q8NA77
9120,SLC16A6,O15403
1796,DOK1,Q99704
5794,PTPRH,Q9HD43
79050,NOC4L,Q9BVI4
7425,VGF,O15240
1819,DRG2,P55039
6402,SELL,P14151
1128,CHRM1,P11229
7060,THBS4,P35443
8323,FZD6,O60353
1663,DDX11,Q96FC9
204219,CERS3,Q8IU89
971,CD72,P21854
786,CACNG1,Q06432
3904,LAIR2,Q6ISS4
80210,ARMC9,Q7Z3E5
80206,FHOD3,Q2V2M9
51764,GNG13,Q9P2W3
57459,GATAD2B,Q8WXI9
2584,GALK1,P51570
28514,DLL1,O00548
55343,SLC35C1,Q96A29
5817,PVR,P15151
79048,SECISBP2,Q96T21
3932,LCK,P06239
9615,GDA,Q9Y2T3
113130,CDCA5,Q96FF9
2020,EN2,P19622
2247,FGF2,P09038
80020,FOXRED2,Q8IWF2
51604,PIGT,Q969N2
2676,GFRA3,O60609
1442,CSH1,P0DML2
84978,FRMD5,Q7Z6J6
64137,ABCG4,Q9H172
51123,ZNF706,Q9Y5V0
5314,PKHD1,P08F94
3777,KCNK3,O14649
83729,INHBE,P58166
25956,SEC31B,Q9NQW1
337966,KRTAP6-1,Q3LI64
5188,GATB,O75879
285126,DNAJC5G,Q8N7S2
6499,SKIV2L,Q15477
55808,ST6GALNAC1,Q9NSC7
25927,CNRIP1,Q96F85
51005,AMDHD2,Q9Y303
54606,DDX56,Q9NY93
4597,MVD,P53602
163175,LGI4,Q8N135
64834,ELOVL1,Q9BW60
23671,TMEFF2,Q9UIK5
79935,CNTD2,Q9H8S5
7355,SLC35A2,P78381
53831,GPR84,Q9NQS5
10312,TCIRG1,Q13488
148741,ANKRD35,Q8N283
23255,MTCL1,Q9Y4B5
84958,SYTL1,Q8IYJ3
10804,GJB6,O95452
284129,SLC26A11,Q86WA9
25793,FBXO7,Q9Y3I1
79000,AUNIP,Q9H7T9
4880,NPPC,P23582
140825,NEURL2,Q9BR09
3992,FADS1,O60427
285267,ZNF619,Q8N2I2
6344,SCTR,P47872
388533,KRTDAP,P60985
81789,TIGD6,Q17RP2
79861,TUBAL3,A6NHL2
84798,C19orf48,Q6RUI8
1014,CDH16,O75309
118460,EXOSC6,Q5RKV6
90204,ZSWIM1,Q9BR11
10044,SH2D3C,Q8N5H7
35,ACADS,P16219
10078,TSSC4,Q9Y5U2
11174,ADAMTS6,Q9UKP5
4804,NGFR,P08138
54790,TET2,Q6N021
80199,FUZ,Q9BT04
9645,MICAL2,O94851
85395,FAM207A,Q9NSI2
8220,ESS2,Q96DF8
140453,MUC17,Q685J3
344901,OSTN,P61366
4908,NTF3,P20783
4490,MT1B,P07438
9687,GREB1,Q4ZG55
5738,PTGFRN,Q9P2B2
79695,GALNT12,Q8IXK2
5927,KDM5A,P29375
151449,GDF7,Q7Z4P5
55247,NEIL3,Q8TAT5
55365,TMEM176A,Q96HP8
11178,LZTS1,Q9Y250
22874,PLEKHA6,Q9Y2H5
58985,IL22RA1,Q8N6P7
6258,RXRG,P48443
8846,ALKBH1,Q13686
135398,C6orf141,Q5SZD1
83590,TMUB1,Q9BVT8
3909,LAMA3,Q16787
128869,PIGU,Q9H490
84239,ATP13A4,Q4VNC1
26576,SRPK3,Q9UPE1
4814,NINJ1,Q92982
22845,DOLK,Q9UPQ8
10501,SEMA6B,Q9H3T3
54820,NDE1,Q9NXR1
22978,NT5C2,P49902
9791,PTDSS1,P48651
11277,TREX1,Q9NSU2
133022,TRAM1L1,Q8N609
6939,TCF15,Q12870
10148,EBI3,Q14213
284415,VSTM1,Q6UX27
23381,SMG5,Q9UPR3
10120,ACTR1B,P42025
84924,ZNF566,Q969W8
57325,KAT14,Q9H8E8
5971,RELB,Q01201
55015,PRPF39,Q86UA1
799,CALCR,P30988
3681,ITGAD,Q13349
51083,GAL,P22466
11076,TPPP,O94811
79007,DBNDD1,Q9H9R9
1852,DUSP9,Q99956
9933,PUM3,Q15397
3661,IRF3,Q14653
51412,ACTL6B,O94805
51517,NCKIPSD,Q9NZQ3
2678,GGT1,P19440
126731,CCSAP,Q6IQ19
84631,SLITRK2,Q9H156
90423,ATP6V1E2,Q96A05
10156,RASA4,O43374
1164,CKS2,P33552
4223,MEOX2,P50222
10609,P3H4,Q92791
8850,KAT2B,Q92831
8629,JRK,O75564
10636,RGS14,O43566
8808,IL1RL2,Q9HB29
55806,HR,O43593
55558,PLXNA3,P51805
84873,ADGRG7,Q96K78
3151,HMGN2,P05204
6329,SCN4A,P35499
6253,RTN2,O75298
21,ABCA3,Q99758
80824,DUSP16,Q9BY84
8829,NRP1,O14786
55888,ZKSCAN7,Q9P0L1
84292,WDR83,Q9BRX9
132321,C4orf33,Q8N1A6
220064,LTO1,Q8WV07
4835,NQO2,P16083
1445,CSK,P41240
5260,PHKG1,Q16816
163115,ZNF781,Q8N8C0
84364,ARFGAP2,Q8N6H7
9535,GMFG,O60234
25850,ZNF345,Q14585
51458,RHCG,Q9UBD6
3866,KRT15,P19012
90231,KIAA2013,Q8IYS2
2961,GTF2E2,P29084
7138,TNNT1,P13805
8744,TNFSF9,P41273
3190,HNRNPK,P61978
10309,CCNO,P22674
64780,MICAL1,Q8TDZ2
57863,CADM3,Q8N126
7094,TLN1,Q9Y490
220001,VWCE,Q96DN2
342945,ZSCAN22,P10073
27065,NSG1,P42857
337969,KRTAP19-2,Q3LHN2
167691,LCA5,Q86VQ0
63979,FIGNL1,Q6PIW4
1482,NKX2-5,P52952
10708063851256,TBC1D7,Q9P0N9
158747,MOSPD2,Q8NHP6
9911,TMCC2,O75069
55090,MED9,Q9NWA0
389,RHOC,P08134
79657,RPAP3,Q9H6T3
93650,ACP4,Q9BZG2
3727,JUND,P17535
668,FOXL2,P58012
55893,ZNF395,Q9H8N7
2309,FOXO3,O43524
4669,NAGLU,P54802
133522,PPARGC1B,Q86YN6
11105,PRDM7,Q9NQW5
1762,DMWD,Q09019
171484,FAM9C,Q8IZT9
8813,DPM1,O60762
23584,VSIG2,Q96IQ7
56413,LTB4R2,Q9NPC1
246329,STAC3,Q96MF2
26155,NOC2L,Q9Y3T9
1114,CHGB,P05060
144165,PRICKLE1,Q96MT3
10077,TSPAN32,Q96QS1
79990,PLEKHH3,Q7Z736
2444,FRK,P42685
374907,B3GNT8,Q7Z7M8
11282,MGAT4B,Q9UQ53
63976,PRDM16,Q9HAZ2
10214,SSX3,Q99909
313,AOAH,P28039
8698,S1PR4,O95977
400916,CHCHD10,Q8WYQ3
60626,RIC8A,Q9NPQ8
389084,SNORC,Q6UX34
54617,INO80,Q9ULG1
152,ADRA2C,P18825
1472,CST4,P01036
2811,GP1BA,P07359
65989,DLK2,Q6UY11
374655,ZNF710,Q8N1W2
84276,NICN1,Q9BSH3
51291,GMIP,Q9P107
57099,AVEN,Q9NQS1
8106,PABPN1,Q86U42
56704,JPH1,Q9HDC5
124402,UBALD1,Q8TB05
717,C2,P06681
2719,GPC3,P51654
1745,DLX1,P56177
1001,CDH3,P22223
3274,HRH2,P25021
6911,TBX6,O95947
3205,HOXA9,P31269
3300,DNAJB2,P25686
256364,EML3,Q32P44
80863,PRRT1,Q99946
11026,LILRA3,Q8N6C8
6330,SCN4B,Q8IWT1
7019,TFAM,Q00059
55879,GABRQ,Q9UN88
140735,DYNLL2,Q96FJ2
6799,SULT1A2,P50226
140731,ANKRD60,Q9BZ19
5657,PRTN3,P24158
2996,GYPE,P15421
3141,HLCS,P50747
3224,HOXC8,P31273
2744,GLS,O94925
55630,SLC39A4,Q6P5W5
495,ATP4A,P20648
79169,MMTAG2,Q9BU76
25801,GCA,P28676
7260,EIPR1,Q53HC9
57010,CABP4,P57796
7409,VAV1,P15498
27173,SLC39A1,Q9NY26
79056,PRRG4,Q9BZD6
340602,EZHIP,Q86X51
83401,ELOVL3,Q9HB03
57823,SLAMF7,Q9NQ25
399,RHOH,Q15669
5814,PURB,Q96QR8
219670,ENKUR,Q8TC29
4033,LRMP,Q12912
144124,OR10A5,Q9H207
219833,C11orf45,Q8TAV5
51335,NGRN,Q9NPE2
139741,ACTRT1,Q8TDG2
100526739378708,CENPS,Q8N2Z9
3221,HOXC4,P09017
7707,ZNF148,Q9UQR1
92689,FAM114A1,Q8IWE2
4520,MTF1,Q14872
57124,CD248,Q9HCU0
219409,GSX1,Q9H4S2
9238,TBRG4,Q969Z0
2995,GYPC,P04921
117154,DACH2,Q96NX9
260425,MAGI3,Q5TCQ9
7185,TRAF1,Q13077
3700,ITIH4,Q14624
152816,ODAPH,Q17RF5
9152,SLC6A5,Q9Y345
85409,NKD2,Q969F2
57144,PAK5,Q9P286
113179,ADAT3,Q96EY9
8549,LGR5,O75473
2264,FGFR4,P22455
10402,ST3GAL6,Q9Y274
3070,HELLS,Q9NRZ9
3982,LIM2,P55344
84081,NSRP1,Q9H0G5
784,CACNB3,P54284
79774,GRTP1,Q5TC63
4783,NFIL3,Q16649
200558,APLF,Q8IW19
1058,CENPA,P49450
8986,RPS6KA4,O75676
23270,TSPYL4,Q9UJ04
5827,PXMP2,Q9NR77
5900,RALGDS,Q12967
5681,PSKH1,P11801
5296,PIK3R2,O00459
283,ANG,P03950
23404,EXOSC2,Q13868
57680,CHD8,Q9HCK8
2620,GAS2,O43903
483,ATP1B3,P54709
117246,FTSJ3,Q8IY81
7746,ZSCAN9,O15535
55113,XKR8,Q9H6D3
30393040,HBA1; HBA2,P69905
57393,CLTRN,Q9HBJ8
375341,C3orf62,Q6ZUJ4
205860,TRIML2,Q8N7C3
2556,GABRA3,P34903
55364,IMPACT,Q9P2X3
84219,WDR24,Q96S15
5629,PROX1,Q92786
5176,SERPINF1,P36955
83595,SOX7,Q9BT81
121227,LRIG3,Q6UXM1
8824,CES2,O00748
63941,NECAB3,Q96P71
4153,MBL2,P11226
54941,RNF125,Q96EQ8
170589,GPHA2,Q96T91
55643,BTBD2,Q9BX70
64146,PDF,Q9HBH1
5775,PTPN4,P29074
340665,CYP26C1,Q6V0L0
134266,GRPEL2,Q8TAA5
56957,OTUD7B,Q6GQQ9
3488,IGFBP5,P24593
4320,MMP11,P24347
5026,P2RX5,Q93086
92797,HELB,Q8NG08
8514,KCNAB2,Q13303
5138,PDE2A,O00408
9495,AKAP5,P24588
1071,CETP,P11597
83591,THAP2,Q9H0W7
93474,ZNF670,Q9BS34
128488,WFDC12,Q8WWY7
1357,CPA1,P15085
130916,MTERF4,Q7Z6M4
8604,SLC25A12,O75746
2806,GOT2,P00505
10858,CYP46A1,Q9Y6A2
3588,IL10RB,Q08334
26548,ITGB1BP2,Q9UKP3
65981,CAPRIN2,Q6IMN6
6945,MLX,Q9UH92
51297,BPIFA1,Q9NP55
7169,TPM2,P07951
247,ALOX15B,O15296
7942,TFEB,P19484
80757,TMEM121,Q9BTD3
399512,SLC25A35,Q3KQZ1
6640,SNTA1,Q13424
2672,GFI1,Q99684
5654,HTRA1,Q92743
2030,SLC29A1,Q99808
123283,TARS3,A2RTX5
5197,PF4V1,P10720
3212,HOXB2,P14652
1310,COL19A1,Q14993
10652,YKT6,O15498
57405,SPC25,Q9HBM1
3336,HSPE1,P61604
157378,TMEM65,Q6PI78
64222,TOR3A,Q9H497
27180,SIGLEC9,Q9Y336
3229,HOXC13,P31276
64407,RGS18,Q9NS28
55544,RBM38,Q9H0Z9
79877,DCAKD,Q8WVC6
1366,CLDN7,O95471
57153,SLC44A2,Q8IWA5
9545,RAB3D,O95716
115908,CTHRC1,Q96CG8
136,ADORA2B,P29275
8350835183528350196896252946246224838656,H3C1; H3C2; H3C3; H3C4; H3C6; H3C7; H3C8; H3C10; H3C11; H3C12,P68431
140686,WFDC3,Q8IUB2
81839,VANGL1,Q8TAA9
115330,GPR146,Q96CH1
129025,ZNF280A,P59817
79072,FASTKD3,Q14CZ7
27343,POLL,Q9UGP5
6571,SLC18A2,Q05940
84542,KIAA1841,Q6NSI8
57097,PARP11,Q9NR21
51341,ZBTB7A,O95365
225689,MAPK15,Q8TD08
90589,ZNF625,Q96I27
10248,POP7,O75817
9332,CD163,Q86VB7
23623,RUSC1,Q9BVN2
28992,MACROD1,Q9BQ69
28,ABO,P16442
375567,VWC2,Q2TAL6
131890,GRK7,Q8WTQ7
171483,FAM9B,Q8IZU0
5950,RBP4,P02753
65992,DDRGK1,Q96HY6
64225,ATL2,Q8NHH9
7314,UBB,P0CG47
29844,TFPT,P0C1Z6
55119,PRPF38B,Q5VTL8
387700,SLC16A12,Q6ZSM3
84878,ZBTB45,Q96K62
133418,EMB,Q6PCB8
741,ZNHIT2,Q9UHR6
10791,VAMP5,O95183
1759,DNM1,Q05193
56905,C15orf39,Q6ZRI6
89872,AQP10,Q96PS8
6575,SLC20A2,Q08357
146779,EFCAB3,Q8N7B9
3087,HHEX,Q03014
9170,LPAR2,Q9HBW0
10675,CSPG5,O95196
164633,CABP7,Q86V35
83850,ESYT3,A0FGR9
23624,CBLC,Q9ULV8
80262,C16orf70,Q9BSU1
55527,FEM1A,Q9BSK4
10367,MICU1,Q9BPX6
203260,CCDC107,Q8WV48
140258,KRTAP13-1,Q8IUC0
5408,PNLIPRP2,P54317
5045,FURIN,P09958
11132,CAPN10,Q9HC96
8974,P4HA2,O15460
10297,APC2,O95996
65082,VPS33A,Q96AX1
8291,DYSF,O75923
10017,BCL2L10,Q9HD36
84335,AKT1S1,Q96B36
11165,NUDT3,O95989
494115,RBMXL1,Q96E39
84261,FBXW9,Q5XUX1
92105,INTS4,Q96HW7
3361,HTR5A,P47898
728224,KRTAP4-8,Q9BYQ9
5916,RARG,P13631
23220,DTX4,Q9Y2E6
59352,LGR6,Q9HBX8
284297,SSC5D,A1L4H1
10645,CAMKK2,Q96RR4
4099,MAG,P20916
64073,IMUP,Q9GZP8
286826,LIN9,Q5TKA1
10347,ABCA7,Q8IZY2
60401,EDA2R,Q9HAV5
4541,MT-ND6,P03923
4539,MT-ND4L,P03901
55655,NLRP2,Q9NX02
63826,SRR,Q9GZT4
79856,SNX22,Q96L94
84167,C19orf44,Q9H6X5
1773,DNASE1,P24855
90326,THAP3,Q8WTV1
25974,MMACHC,Q9Y4U1
374955,SPATA21,Q7Z572
25777,SUN2,Q9UH99
353174,ZACN,Q401N2
1038,CDR1,P51861
27141,CIDEB,Q9UHD4
11272,PRR4,Q16378
10162,LPCAT3,Q6P1A2
9918,NCAPD2,Q15021
283254,HARBI1,Q96MB7
126306,JSRP1,Q96MG2
317762,CCDC85C,A6NKD9
390064,OR51I2,Q9H344
3911,LAMA5,O15230
8479,HIRIP3,Q9BW71
7597,ZBTB25,P24278
79369,B3GNT4,Q9C0J1
222662,LHFPL5,Q8TAF8
152503,SH3D19,Q5HYK7
51027,BOLA1,Q9Y3E2
54726,OTUD4,Q01804
79228,THOC6,Q86W42
11333,PDAP1,Q13442
8761,PABPC4,Q13310
100128569,C19orf71,A6NCJ1
100132247,NPIPB5,A8MRT5
10014,HDAC5,Q9UQL6
10021,HCN4,Q9Y3Q4
1002,CDH4,P55283
10036,CHAF1A,Q13111
10045,SH2D3A,Q9BRG2
10057,ABCC5,O15440
10071,MUC12,Q9UKN1
10089,KCNK7,Q9Y2U2
10095,ARPC1B,O15143
10113,PREB,Q9HCU5
1013,CDH15,P55291
101,ADAM8,P78325
10232,MSLN,Q13421
10267,RAMP1,O60894
10290,SPEG,Q15772
10349,ABCA10,Q8WWZ4
10365,KLF2,Q9Y5W3
10392,NOD1,Q9Y239
10401,PIAS3,Q9Y6X2
10417,SPON2,Q9BUD6
10420,TESK2,Q96S53
10514,MYBBP1A,Q9BQG0
10544,PROCR,Q9UNN8
10548,TM9SF1,O15321
10567,RABAC1,Q9UI14
10570,DPYSL4,O14531
10573,MRPL28,Q13084
10595,ERN2,Q76MJ5
10607,TBL3,Q12788
10669,CGREF1,Q99674
10747,MASP2,O00187
10783,NEK6,Q9HC98
10861,SLC26A1,Q9H2B4
10868,USP20,Q9Y2K6
10990,LILRB5,O75023
10993,SDS,P20132
10999,SLC27A4,Q6P1M0
11006,LILRB4,Q8NHJ6
1103,CHAT,P28329
1107,CHD3,Q12873
11093,ADAMTS13,Q76LX8
11095,ADAMTS8,Q9UP79
11133,KPTN,Q9Y664
11173,ADAMTS7,Q9UKP4
11182,SLC2A6,Q9UGQ3
11187,PKP3,Q9Y446
11194,ABCB8,Q9NUT2
111,ADCY5,O95622
11230,PRAF2,O60831
112817,HOGA1,Q86XE5
113146,AHNAK2,Q8IVF2
113178,SCAMP4,Q969E2
11338,U2AF2,P26368
1133,CHRM5,P08912
113622,ADPRHL1,Q8NDY3
1137,CHRNA4,P43681
113878,DTX2,Q86UW9
1141,CHRNB2,P17787
114780,PKD1L2,Q7Z442
114784,CSMD2,Q7Z408
114789,SLC25A25,Q6KCM7
114818,KLHL29,Q96CT2
114822,RHPN1,Q8TCX5
114990,VASN,Q6EMK4
115098,CCDC124,Q96CT7
116154,PHACTR3,Q96KR7
116444,GRIN3B,O60391
116534,MRGPRE,Q86SM8
116535,MRGPRF,Q96AM1
116729,PPP1R27,Q86WC6
116983,ACAP3,Q96P50
116987,AGAP1,Q9UPQ3
117195,MRGPRX3,Q96LB0
118472,ZNF511,Q8NB15
118980,SFXN2,Q96NB2
121340,SP7,Q8TDD2
121391,KRT74,Q7RTS7
123591,TMEM266,Q2M3C6
1240,CMKLR1,Q99788
124599,CD300LB,A8K4G0
124976,SPNS2,Q8IVW8
125206,SLC5A10,A0PJK1
1258,CNGB1,Q14028
125950,RAVER1,Q8IY67
125981,ACER1,Q8TDN7
126129,CPT1C,Q8TCG5
126133,ALDH16A1,Q8IZ83
126147,NTN5,Q8WTR8
126208,ZNF787,Q6DD87
126321,MFSD12,Q6NUT3
126353,MISP,Q8IVT2
126526,C19orf47,Q8N9M1
126917,IFFO2,Q5TF58
127435,PODN,Q7Z5L7
127534,GJB4,Q9NTQ9
128218,TMEM125,Q96AQ2
128611,ZNF831,Q5JPB2
128826,MIR1-1HG,Q9H1L0
128876,FAM83C,Q9BQN1
128954,GAB4,Q2WGN9
128989,TANGO2,Q6ICL3
129293,TRABD2A,Q86V40
1293,COL6A3,P12111
129563,DIS3L2,Q8IYB7
129804,FBLN7,Q53RD9
129807,NEU4,Q8WWR8
1298,COL9A2,Q14055
1307,COL16A1,Q07092
1308,COL17A1,Q9UMD9
1311,COMP,P49747
131669,UROC1,Q96N76
132112,RTP1,P59025
133060,OTOP1,Q7RTM1
133491,C5orf47,Q569G3
134111,UBE2QL1,A1L167
1346,COX7A1,P24310
135941,OR2A14,Q96R47
136371,ASB10,Q8WXI3
1364,CLDN4,O14493
1375,CPT1B,Q92523
139170,DCAF12L1,Q5VU92
139425,DCAF8L1,A6NGE4
139735,ZFP92,A6NM28
140710,SOGA1,O94964
140807,KRT72,Q14CN4
140893,RBBP8NL,Q8NC74
1408,CRY2,Q49AN0
142678,MIB2,Q96AX9
1436,CSF1R,P07333
144097,SPINDOC,Q9BUA3
144501,KRT80,Q6KB66
145501,ISM2,Q6H9L7
146167,SLC38A8,A6NNN8
146206,CARMIL2,Q6F5E8
146227,BEAN1,Q3B7T3
146547,PRSS36,Q5K4E3
146713,RBFOX3,A6NFN3
146850,PIK3R6,Q5UE93
146862,UNC45B,Q8IWX7
146909,KIF18B,Q86Y91
147040,KCTD11,Q693B1
147111,NOTUM,Q6P988
147138,TMC8,Q8IU68
147645,VSIG10L,Q86VR7
147912,SIX5,Q8N196
148137,PROSER3,Q2NL68
148808,MFSD4A,Q8N468
148979,GLIS1,Q8NBF1
149954,BPIFB4,P59827
102724428150094,SIK1,P57059
150223,YDJC,A8MPS7
150356,CHADL,Q6NUI6
150572,SMYD1,Q8NB12
150696,PROM2,Q8N271
150726,FBXO41,Q8TF61
1512,CTSH,P09668
153478,PLEKHG4B,Q96PX9
155184,SLC2A7,Q6PXP3
155185,AMZ1,Q400G9
155435,RBM33,Q96EV2
1565,CYP2D6,P10635
157285,PRAG1,Q86YV5
158248,TTC16,Q8NEE8
15,AANAT,Q16613
160,AP2A1,O95782
162073,ITPRIPL2,Q3MIP1
1620,BRINP1,O60477
1621,DBH,P09172
162514,TRPV3,Q8NET8
163033,ZNF579,Q8NAF0
164127,CCDC185,Q8N715
164312,LRRN4,Q8WUT4
164656,TMPRSS6,Q8IU80
169044,COL22A1,Q8NFW1
169611,OLFML2A,Q68BL7
170392,OIT3,Q8WWZ8
170961,ANKRD24,Q8TF21
1735,DIO3,P55073
1813,DRD2,P14416
182,JAG1,P78504
1841,DTYMK,P23919
192134,B3GNT6,Q6ZMB0
1951,CELSR3,Q9NYQ7
1953,MEGF6,O75095
197322,ACSF3,Q4G176
199953,TMEM201,Q5SNT2
200844,C3orf67,Q6ZVT6
200958,MUC20,Q8N307
201501,ZBTB7C,A1YPR0
202915,TMEM184A,Q6ZMB5
203054,ADCK5,Q3MIX3
203286,ANKS6,Q68DC2
2049,EPHB3,P54753
2050,EPHB4,P54760
2056,EPO,P01588
208,AKT2,P31751
20,ABCA2,Q9BZC7
211,ALAS1,P13196
2121,EVC,P57679
2147,F2,P00734
215,ABCD1,P33897
219293,ATAD3C,Q5T2N8
219699,UNC5B,Q8IZJ1
2196,FAT2,Q9NYQ8
2199,FBLN2,P98095
2217,FCGRT,P55899
221935,SDK1,Q7Z5N4
221937,FOXK1,P85037
221938,MMD2,Q8IY49
222865,TMEM130,Q8N3G9
2242,FES,P07332
22821,RASA3,Q14644
22846,VASH1,Q7L8A9
22898,DENND3,A2RUS2
22913,RALY,Q9UKM9
22980,TCF25,Q9BQ70
22981,NINL,Q9Y2I6
22997,IGSF9B,Q9UPX0
23014,FBXO21,O94952
23025,UNC13A,Q9UPW8
23031,MAST3,O60307
23046,KIF21B,O75037
23057,NMNAT2,Q9BZQ4
23066,CAND2,O75155
23087,TRIM35,Q9UPQ4
23129,PLXND1,Q9Y4D7
23130,ATG2A,Q2TAZ0
23148,NACAD,O15069
23151,GRAMD4,Q6IC98
23152,CIC,Q96RK0
23176,SEPTIN8,Q92599
23194,FBXL7,Q9UJT9
23205,ACSBG1,Q96GR2
23207,PLEKHM2,Q8IWE5
23218,NBEAL2,Q6ZNJ1
23221,RHOBTB2,Q9BYZ6
23225,NUP210,Q8TEM1
23239,PHLPP1,O60346
23241,PACS2,Q86VP3
23247,KIAA0556,O60303
23274,CLEC16A,Q2KHT3
23281,MTUS2,Q5JR59
23288,IQCE,Q6IPM2
23302,WSCD1,Q658N2
23308,ICOSLG,O75144
23324,MAN2B2,Q9Y2E5
23345,SYNE1,Q8NF91
23370,ARHGEF18,Q6ZSZ5
23373,CRTC1,Q6UUV9
23396,PIP5K1C,O60331
23475,QPRT,Q15274
23495,TNFRSF13B,O14836
23523,CABIN1,Q9Y6J0
23533,PIK3R5,Q8WYR1
23542,MAPK8IP2,Q13387
23546,SYNGR4,O95473
23558,WBP2,Q969T9
23563,CHST5,Q9GZS9
23616,SH3BP1,Q9Y3L3
23646,PLD3,Q8IV08
23654,PLXNB2,O15031
23759,PPIL2,Q13356
23761,PISD,Q9UG56
23765,IL17RA,Q96F46
24144,TFIP11,Q9UBB9
242,ALOX12B,O75342
246243,RNASEH1,O60930
249,ALPL,P05186
2524,FUT2,Q10981
253769,WDR27,A2RRH5
254173,TTLL10,Q6ZVT0
254531,LPCAT4,Q643R3
255057,CBARP,Q8N350
255239,ANKK1,Q8NFD2
255426,RASGEF1C,Q8N431
255738,PCSK9,Q8NBP7
25759,SHC2,P98077
25794,FSCN2,O14926
25829,TMEM184B,Q9Y519
25841,ABTB2,Q8N961
25851,TECPR1,Q7Z6L1
25854,FAM149A,A5PLN7
25855,BRMS1,Q9HCU9
25861,WHRN,Q9P202
259173,ALS2CL,Q60I27
259217,HSPA12A,O43301
259236,TMIE,Q8NEW7
259,AMBP,P02760
26011,TENM4,Q6N022
26020,LRP10,Q7Z4F1
26045,LRRTM2,O43300
26048,ZNF500,O60304
26063,DECR2,Q9NUI1
26140,TTLL3,Q9Y4R7
26153,KIF26A,Q9ULI4
26173,INTS1,Q8N201
2645,GCK,P35557
26538,OR10H2,O60403
2658,GDF2,Q9UK05
266743,NPAS4,Q8IUM7
2675,GFRA2,O00451
26993,AKAP8L,Q9ULX6
27005,USP21,Q9UK80
27044,SND1,Q7KZF4
27132,CPNE7,Q9UBL6
27134,TJP3,O95049
27143,PALD1,Q9ULE6
27146,FAM184B,Q9ULE4
27175,TUBG2,Q9NRH3
27231,NMRK2,Q9NPI5
27237,ARHGEF16,Q5VV41
27315,PGAP2,Q9UHJ9
27341,RRP7A,Q9Y3A4
27352,SGSM3,Q96HU1
2736,GLI2,P10070
2801,GOLGA2,Q08379
28231,SLCO4A1,Q96BD0
282974,STK32C,Q86UX6
282996,RBM20,Q5T481
283358,B4GALNT3,Q6L9W6
283383,ADGRD1,Q6QNK2
2835,GPR12,P47775
283638,CEP170B,Q9Y4F5
283985,FADS6,Q8N9I5
283987,HID1,Q8IV36
283999,TMEM235,A6NFC5
284069,FAM171A2,A8MVW0
2840,GPR17,Q13304
284111,SLC13A5,Q86YT5
284119,CAVIN1,Q6NZI2
284194,LGALS9B,Q3B8N2
284207,METRNL,Q641Q3
284338,PRR19,A6NJB7
284339,TMEM145,Q8NBT3
284346,ZNF575,Q86XF7
2843,GPR20,Q99678
284434,NWD1,Q149M9
284439,SLC25A42,Q86VD7
284467,TAFA3,Q7Z5A8
284656,EPHA10,Q5JZY3
285489,DOK7,Q18PE1
285590,SH3PXD2B,A1X283
285989,ZNF789,Q5FWF6
2859,GPR35,Q9HC97
286234,SPATA31E1,Q6ZUB1
286257,PAXX,Q9BUH6
2890,GRIA1,P42261
2894,GRID1,Q9ULK0
290,ANPEP,P15144
29109,FHOD1,Q9Y613
2972,BRF1,Q92994
29763,PACSIN3,Q9UKS6
29785,CYP2S1,Q96SQ9
29850,TRPM5,Q9NZQ8
29855,UBN1,Q9NPG3
29882,ANAPC2,Q9UJX6
29906,ST8SIA5,O15466
29945,ANAPC4,Q9UJX5
29950,SERTAD1,Q9UHV2
29989,OBP2B,Q9NPH6
29998,BICRA,Q9NZM4
30000,TNPO2,O14787
30008,EFEMP2,O95967
3004,GZMM,P51124
3036,HAS1,Q92839
30811,HUNK,P57058
30817,ADGRE2,Q9UHX3
30818,KCNIP3,Q9Y2W7
3101,HK3,P52790
3164,NR4A1,P22736
317781,DDX51,Q8N8A6
322,APBB1,O00213
3291,HSD11B2,P80365
3299,HSF4,Q9ULV5
32,ACACB,O00763
3321,IGSF3,O75054
333929,SNAI3,Q3KNW1
338599,DUPD1,Q68J44
338692,ANKRD13D,Q6ZTN6
338707,B4GALNT4,Q76KP1
339123,JMJD8,Q96S16
339221,ENPP7,Q6UWV6
339230,CCDC137,Q6PK04
339451,KLHL17,Q6TDP4
339453,TMEM240,Q5SV17
339456,TMEM52,Q8NDY8
339501,PRSS38,A1L453
339768,ESPNL,Q6ZVH7
340024,SLC6A19,Q695T7
340075,ARSI,Q5FYB1
340146,SLC35D3,Q5M8T2
340152,ZC3H12D,A2A288
340156,MYLK4,Q86YV6
340543,TCEAL5,Q5H9L2
340578,DCAF12L2,Q5VW00
341208,HEPHL1,Q6MZM0
342527,SMTNL2,Q2TAL5
342979,PALM3,A6NDB9
345222,MSANTD1,Q6ZTZ1
345456,PFN3,P60673
345651,ACTBL2,Q562R1
346606,MOGAT3,Q86VF5
348180,CTU2,Q2VPK5
348932,SLC6A18,Q96N87
348938,NIPAL4,Q0D2K0
3549,IHH,Q14623
357,SHROOM2,Q13796
3630,INS,P01308
3645,INSRR,P14616
3671,ISLR,O14498
3675,ITGA3,P26006
3683,ITGAL,P20701
368,ABCC6,O95255
3718,JAK3,P52333
3736,KCNA1,Q09470
3738,KCNA3,P22001
374454,KRT77,Q7Z794
374654,KIF7,Q2M1P5
374897,SBSN,Q6UWP8
375033,PEAR1,Q5VY43
375775,PNPLA7,Q6ZV29
375790,AGRN,O00468
3768,KCNJ12,Q14500
377841,ENTPD8,Q5MY95
3834,KIF25,Q9UIL4
3849,KRT2,P35908
3855,KRT7,P08729
3860,KRT13,P13646
3861,KRT14,P02533
386674,KRTAP10-6,P60371
386677,KRTAP10-1,P60331
386676386678,KRTAP10-9,P60411
386678,KRTAP10-11,P60412
386682,KRTAP10-3,P60369
386746,MRGPRG,Q86SM5
388228,SBK1,Q52WX2
388569,ZNF324B,Q6AW86
388633,LDLRAD1,Q5T700
388697,HRNR,Q86YZ3
388931,MFSD2B,A6NFX1
389118,CDHR4,A6H8M9
389151,PRR23B,Q6ZRT6
389333,PROB1,E7EW31
389690,MROH5,Q6ZUA9
3897,L1CAM,P32004
390594,KBTBD13,C9JR72
390667,PTX4,Q96A99
390928,ACP7,Q6ZNF0
391104,VHLL,Q6RSH7
392391,OR5C1,Q8NGR4
392399,LCN9,Q8WX39
392617,ELFN1,P0C7U0
392862,GRID2IP,A4D2P6
3954,LETM1,O95202
3955,LFNG,Q8NES3
3984,LIMK1,P53667
399665,FAM102A,Q5T9C2
399909,PCNX3,Q9H6A9
400745,SH2D5,Q6ZV89
400935,IL17REL,Q6ZVW7
400954,EML6,Q6ZMW3
401541,CENPP,Q6IPU0
4037,LRP3,O75074
4038,LRP4,O75096
4055,LTBR,P36941
4062,LY6H,O94772
409,ARRB2,P32121
414061,DNAJB3,Q8WWF6
414301,DDI1,Q8WTU0
4143,MAT1A,Q00266
4145,MATK,P42679
415116,PIM3,Q86V86
4188,MDFI,Q99750
4241,MELTF,P08582
4308,TRPM1,Q7Z4N2
431705,ASTL,Q6HA08
4326,MMP17,Q9ULZ9
435,ASL,P04424
43849,KLK12,Q9UKR0
440730,TRIM67,Q6ZTA4
440955,TMEM89,A2RUT3
440956,IQCF6,A8MYZ5
441151,TMEM151B,Q8IW70
441272,SPDYE3,A6NKU9
442590,SPDYE5,A6NIY4
442721,LMOD2,Q6P5Q4
4598,MVK,Q03426
4621,MYH3,P11055
4624,MYH6,P13533
4634,MYL3,P08590
4638,MYLK,Q15746
4647,MYO7A,Q13402
4648,MYO7B,Q6PIF6
4650,MYO9B,Q13459
4725,NDUFS5,O43920
4759,NEU2,Q9Y3R4
4796,TONSL,Q96HA7
4833,NME4,O00746
4868,NPHS1,O60500
487,ATP2A1,O14983
4882,NPR2,P20594
4900,NRGN,Q92686
4917,NTN3,O00634
491,ATP2B2,Q01814
4920,ROR2,Q01974
4923,NTSR1,P30989
4924,NUCB1,Q02818
493829,TRIM72,Q6ZMU5
497190,CLEC18B,Q6UXF7
4975,OMP,P47874
4987,OPRL1,P41146
5024,P2RX3,P56373
5029,P2RY2,P41231
5031,P2RY6,Q15077
50614,GALNT9,Q9HCQ5
50651,SLC45A1,Q9Y2W3
50944,SHANK1,Q9Y566
51025,PAM16,Q9Y3D7
51052,PRLH,P81277
51063,CALHM2,Q9HA72
51149,MRNIP,Q6NTE8
5118,PCOLCE,Q15113
51246,SHISA5,Q8N114
51252,FAM178B,Q8IXR5
51475,CABP2,Q9NPB3
51513,ETV7,Q9Y603
51588,PIAS4,Q8N2W9
5158,PDE6B,P35913
51603,EEF1AKNMT,Q8N6R0
5170,PDPK1,O15530
5198,PFAS,O15067
5205,ATP8B1,O43520
5212,VIT,Q6UXI7
527,ATP6V0C,P27449
5297,PI4KA,P42356
5362,PLXNA2,O75051
5364,PLXNB1,O43157
53905,DUOX1,Q9NRD9
53940,FTHL17,Q9BXU8
54084,TSPEAR,Q8WU66
5424,POLD1,P28340
5430,POLR2A,P24928
5443,POMC,P01189
54476,RNF216,Q9NWF9
54546,RNF186,Q9NXI6
5465,PPARA,Q07869
54825,CDHR2,Q9BYE9
54854,FAM83E,Q2M2I3
54868,TMEM104,Q8NE00
54869,EPS8L1,Q8TE68
54897,CASZ1,Q86V15
54919,DNAAF5,Q86Y56
54991,C1orf159,Q96HA4
55007,FAM118A,Q9NWS6
55020,TTC38,Q5R3I4
55036,CCDC40,Q4G0X9
55065,SLC52A1,Q9NWF4
55072,RNF31,Q96EP0
55107,ANO1,Q5XXA6
55116,TMEM39B,Q9GZU3
55129,ANO10,Q9NW15
5518,PPP2R1A,P30153
553115,PEF1,Q9UBV8
55339,WDR33,Q9C0J8
55357,TBC1D2,Q9BYX2
55362,TMEM63B,Q5T3F8
554235,ASPDH,A6ND91
55526,DHTKD1,Q96HY7
55561,CDC42BPG,Q6DT37
55679,LIMS2,Q7Z4I7
55684,RABL6,Q3YEC7
55698,RADIL,Q96JH8
55702,YJU2,Q9BW85
55816,DOK5,Q9P104
5582,PRKCG,P05129
55867,SLC22A11,Q9NSA0
55898,UNC45A,Q9H3U1
55966,AJAP1,Q9UKB5
5603,MAPK13,O15264
56136,PCDHA13,Q9Y5I0
56137,PCDHA12,Q9UN75
56140,PCDHA8,Q9Y5H6
56143,PCDHA5,Q9Y5H7
56144,PCDHA4,Q9UN74
56241,SUSD2,Q9UGT4
56301,SLC7A10,Q9NS82
56623,INPP5E,Q9NRR6
56649,TMPRSS4,Q9NRS4
5675,PSG6,Q00889
56919,DHX33,Q9H6R0
56927,GPR108,Q9NPR9
56953,NT5M,Q9NPB1
57026,PDXP,Q96GD0
57101,ANO2,Q9NQ90
57130,ATP13A1,Q9HD20
57192,MCOLN1,Q9GZU1
57222,ERGIC1,Q969X5
5727,PTCH1,Q13635
57449,PLEKHG5,O94827
57462,MYORG,Q6NSJ0
57463,AMIGO1,Q86WK6
57473,ZNF512B,Q96KM6
57476,GRAMD1B,Q3KR37
57479,PRR12,Q9ULL5
57491,AHRR,A9YTQ3
57501,KIAA1257,Q9ULG3
57521,RPTOR,Q8N122
57524,CASKIN1,Q8WXD9
5753,PTK6,Q13882
57540,DISP3,Q9P2K9
57558,USP35,Q9P2H5
57567,ZNF319,Q9P2F9
57582,KCNT1,Q5JUK3
57596,BEGAIN,Q9BUH8
57597,BAHCC1,Q9P281
57622,LRFN1,Q9P244
57634,EP400,Q96L91
57642,COL20A1,Q9P218
57662,CAMSAP3,Q9P1Y5
57666,FBRSL1,Q9HCM7
57701,NCKAP5L,Q9HCH0
57705,WDFY4,Q6ZS81
57710,KIAA1614,Q5VZ46
57713,SFMBT2,Q5VUG0
57719,ANO8,Q9HCE9
57731,SPTBN4,Q9H254
57732,ZFYVE28,Q9HCC9
57758,SCUBE2,Q9NQ36
57787,MARK4,Q96L34
582,BBS1,Q8NFJ9
5837,PYGM,P11217
58509,CACTIN,Q8WUQ7
58513,EPS15L1,Q9UBC2
5923,RASGRF1,Q13972
59307,SIGIRR,Q6IA17
5989,RFX1,P22670
6002,RGS12,O14924
6010,RHO,P08100
6011,GRK1,Q15835
60312,AFAP1,Q8N556
60343,FAM3A,P98173
60678,EEFSEC,P57772
6097,RORC,P51449
6236,RRAD,P55042
,SCN5A,Q14524
6338,SCNN1B,P51168
63874,ABHD4,Q8TB40
6387,CXCL12,P48061
63893,UBE2O,Q9C0C9
63910,SLC17A9,Q9BYT1
63922,CHTF18,Q8WVB6
63970,TP53AIP1,Q9HCN2
63977,PRDM15,P57071
64005,MYO1G,B0I1T2
64072,CDH23,Q9H251
64090,GAL3ST2,Q9H3Q3
64115,VSIR,Q9H7M9
641649,TMEM91,Q6ZNR0
642475,MROH6,A6NGR9
643596,RNF224,P0DH78
643664,SLC35G6,P0C7Q6
643853,TMPPE,Q6ZT21
643904,RNF222,A6NCQ9
64403,CDH24,Q86UP0
6442,SGCA,Q16586
644815,FAM83G,A6ND36
645027,EVPLL,A8MZ36
6453,ITSN1,Q15811
645432,ARRDC5,A6NEK1
6455,SH3GL1,Q99961
645811,CCDC154,A6NI56
645832,SEBOX,Q9HB31
646799,ZAR1L,A6NP61
647024,C6orf132,Q5T0Z8
64714,PDIA2,Q13087
64768,IPPK,Q9H8X2
64788,LMF1,Q96S06
64856,VWA1,Q6PCB0
64926,RASAL3,Q86YV0
6493,SIM2,Q14190
64943,NT5DC2,Q9H857
65010,SLC26A6,Q9BXS9
65012,SLC26A10,Q8NG04
6508,SLC4A3,P48751
65094,JMJD4,Q9H9V9
651746,ANKRD33B,A6NCL7
6521,SLC4A1,P02730
6528,SLC5A5,Q92911
6531,SLC6A3,Q01959
653437,AQP12B,A6NM10
6540,SLC6A13,Q9NSD5
6543,SLC8A2,Q9UPR5
6559,SLC12A3,P55017
6614,SIGLEC1,Q9BZZ2
6618,SNAPC2,Q13487
6624,FSCN1,Q16658
6626,SNRPA,P09012
6755,SSTR5,P35346
6776,STAT5A,P42229
6813,STXBP2,Q15833
6833,ABCC8,Q09428
6837,MED22,Q15528
56342692312,PPAN,Q9NQ55
6942,TCF20,Q9UGU0
7005,TEAD3,Q99594
7038,TG,P01266
7044,LEFTY2,O00292
7053,TGM3,Q08188
7058,THBS2,P35442
7059,THBS3,P49746
7067,THRA,P10827
7090,TLE3,Q04726
7111,TMOD1,P28289
7140,TNNT3,P45378
7186,TRAF2,Q12933
7226,TRPM2,O94759
727800,RNF208,Q9H0X6
727957,MROH1,Q8NDA8
728116,ZBTB8B,Q8NAP8
728642,CDK11A,Q9UQ88
729991,BORCS8,Q96FH0
7392,USF2,Q15853
7455,ZAN,Q9Y493
7461,CLIP2,Q9UDT6
7473,WNT3,P56703
7475,WNT6,Q9Y6F9
747,DAGLA,Q9Y4D2
7483,WNT9A,O14904
7542,ZFPL1,O95159
7625,ZNF74,Q16587
762,CA4,P22748
768206,PRCD,Q00LT1
774,CACNA1B,Q00975
78986,DUSP26,Q9BV47
79039,DDX54,Q8TDD1
79058,ASPSCR1,Q9BZE9
79073,TMEM109,Q9BVC6
79085,SLC25A23,Q9BV35
79092,CARD14,Q9BXL6
790,CAD,P27708
79156,PLEKHF1,Q96S99
79171,RBM42,Q9BTD8
79178,THTPA,Q9BU02
79187,FSD1,Q9BTV5
79230,ZNF557,Q8N988
79651,RHBDF2,Q6PJF5
79658,ARHGAP10,A1A4S6
79676,OGFOD2,Q6N063
79709,COLGALT1,Q8NBJ5
79735,TBC1D17,Q9HA65
79754,ASB13,Q8WXK3
79763,ISOC2,Q96AB3
79778,MICALL2,Q8IY33
79791,FBXO31,Q5XUX0
79792,GSDMD,P57764
79883,PODNL1,Q6PEZ8
79890,RIN3,Q8TB24
79943,ZNF696,Q9H7X3
79948,PLPPR3,Q6T4P5
79955,PDZD7,Q9H5P4
80003,PCNX2,A6NKB5
80024,SLC8B1,Q6J4K2
80115,BAIAP2L2,Q6UXY1
8019,BRD3,Q15059
80221,ACSF2,Q96CM8
80233,FAAP100,Q0VG06
80725,SRCIN1,Q9C0H9
80727,TTYH3,Q9C0H2
80728,ARHGAP39,Q9C0H5
80760,ITIH5,Q86UX2
80816,ASXL3,Q9C0F0
80820,EEPD1,Q7L9B9
80835,TAS1R1,Q7RTX1
80851,SH3BP5L,Q7L8J4
80852,GRIP2,Q9C0E4
8111,GPR68,Q15743
811,CALR,P27797
81622,UNC93B1,Q9H1C4
81628,TSC22D4,Q9Y3Q8
8175,SF3A2,Q15428
81844,TRIM56,Q9BRZ2
81873,ARPC5L,Q9BPX5
81876,RAB1B,Q9H0U4
81890,QTRT1,Q9BXR0
8189,SYMPK,Q92797
81926,ABHD17A,Q96GS6
81,ACTN4,O43707
8224,SYN3,O14994
8303,SNN,O75324
8309,ACOX2,Q99424
8314,BAP1,Q92560
8321,FZD1,Q9UP38
83483,PLVAP,Q9BX97
83637,ZMIZ2,Q8NF64
83642,SELENOO,Q9BVL4
83756,TAS1R3,Q7RTX0
10272448883849,SYT15,Q9BQS2
84000,TMPRSS13,Q9BYE2
84034,EMILIN2,Q9BXX0
84126,ATRIP,Q8WXE1
84133,ZNRF3,Q9ULT6
84164,ASCC2,Q9H1I8
84247,RTL6,Q6ICC9
84256,FLYWCH1,Q4VC44
84258,SYT3,Q9BQG1
8425,LTBP4,Q8N2S1
84286,TMEM175,Q9BSA9
84310,C7orf50,Q9BRJ6
84433,CARD11,Q9BXL7
84446,BRSK1,Q8TDC3
84456,L3MBTL3,Q96JM7
84465,MEGF11,A6BM72
844,CASQ1,P31415
84501,SPIRE2,Q8WWL2
84552,PARD6G,Q9BYG4
84619,ZGPAT,Q8N5A5
84626,KRBA1,A5PL33
84629,TNRC18,O15417
84717,HDGFL2,Q7Z4V5
84752,B3GNT9,Q6UX72
84769,MPV17L2,Q567V2
84808,PERM1,Q5SV97
8484,GALR3,O60755
84875,PARP10,Q53GL7
84885,ZDHHC12,Q96GR4
84891,ZSCAN10,Q96SZ4
84894,LINGO1,Q96FE5
84954,MPND,Q8N594
84971,ATG4D,Q86TL0
8497,PPFIA4,O75335
8506,CNTNAP1,P78357
8527,DGKD,Q16760
85300,ATCAY,Q86WG3
85302,FBF1,Q8TES7
8535,CBX4,O00257
85366,MYLK2,Q9H1R3
8536,CAMK1,Q14012
85377,MICALL1,Q8N3F8
85397,RGS8,P57771
85452,CFAP74,Q9C0B2
8570,KHSRP,Q92945
8578,SCARF1,Q14162
8736,MYOM1,P52179
8907,AP1M1,Q9BXS5
8924,HERC2,O95714
8938,BAIAP3,O94812
89766,UMODL1,Q5DID0
89853,MVB12B,Q9H7P6
89884,LHX4,Q969G2
8991,SELENBP1,Q13228
90113,VWA5B2,Q8N398
90120,TMEM250,H0YL14
90249,UNC5A,Q6ZN44
9026,HIP1R,O75146
90313,TP53I13,Q8NBR0
9032,TM4SF5,O14894
90362,FAM110B,Q8TC76
90379,DCAF15,Q66K64
90485,ZNF835,Q9Y2P0
90557,CCDC74A,Q96AQ1
9066,SYT7,O43581
90678,LRSAM1,Q6UWE0
90853,SPOCD1,Q6ZMY3
9092,SART1,O43290
9095,TBX19,O60806
9098,USP6,P35125
91039,DPP9,Q86TI2
91319,DERL3,Q96Q80
91355,LRP5L,A4QPB2
91433,RCCD1,A6NED2
9143,SYNGR3,O43761
91461,PKDCC,Q504Y2
91544,UBXN11,Q5T124
91807,MYLK3,Q32MK0
9212,AURKB,Q96GD4
92359,CRB3,Q9BUF7
92595,ZNF764,Q96H86
92745,SLC38A5,Q8WUX1
92949,ADAMTSL1,Q8N6G6
93010,B3GNT7,Q8NFL0
930,CD19,P15391
9311,ASIC3,Q9UHC3
93145,OLFM2,O95897
9328,GTF3C5,Q9Y5Q8
93436,ARMC6,Q6NXE6
93589,CACNA2D4,Q7Z3S7
9361,LONP1,P36776
9376,SLC22A8,Q8TCC7
94059,LENG9,Q96B70
94137,RP1L1,Q8IWN7
94233,OPN4,Q9UHM6
9435,CHST2,Q9Y4C5
9454,HOMER3,Q9NSC5
9501,RPH3AL,Q9UNE2
9507,ADAMTS4,O75173
9526,MPDU1,O75352
958,CD40,P25942
9644,SH3PXD2A,Q5TCZ1
9658,ZNF516,Q92618
9667,SAFB2,Q14151
9696,CROCC,Q5TZA2
9704,DHX34,Q14147
9727,RAB11FIP3,O75154
9731,CEP104,O60308
9739,SETD1A,O15047
9757,KMT2B,Q9UMN6
9758,FRMPD4,Q14CM0
9762,LZTS3,O60299
976,ADGRE5,P48960
9780,PIEZO1,Q92508
9796,PHYHIP,Q92561
984,CDK11B,P21127
9853,RUSC2,Q8N2Y8
9862,MED24,O75448
9866,TRIM66,O15016
9900,SV2A,Q7L0J3
9909,DENND4B,O75064
9914,ATP2C2,O75185
994,CDC25B,P30305
9961,MVP,Q14764
9962,SLC23A2,Q9UGH3
9980,DOP1B,Q9Y3R5
9997,SCO2,O43819
10276,NET1,Q7Z628
116138,KLHDC3,Q9BQ90
119385,AGAP11,Q8TF27
1382,CRABP2,P29373
140032,RPS4Y2,Q8TD47
140890,SREK1,Q8WXA9
147409,DSG4,Q86SJ6
220108,FAM124A,Q86V42
23332,CLASP1,Q7Z460
26156,RSL1D1,O76021
26188,OR1C1,Q15619
26279,PLA2G2D,Q9UNK4
375307,CATIP,Q7Z7H3
388701,C1orf189,Q5VU69
4093,SMAD9,O15198
4626,MYH8,P13535
4935,GPR143,P51810
4943,TBC1D25,Q3MII6
55388,MCM10,Q7L590
55507,GPRC5D,Q9NZD1
55689,YEATS2,Q9ULM3
56344,CABP5,Q9NP86
10941574537,UGT2A1,Q9Y4X1
57522,SRGAP1,Q7Z6B7
6314,ATXN7,O15265
6482,ST3GAL1,Q11201
7798,LUZP1,Q86V48
84289,ING5,Q8WYH8
8925,HERC1,Q15751
9159,PCSK7,Q16549
92170,MTG1,Q9BT17
92737,DNER,Q8NFT8
94160,ABCC12,Q96J65
9775,EIF4A3,P38919
10766,TOB2,Q14106
11012,KLK11,Q9UBX7
11170,FAM107A,O95990
113655,MFSD3,Q96ES6
116285,ACSM1,Q08AH1
124093,CCDC78,A2IDD5
125965,COX6B2,Q6YFQ2
145264,SERPINA12,Q8IW75
1564,CYP2D7,A0A087X1C5
1609,DGKQ,P52824
165186,TOGARAM2,Q6ZUX3
196410,METTL7B,Q6UX53
197342,EME2,A4GXA9
2208,FCER2,P06734
22905,EPN2,O95208
22953,P2RX2,Q9UBL9
22984,PDCD11,Q14690
254102,EHBP1L1,Q8N3D4
26229,B3GAT3,O94766
26696,OR2T1,O43869
2670,GFAP,P14136
2832,NPBWR2,P48146
283576,ZDHHC22,Q8N966
283870,BRICD5,Q6PL45
284106,CISD3,P0C7P0
29087,THYN1,Q9P016
326624,RAB37,Q96AX2
327657,SERPINA9,Q86WD7
339105,PRSS53,Q2L4Q9
342125,TMC3,Q7Z5M5
345,APOC3,P02656
374569,ASPG,Q86U10
387266,KRTAP5-3,Q6L8H2
388021,TMEM179,Q6ZVK1
389257,LRRC14B,A6NHZ5
389827,MYMK,A6NI61
3929,LBP,P18428
439915,KRTAP5-5,Q701N2
441381,LRRC24,Q50LG9
1005327364681,NBL1,P41271
50488,MINK1,Q8N4C8
51385,ZNF589,Q86UQ0
51450,PRRX2,Q99811
5164,PDK2,Q15119
5222,PGA5,P0DJD9
5407,PNLIPRP1,P54315
54901,CDKAL1,Q5VV42
54905,CYP2W1,Q8TAV3
55095,SAMD4B,Q5PRF9
55714,TENM3,Q9P273
55909,BIN3,Q9NQY0
5653,KLK6,Q92876
56666,PANX2,Q96RD6
56931,DUS3L,Q96G46
56981,PRDM11,Q9NQV5
593,BCKDHA,P12694
5977,DPF2,Q92785
63897,HEATR6,Q6AI08
6398,SECTM1,Q8WVN6
64220,STRA6,Q9BX79
645191,LINGO3,P0C6S8
64900,LPIN3,Q9BQK8
6569,SLC34A1,Q06495
6768,ST14,Q9Y5Y6
6778,STAT6,P42226
7775,ZNF232,Q9UNY5
80228,ORAI2,Q96SN7
80758,PRR7,Q8TB68
84448,ABLIM2,Q6H8Q1
84662,GLIS2,Q9BZE0
84812,PLCD4,Q9BRC7
85508,SCRT2,Q9NQ03
90324,CCDC97,Q96F63
9466,IL27RA,Q6UWB1
9582,APOBEC3B,Q9UH17
9746,CLSTN3,Q9BQT9
9784,SNX17,Q15036
10614,HEXIM1,O94992
126326,GIPC3,Q8TF64
126382,NR2C2AP,Q86WQ0
162239,ZFP1,Q6P2D0
163087,ZNF383,Q8NA42
3467,IFNW1,P05000
597,BCL2A1,Q16548
65265,C8orf33,Q9H7E9
6915,TBXA2R,P21731
7100,TLR5,O60602
7374,UNG,P13051
81501,DCSTAMP,Q9H295
83695,RHNO1,Q9BSD3
84911,ZNF382,Q96SR6
8647,ABCB11,O95342
10738,RFPL3,O75679
118461,CEFIP,Q711Q0
125111,GJD3,Q8N144
126520,PLK5,Q496M5
139728,PNCK,Q6P2M8
140687,GCNT7,Q6ZNI0
23784,POTEH,Q6S545
259283,MDS2,Q8NDY4
2657,GDF1,P27539
2793,GNGT2,O14610
340390,WDR97,A6NE52
388649,C1orf146,Q5VVC0
390664,C1QTNF8,P60827
400891,LRRC74B,Q6ZQY2
1002718494207,MEF2B,Q02080
5003,SLC22A18AS,Q8N1D0
57623,ZFAT,Q9P243
57636,ARHGAP23,Q9P227
728378,POTEF,A5A3E0
7517,XRCC3,O43542
80022,MYO15B,Q96JP2
147945,NLRP4,Q96MN2
22880,MORC2,Q9Y6X9
285643,KIF4B,Q2VIQ3
7587,ZNF37A,P17032
10223,GPA33,Q99795
10257,ABCC4,O15439
10452,TOMM40,O96008
10461,MERTK,Q12866
10486,CAP2,P40123
10489,LRRC41,Q15345
10509,SEMA4B,Q9NPR2
10587,TXNRD2,Q9NNW7
10642,IGF2BP1,Q9NZI8
10991,SLC38A3,Q99624
11030,RBPMS,Q93062
11223,MST1L,Q2TV78
11247,NXPH4,O95158
11343,MGLL,Q99685
114757,CYGB,Q8WWM9
114781,BTBD9,Q96Q07
114787,GPRIN1,Q7Z2K8
114827,FHAD1,B1AJZ9
115196,ZNF554,Q86TJ5
115286,SLC25A26,Q70HW3
116449,CLNK,Q7Z7G1
121643,FOXN4,Q96NZ1
123624,AGBL1,Q96MI9
124739,USP43,Q70EL4
124872,B4GALNT2,Q8NHY0
124925,SEZ6,Q53EL9
124935,SLC43A2,Q8N370
125061,AFMID,Q63HM1
126205,NLRP8,Q86W28
127833,SYT2,Q8N9I0
1286,COL4A4,P53420
129684,CNTNAP5,Q8WYK1
130106,CIB4,A0PJX0
1305,COL13A1,Q5TAT6
131096,KCNH8,Q96L42
131408,FAM131A,Q6UXB0
132884,EVC2,Q86UK5
133121,ENPP6,Q6UWR7
134285,TMEM171,Q8WVE6
1358,CPA2,P48052
135,ADORA2A,P29274
1400,CRMP1,Q14194
140679,SLC32A1,Q9H598
1415,CRYBB2,P43320
143162,FRMPD2,Q68DX3
100533183144347,RFLNA,Q6ZTI6
144404,TMEM120B,A0PK00
144699,FBXL14,Q8N1E6
145270,PRIMA1,Q86XR5
145567,TTC7B,Q86TV6
146177,VWA3A,A6NCI4
1463,NCAN,O14594
146691,TOM1L2,Q6ZVM7
146760,RTN4RL1,Q86UN2
149628,PYHIN1,Q6K0P9
149708,WFDC5,Q8TCV5
151056,PLB1,Q6P1J6
152002,XXYLT1,Q8NBI6
152273,FGD5,Q6ZNL6
152877,FAM53A,Q6NSI3
154790,CLEC2L,P0C7M8
154810,AMOTL1,Q8IY63
157310,PEBP4,Q96S96
157680,VPS13B,Q7Z7G8
160492,LMNTD1,Q8N9Z9
160518,DENND5B,Q6ZUT9
161882,ZFPM1,Q8IX07
162494,RHBDL3,P58872
164284,APCDD1L,Q8NCL9
168975,CNBD1,Q8NA66
169841,ZNF169,Q14929
171392,ZNF675,Q8TD23
171425,CLYBL,Q8N0X4
1743,DLST,P36957
1794,DOCK2,Q92608
1800,DPEP1,P16444
183,AGT,P01019
1944,EFNA3,P52797
196051,PLPP4,Q5VZY2
200010,SLC5A9,Q2M3M2
200312,RNF215,Q9Y6U7
200959,GABRR3,A8MPY1
100533496201158,TVP23C,Q96ET8
2015,ADGRE1,Q14246
203197,TMEM268,Q5VZI3
2103,ESRRB,O95718
2139,EYA2,O00167
2166,FAAH,O00519
221395,ADGRF5,Q8IZF2
221656,KDM1B,Q8NB78
222255,ATXN7L1,Q9ULK2
2259,FGF14,Q92915
22801,ITGA11,Q9UKX5
22808,MRAS,O14807
22882,ZHX2,Q9Y6X8
22885,ABLIM3,O94929
22901,ARSG,Q96EG1
23029,RBM34,P42696
23108,RAP1GAP2,Q684P5
23125,CAMTA2,O94983
2313,FLI1,Q01543
23185,LARP4B,Q92615
23228,PLCL2,Q9UPR0
23338,JADE2,Q9NQC1
23355,VPS8,Q8N3P4
23382,AHCYL2,Q96HN2
23467,NPTXR,O95502
23511,NUP188,Q5SRE5
23514,SPIDR,Q14159
23522,KAT6B,Q8WYB5
23529,CLCF1,Q9UBD9
245973,ATP6V1C2,Q8NEY4
252839,TMEM9,Q9P0T7
253190,SERHL2,Q9H4I8
2553,GABPB1,Q06547
256076,COL6A5,A8TX70
256227,STEAP1B,Q6NZ63
256380,SCML4,Q8N228
256435,ST6GALNAC3,Q8NDV1
256536,TCERG1L,Q5VWI1
256764,WDR72,Q3MJ13
2567,GABRG3,Q99928
2574645037,GAGE2B; GAGE2C,Q13066
25775,C22orf24,Q9Y442
25762577,GAGE5,Q13069
100008586257925999337171582976,GAGE7,O76087
100008586257926006505472,GAGE12F,P0CL80
100008586257926006505472,GAGE12G,P0CL81
100008586257926006505472,GAGE12I,P0CL82
25802,LMOD1,P29536
25804,LSM4,Q9Y4Z0
25900,IFFO1,Q0D2I5
26230,TIAM2,Q8IVF5
26231,LRRC29,Q8WV35
26494,OR8G1,Q15617
267,AMFR,Q9UKV5
27113,BBC3,Q96PG8
27113,BBC3,Q9BXH1
27123,DKK2,Q9UBU2
27245,AHDC1,Q5TGY3
27246,RNF115,Q9Y4L5
27297,CRCP,O75575
274,BIN1,O00499
28232,SLCO3A1,Q9UIG8
283455,KSR2,Q6VAB6
283459,GATC,O43716
284306,ZNF547,Q8IVP9
285172,FAM126B,Q8IXS8
285848,PNPLA1,Q8N8W4
286753,TRARG1,Q8IXB3
2898,GRIK2,Q13002
2906,GRIN2D,O15399
2969,GTF2I,P78347
29970,SCHIP1,P0DPB3
29993,PACSIN1,Q9BY11
30011,SH3KBP1,Q96B97
3362,HTR6,P50406
339855,KY,Q8NBH2
340267,COL28A1,Q2UY09
340393,TMEM249,Q2WGJ8
342510,CD300E,Q496F6
344018,FIGLA,Q6QHK4
344148,NCKAP5,O14513
346007,EYS,Q5T1H1
347735,SERINC2,Q96SA4
348645,C22orf34,Q6ZV56
3508,IGHMBP2,P38935
353116,RILPL1,Q5EBL4
353238,PADI6,Q6TGC4
353299,RGSL1,A5PLK6
353497,POLN,Q7Z5Q5
3566,IL4R,P24394
3619,INCENP,Q9NQS7
3635,INPP5D,Q92835
3748,KCNC3,Q14003
374928,ZNF773,Q6PK81
3758,KCNJ1,P48048
3778,KCNMA1,Q12791
387694,SH2D4B,Q5SQS7
388121,TNFAIP8L3,Q5GJ75
388336,SHISA6,Q6ZSJ9
388558,ZNF808,Q8N4W9
389434,IYD,Q6PHW0
390874,ONECUT3,O60422
400746,NCMAP,Q5T1S8
400966,RGPD1,P0DJD0
401036,ASB18,Q6ZVZ8
401944,LDLRAD2,Q5SZI1
402665,IGLON5,A6NGN9
403341,ZBTB34,Q8NCN2
404550,C16orf74,Q96GX8
4088,SMAD3,P84022
4171,MCM2,P49736
417,ART1,P52961
4248,MGAT3,Q09327
4306,NR3C2,P08235
440026,TMEM41B,Q5BJD5
441631,TSPAN11,A1L157
442117,GALNTL6,Q49A17
49855,SCAPER,Q9BY12
503497,MS4A13,Q5J8X5
50515,CHST11,Q9NPF2
51043,ZBTB7B,O15156
51078,THAP4,Q8WY91
51191,HERC5,Q9UII4
5130,PCYT1A,P49585
10052676751652,CHMP3,Q9Y3E7
51741,WWOX,Q9NZC7
51,ACOX1,Q15067
53358,SHC3,Q92529
5336,PLCG2,P16885
53373,TPCN1,Q9ULQ1
53630,BCO1,Q9HAY6
54462,CCSER2,Q9H7U1
54492,NEURL1B,A8MQ27
54496,PRMT7,Q9NVM4
54550,NECAB2,Q7Z6G3
54575,UGT1A10,Q9HAW8
54577,UGT1A7,Q9HAW7
54578,UGT1A6,P19224
54579,UGT1A5,P35504
54600,UGT1A9,O60656
54659,UGT1A3,P35503
54810,GIPC2,Q8TF65
54859,ELP6,Q0PNE2
54890,ALKBH5,Q6P6C2
54892,NCAPG2,Q86XI2
54922,RASIP1,Q5U651
54984,PINX1,Q96BK5
55030,FBXO34,Q9NWN3
55084,SOBP,A7XYQ1
55094,GPATCH1,Q9BRR8
55125,CEP192,Q8TEP8
55166,CENPQ,Q7L2Z9
55208,DCUN1D2,Q6PH85
55226,NAT10,Q9H0A0
55253,TYW1,Q9NV66
55313,CPPED1,Q9BRF8
55315,SLC29A3,Q9BZD2
5550,PREP,P48147
55626,AMBRA1,Q9C0C7
55666,NPLOC4,Q8TAT6
55722,CEP72,Q9P209
55732,C1orf112,Q9NSG2
55761,TTC17,Q96AE7
55770,EXOC2,Q96KP1
55799,CACNA2D3,Q8IZS8
55959,SULF2,Q8IWU5
5602,MAPK10,P53779
56100,PCDHGB6,Q9Y5F9
56101,PCDHGB5,Q9Y5G0
56103,PCDHGB2,Q9Y5G2
56107,PCDHGA9,Q9Y5G4
56108,PCDHGA7,Q9Y5G6
56109,PCDHGA6,Q9Y5G7
56110,PCDHGA5,Q9Y5G8
56112,PCDHGA3,Q9Y5H0
56113,PCDHGA2,Q9Y5H1
56138,PCDHA11,Q9Y5I1
56139,PCDHA10,Q9Y5I2
56141,PCDHA7,Q9UN72
56142,PCDHA6,Q9UN73
56145,PCDHA3,Q9Y5H8
56776,FMN2,Q9NZ56
56852,RAD18,Q9NS91
56893,UBQLN4,Q9NRR5
5697,PYY,P10082
57180,ACTR3B,Q9P1U1
57210,SLC45A4,Q5BKX6
57460,PPM1H,Q9ULR3
57465,TBC1D24,Q9ULP9
57474,ZNF490,Q9ULM2
57533,TBC1D14,Q9P2M4
57545,CC2D2A,Q9P2K1
57552,NCEH1,Q6PIU2
57574,MARCHF4,Q9P2E8
57610,RANBP10,Q6VN20
5774,PTPN3,P26045
57822,GRHL3,Q8TE85
5789,PTPRD,P23468
6005,RHAG,Q02094
60437,CDH26,Q8IXH8
60625,DHX35,Q9H5Z1
6336,SCN10A,Q9Y5Y9
6361,CCL17,Q92583
6382,SDC1,P18827
63905,MANBAL,Q9NQG1
63908,NAPB,Q9H115
64078,SLC28A3,Q9HAS3
64093,SMOC1,Q9H4F8
64096,GFRA4,Q9GZZ7
64377,CHST8,Q9H2A9
64405,CDH22,Q9UJ99
64409,GALNT17,Q6IS24
64419,MTMR14,Q8NCE2
64427,TTC31,Q49AM3
6461,SHB,Q15464
646625,URAD,A6NGE7
646658,SYNDIG1L,A6NDD5
646851,FAM227A,F5H4B4
6483,ST3GAL2,Q16842
64855,NIBAN2,Q96TA1
653121,ZBTB8A,Q96BR9
653857,ACTR3C,Q9C0K3
6580,SLC22A1,O15245
6581,SLC22A3,O75751
6586,SLIT3,O75094
65999,LRRC61,Q9BV99
7023,TFAP4,Q01664
723961,INS-IGF2,F8WCM5
7275,TUB,P50607
10010162926749700096,GAGE2D; GAGE8,Q9UEU5
729440,CCDC61,Q9Y6R9
729447,GAGE2A,Q6NT46
729920,CRPPA,A4D126
729956,SHISA7,A6NL88
730291,ZNF735,P0CB33
7380,UPK3A,O75631
7434,VIPR2,P41587
745,MYRF,Q9Y2G1
7464,CORO2A,Q92828
7476,WNT7A,O00755
753,LDLRAD4,O15165
788,SLC25A20,O43772
79066,METTL16,Q86W50
79143,MBOAT7,Q96N66
79446,WDR25,Q64LD2
79591,ARMH3,Q5T2E6
79705,LRRK1,Q38SD2
79716,NPEPL1,Q8NDH3
79726,WDR59,Q6PJI9
79748,LMAN1L,Q9HAT1
79825,EFCC1,Q9HA90
79843,FAM124B,Q9H5Z6
79879,CCDC134,Q9H6E4
79903,NAA60,Q9H7X0
8029,CUBN,O60494
80301,PLEKHO2,Q8TD55
80325,ABTB1,Q969K4
80332,ADAM33,Q9BZ11
8038,ADAM12,O43184
80731,THSD7B,Q9C0I4
80776,B9D2,Q9BPU9
80778,ZNF34,Q8IZ26
80975,TMPRSS5,Q9H3S3
81029,WNT5B,Q9H1J7
815,CAMK2A,Q9UQM7
81792,ADAMTS12,P58397
81856,ZNF611,Q8N823
83592,AKR1E2,Q96JD6
83661,MS4A8,Q9BY19
83696,TRAPPC9,Q96Q05
83985,SPNS1,Q9H2V7
84068,SLC10A7,Q0GE19
84069,PLEKHN1,Q494U1
8419,BFSP2,Q13515
84243,ZDHHC18,Q9NUE0
8437,RASAL1,O95294
8447,DOC2B,Q14184
84529,C15orf41,Q9Y2V0
84570,COL25A1,Q9BXS0
84671,ZNF347,Q96SE7
84765,ZNF577,Q9BSK1
84775,ZNF607,Q96SK3
84792,FAM220A,Q7Z4H9
84966,IGSF21,Q96ID5
84969,TOX2,Q96NM4
85352,SHISAL1,Q3SXP7
85439,STON2,Q8WXE9
8735,MYH13,Q9UKX3
8787,RGS9,O75916
8840,CCN4,O95388
8858,PROZ,P22891
896,CCND3,P30281
89874,SLC25A21,Q9BQT8
90050,FAM181A,Q8N9Y4
90827,ZNF479,Q96JC4
90850,ZNF598,Q86UK7
9150,CTDP1,Q9Y5B0
921,CD5,P06127
92312,MEX3A,A1L020
92340,PRR29,P0C7W0
92369,SPSB4,Q96A44
9267,CYTH1,Q15438
926,CD8B,P10966
92715,DPH7,Q9BTV6
93082,NEURL3,Q96EH8
93349,SP140L,Q9H930
9353,SLIT2,O94813
9394,HS6ST1,O60243
9397,NMT2,O60551
94031,HTRA3,P83110
94097,SFXN5,Q8TD22
9415,FADS2,O95864
9442,MED27,Q6P2C8
9469,CHST3,Q7LGC8
9476,NAPSA,O96009
9508,ADAMTS3,O15072
9515,STXBP5L,Q9Y2K9
9653,HS2ST1,Q7LGA3
9657,IQCB1,Q15051
9672,SDC3,O75056
9678,PHF14,O94880
9705,ST18,O60284
9794,MAML1,Q92585
9844,ELMO1,Q92556
98,ACYP2,P14621
9912,ARHGAP44,Q17R89
9951,HS3ST4,Q9Y661
10055,SAE1,Q9UBE0
10098,TSPAN5,P62079
10196,PRMT3,O60678
10210,TOPORS,Q9NS56
10333,TLR6,Q9Y2C9
10531,PITRM1,Q5JRX3
10802,SEC24A,O95486
10917,BTNL3,Q6UXE8
11237,RNF24,Q9Y225
11274,USP18,Q9UMW8
1129,CHRM2,P08172
114792,KLHL32,Q96NJ5
116328,C8orf34,Q49A92
118427,OLFM3,Q96PB7
121536,AEBP2,Q6ZN18
121601,ANO4,Q32M45
1232,CCR3,P51677
123606,NIPA1,Q7RTP0
124454,EARS2,Q5JPH6
126868,MAB21L3,Q8N8X9
127602,DNAH14,Q0VDD8
128710,SLX4IP,Q5VYV7
132228,LSMEM2,Q8N112
135112,NCOA7,Q8NI08
137682,NDUFAF6,Q330K2
137868,SGCZ,Q96LD1
138046,RALYL,Q86SE5
140458,ASB5,Q8WWX0
140803,TRPM6,Q9BX84
140862,ISM1,B1AKI9
143872,ARHGAP42,A6NI28
144568,A2ML1,A8K2U0
148206,ZNF714,Q96N38
148266,ZNF569,Q5MCW4
148534,TLCD4,Q96MV1
149297,FAM78B,Q5VT40
150274,HSCB,Q8IWL3
151531,UPP2,O95045
152189,CMTM8,Q8IZV2
159195,USP54,Q70EL1
159686,CFAP58,Q5T655
161357,MDGA2,Q7Z553
161436,EML5,Q05BV3
163051,ZNF709,Q8N972
166785,MMAA,Q8IVH4
170850,KCNG3,Q8TAE7
1740,DLG2,Q15700
1908,EDN3,P14138
201973,PRIMPOL,Q96LW4
202374,STK32A,Q8WU08
2035,EPB41,P11171
2185,PTK2B,Q14289
219578,ZNF804B,A4D1E1
219956,OR9Q1,Q8NGQ5
221336,BEND6,Q5SZJ8
222256,CDHR3,Q6ZTQ4
2246,FGF1,P05230
22796,COG2,Q14746
22888,UBOX5,O94941
22891,ZNF365,Q70YC4
22891,ZNF365,Q70YC5
22976,PAXIP1,Q6ZW49
23007,PLCH1,Q4KWH8
23041,MON2,Q7Z3U7
23132,RAD54L2,Q9Y4B4
23284,ADGRL3,Q9HAR2
23314,SATB2,Q9UPW6
23420,NOMO1,Q15155
23516,SLC39A14,Q15043
253430,IPMK,Q8NFU5
253559,CADM2,Q8N3J6
254268,AKNAD1,Q5T1N1
254427,PROSER2,Q86WR7
254827,NAALADL2,Q58DX5
255231,MCOLN2,Q8IZK6
255928,SYT14,Q8NB59
256006,ANKRD31,Q8N7Z5
10086141225788,FSBP,O95073
25788,RAD54B,Q9Y620
25831,HECTD1,Q9ULT8
259232,NALCN,Q8IZF0
26033,ATRNL1,Q5VV63
26160,IFT172,Q9UG01
2694,CBLIF,P27352
26960,NBEA,Q8NFP9
27133,KCNH5,Q8NCM2
27255,CNTN6,Q9UQ52
27345,KCNMB4,Q86W47
2825,GPR1,P46091
284390,ZNF763,Q0D2J5
285600,KIAA0825,Q8IV33
2897,GRIK1,P39086
29104,N6AMT1,Q9Y5N5
2915,GRM5,P41594
2917,GRM7,Q14831
3026,HABP2,Q14520
3242,HPD,P32754
338645,LUZP2,Q86TE4
339,APOBEC1,P41238
341359,SYT10,Q6XYQ8
342184,FMN1,Q68DA7
346288,SEPTIN14,Q6ZU15
353088,ZNF429,Q86V71
3781,KCNN2,Q9H2S1
387357,THEMIS,Q8N1K5
388567,ZNF749,O43361
399818,EEF1AKMT2,Q5JPI9
401145,CCSER1,Q9C0I3
402117,VWC2L,B2RUY7
4139,MARK1,Q9P0L2
4299,AFF1,P51825
4358,MPV17,P39210
440087,SMCO3,A2RU48
440590,ZYG11A,Q6WRX3
441250,TYW1B,Q6NUM6
4642,MYO1D,O94832
4763,NF1,P21359
493860,CCDC73,Q6ZRK6
494188,FBXO47,Q5MNV8
51008,ASCC1,Q8N9N2
51061,TXNDC11,Q6PKC3
51072,MEMO1,Q9Y316
51147,ING4,Q9UNL4
51226,COPZ2,Q9P299
51239,ANKRD39,Q53RE8
51317,PHF21A,Q96BD5
51365,PLA1A,Q53H76
51530,ZC3HC1,Q86WB0
51809,GALNT7,Q86SF2
53919,SLCO1C1,Q9NYB5
54454,ATAD2B,Q9ULI0
54517,PUS7,Q96PZ0
54862,CC2D1A,Q6P1N0
55167,MSL2,Q9HCI7
55289,ACOXL,Q9NUZ1
55534,MAML3,Q96JK9
55576,STAB2,Q8WWQ8
55619,DOCK10,Q96BY6
55703,POLR3B,Q9NW08
55737,VPS35,Q96QK1
55750,AGK,Q53H12
55757,UGGT2,Q9NYU1
55819,RNF130,Q86XS8
55840,EAF2,Q96CJ1
55902,ACSS2,Q9NR19
56169,GSDMC,Q9BYG8
5636,PRPSAP2,O60256
56479,KCNQ5,Q9NR82
5649,RELN,P78509
56659,KCNK13,Q9HB14
56884,FSTL5,Q8N475
56899,ANKS1B,Q7Z6G8
56950,SMYD2,Q9NRG4
57282,SLC4A10,Q6U841
57480,PLEKHG1,Q9ULL1
57506,MAVS,Q7Z434
57569,ARHGAP20,Q9P2F6
57688,ZSWIM6,Q9HCJ5
57727,NCOA5,Q9HCD5
59283,CACNG8,Q8WXS5
6045,RNF2,Q99496
60526,LDAH,Q9H6V9
6091,ROBO1,Q9Y6N7
63971,KIF13A,Q9H1H9
642597,AKAIN1,P0CW23
642938,INSYN2A,Q6ZSG2
646498,C3orf84,H3BNL1
65083,NOL6,Q9H6R4
65117,RSRC2,Q7L4I2
65217,PCDH15,Q96QU1
6683,SPAST,Q9UBP0
6694,SPP2,Q13103
6718,AKR1D1,P51857
6786,STIM1,Q13586
728395,TSPY4,P0CV99
7294,TXK,P42681
7348,UPK1B,O75841
7551,ZNF3,P17036
759,CA1,P00915
7690,ZNF131,P52739
783,CACNB2,Q08289
79613,TANGO6,Q9C0B7
79625,NDNF,Q8TB73
8021,NUP214,P35658
80309,SPHKAP,Q2M3C7
80831,APOL5,Q9BWW9
80856,LNPK,Q9C0E8
81537,SGPP1,Q9BX95
81671,VMP1,Q96GC9
81832,NETO1,Q8TDF5
83891,SNX25,Q9H3E2
8404,SPARCL1,Q14515
8434,RECK,O95980
84561,SLC12A8,A0AV02
84961,FBXL20,Q96IG2
8496,PPFIBP1,Q86W92
84985,FAM83A,Q86UY5
85444,LRRCC1,Q9C099
85445,CNTNAP4,Q9C0A0
85458,DIXDC1,Q155Q3
85461,TANC1,Q9C0D5
8622,PDE8B,O95263
8839,CCN5,O76076
9037,SEMA5A,Q13591
90826,PRMT9,Q6P2P2
90987,ZNF251,Q9BRH9
91050,CCDC149,Q6ZUS6
91752,ZNF804A,Q7Z570
93081,TEX30,Q5JUR7
9355,LHX2,P50458
9372,ZFYVE9,O95405
9429,ABCG2,Q9UNQ0
9451,EIF2AK3,Q9NZJ5
9609,RAB36,O95755
9626,GUCA1C,O95843
9732,DOCK4,Q8N1I0
9749,PHACTR2,O75167
9790,BMS1,Q14692
9863,MAGI2,Q86UL8
126567,C2CD4C,Q8TF44
219855,SLC37A2,Q8TED4
23339,VPS39,Q96JC1
23361,ZNF629,Q9UEG4
26040,SETBP1,Q9Y6X0
283777,FAM169B,Q8N8A8
387509,GPR153,Q6NV75
503542,SPRN,Q5BIV9
55230,USP40,Q9NVE5
654429,LRTM2,Q8N967
79863,RBFA,Q8N0V3
89958,SAPCD2,Q86UD0
9683,N4BP1,O75113
160428,ALDH1L2,Q3SY69
348093,RBPMS2,Q6ZRY4
100130311,C17orf107,Q6ZR85
100316904,SAP25,Q8TEE9
10603,SH2B2,O14492
11007,CCDC85B,Q15834
122970,ACOT4,Q8N9L9
140730,RIMS4,Q9H426
143678,C11orf94,C9JXX5
1504,CTRB1,P17538
151306,GPBAR1,Q8TDU6
162963,ZNF610,Q8N9Z0
1815,DRD4,P21917
219527,LRRC55,Q6ZSA7
220213,OTUD1,Q5VV17
23252,OTUD3,Q5T2D3
23279,NUP160,Q12769
255275,MYADML2,A6NDP7
25999,CLIP3,Q96DZ5
284110,GSDMA,Q96QA5
284723,SLC25A34,Q6PIV7
2980,GUCA2A,Q02747
3386,ICAM4,Q14773
340441,POTEA,Q6S8J7
3489,IGFBP6,P24592
387923,SERP2,Q8N6R1
388531,RGS9BP,Q6ZS82
388551,CEACAM16,Q2WEN9
388886,LRRC75B,Q2VPJ9
399474,TMEM200B,Q69YZ2
440533,PSG8,Q9UQ74
4992,OR1F1,O43749
51035,UBXN1,Q04323
51225,ABI3,Q9P2A4
51279,C1RL,Q9NZP8
51751,HIGD1B,Q9P298
55503,TRPV6,Q9H1D0
55964,SEPTIN3,Q9UH03
56673,C11orf16,Q9NQ32
5676,PSG7,Q13046
57030,SLC17A7,Q9P2U7
57834,CYP4F11,Q9HBI6
594855,CPLX3,Q8WVH0
64968,MRPS6,P82932
7066,THPO,P40225
727851,RGPD8,O14715
79001,VKORC1,Q9BQB6
79088,ZNF426,Q9BUY5
79690,GAL3ST4,Q96RP7
72954084220,RGPD5; RGPD6,Q99666
84630,TTBK1,Q5TCY1
8741,TNFSF13,O75888
8928,FOXH1,O75593
89932,PAPLN,O95428
924,CD7,P09564
93129,ORAI3,Q9BRQ5
93377,OPALIN,Q96PE5
10829365994115,CGB3; CGB5; CGB8,P0DN86
954,ENTPD2,Q9Y5L3
9721,GPRIN2,O60269
9923,ZBTB40,Q9NUA8
10814,CPLX2,Q6PUV4
140609,NEK7,Q8TDX7
150379,PNPLA5,Q7Z6Z6
253725,WASHC2C,Q9Y4E1
255349,TMEM211,Q6ICI0
340485,ACER2,Q5QJU3
3835,KIF22,Q14807
388969,C2orf68,Q2NKX9
54455,FBXO42,Q6P3S6
55552,ZNF823,P16415
5719,PSMD13,Q9UNM6
6311,ATXN2,Q99700
79567,RIPOR1,Q6ZS17
81050,OR5AC2,Q9NZP5
81494,CFHR5,Q9BXR6
83451,ABHD11,Q8NFV4
8521,GCM1,Q9NP62
9929,JOSD1,Q15040
56135,PCDHAC1,Q9H158
9021,SOCS3,O14543
5478,PPIA,P62937
254879,OR2T6,Q8NHC8
4317,MMP8,P22894
1642,DDB1,Q16531
3426,CFI,P05156
9622,KLK4,Q9Y5K2
5816,PVALB,P20472
27022,FOXD3,Q9UJU5
10008,KCNE3,Q9Y6H6
2939,GSTA2,P09210
11081,KERA,O60938
1746,DLX2,Q07687
60386,SLC25A19,Q9HC21
117532,TMC2,Q8TDI7
10978,CLP1,Q92989
282808,RAB40AL,P0C0E4
65062,TMEM237,Q96Q45
56133,PCDHB2,Q9Y5E7
284293,HMSD,A8MTL9
283385,MORN3,Q6PF18
286499,FAM133A,Q8N9E0
284383,OR2Z1,Q8NG97
85363,TRIM5,Q9C035
4986,OPRK1,P41145
11140,CDC37,Q16543
2114,ETS2,P15036
1052,CEBPD,P49716
6013,RLN1,P04808
5908,RAP1B,P61224
4131,MAP1B,P46821
1645,AKR1C1,Q04828
5981,RFC1,P35251
56287,GKN1,Q9NS71
6430,SRSF5,Q13243
4969,OGN,P20774
6284,S100A13,Q99584
1844,DUSP2,Q05923
4110,MAGEA11,P43364
10082082914578100224,MYZAP,P0CAP1
81488,POLR2M,P0CAP2
81488,POLR2M,Q6EEV4
4063,LY9,Q9HBG7
8774,NAPG,Q99747
23173,METAP1,P53582
9424,KCNK6,Q9Y257
79172,CENPO,Q9BU64
165140,OXER1,Q8TDS5
11097,NUP42,O15504
51348,KLRF1,Q9NZS2
4336,MOBP,Q13875
89790,SIGLEC10,Q96LC7
164091,PAQR7,Q86WK9
23460,ABCA6,Q8N139
56984,PSMG2,Q969U7
23612,PHLDA3,Q9Y5J5
201516,ZSCAN4,Q8NAM6
92979,MARCHF9,Q86YJ5
283316,CD163L1,Q9NR16
92565,FANK1,Q8TC84
9108,MTMR7,Q9Y216
83851,SYT16,Q17RD7
9038,TAAR5,O14804
51090,PLLP,Q9Y342
283373,ANKRD52,Q8NB46
9182,RASSF9,O75901
56911,MAP3K7CL,P57077
85443,DCLK3,Q9C098
90025,UBE3D,Q7Z6J8
389677,RBM12B,Q8IXT5
9812,DELE1,Q14154
168537,GIMAP7,Q8NHV1
57047,PLSCR2,Q9NRY7
55092,TMEM51,Q9NW97
84316,NAA38,Q9BRA0
285513,GPRIN3,Q6ZVF9
124446,TMEM219,Q86XT9
127002,ATXN7L2,Q5T6C5
131544,CRYBG3,Q68DQ2
285525,YIPF7,Q8N8F6
392490,,Q56UQ5
337975,KRTAP20-1,Q3LI63
9656,MDC1,Q14676
55937,APOM,O95445
80741,LY6G5C,Q5SRR4
9824,ARHGAP11A,Q6P4F7
4157,MC1R,Q01726
57818,G6PC2,Q9NQR9
85417,CCNB3,Q8WWL7
26084,ARHGEF26,Q96DR7
7284928293,SERF1A; SERF1B,O75920
197,AHSG,P02765
3832,KIF11,P52732
7083,TK1,P04183
51135,IRAK4,Q9NWZ3
2671,GFER,P55789
871,SERPINH1,P50454
6006,RHCE,P18577
1270,CNTF,P26441
1690,COCH,O43405
175,AGA,P20933
730,C7,P10643
10850,CCL27,Q9Y4X3
6880,TAF9,Q16594
8438,RAD54L,Q92698
8738,CRADD,P78560
2178,FANCE,Q9HB96
9118,INA,Q16352
23322,RPGRIP1L,Q68CZ1
10683,DLL3,Q9NYJ7
9776,ATG13,O75143
55800,SCN3B,Q9NY72
55723,ASF1B,Q9NVP2
1805,DPT,Q07507
733,C8G,P07360
374291,NDUFS7,O75251
55163,PNPO,Q9NVS9
158326,FREM1,Q5H8C1
51778,MYOZ2,Q9NPC6
23590,PDSS1,Q5T2R2
10229,COQ7,Q99807
23131,GPATCH8,Q9UKJ3
28981,IFT81,Q8WYA0
9735,KNTC1,P50748
79649,MAP7D3,Q8IWC1
55958,KLHL9,Q9P2J3
221035,REEP3,Q6NUK4
116842,LEAP2,Q969E1
284161,GDPD1,Q8N9F7
255758,TCTEX1D2,Q8WW35
51213,LUZP4,Q9P127
84553,FAXC,Q5TGI0
4751,NEK2,P51955
2572,GAD2,Q05329
623,BDKRB1,P46663
1143,CHRNB4,P30926
4090,SMAD5,Q99717
6334,SCN8A,Q9UQD0
7357,UGCG,Q16739
7205,TRIP6,Q15654
8890,EIF2B4,Q9UI10
10487,CAP1,Q01518
27338,UBE2S,Q16763
2941,GSTA4,O15217
83540,NUF2,Q9BZD4
1791,DNTT,P04053
30203021,H3-3A; H3-3B,P84243
2960,GTF2E1,P29083
256646,NUTM1,Q86Y26
81624,DIAPH3,Q9NSV4
9001,HAP1,P54257
64946,CENPH,Q9H3R5
3699,ITIH3,Q06033
10592,SMC2,O95347
10052,GJC1,P36383
4857,NOVA1,P51513
2326,FMO1,Q01740
80010,RMI1,Q9H9A7
26872,STEAP1,Q9UHE8
653067653220,XAGE1A; XAGE1B; XAGE1C; XAGE1D; XAGE1E,Q9HD64
56624,ASAH2,Q9NR71
40473454882,ANKHD1,Q8IWZ3
6542,SLC7A2,P52569
25432576,GAGE1,Q13065
116447,TOP1MT,Q969P6
89866,SEC16B,Q96JE7
55661,DDX27,Q96GQ7
285973,ATG9B,Q674R7
9750,RIPOR2,Q9Y4F9
23567,ZNF346,Q9UL40
79571,GCC1,Q96CN9
9329,GTF3C4,Q9UKN8
84647,PLA2G12B,Q9BX93
23596,OPN3,Q9H1Y3
55333,SYNJ2BP,P57105
64319,FBRS,Q9HAH7
64130,LIN7B,Q9HAP6
3196,TLX2,O43763
93492,TPTE2,Q6XPS3
79913,ACTR5,Q9H9F9
51004,COQ6,Q9Y2Z9
8636,SSNA1,O43805
79666,PLEKHF2,Q9H8W4
80308,FLAD1,Q8NFF5
85403,EAF1,Q96JC9
117854,TRIM6,Q9C030
85465,SELENOI,Q9C0D9
122553,TRAPPC6B,Q86SZ2
8715,NOL4,O94818
10930,APOBEC2,Q9Y235
57594,HOMEZ,Q8IX15
57221,ARFGEF3,Q5TH69
79816,TLE6,Q9H808
57464,STRIP2,Q9ULQ0
81875,ISG20L2,Q9H9L3
403313,PLPP6,Q8IY26
64105,CENPK,Q9BS16
51665,ASB1,Q9Y576
81931,ZNF93,P35789
84747,UNC119B,A6NIH7
116039,OSR2,Q8N2R0
23732,FRRS1L,Q9P0K9
57116,ZNF695,Q8IW36
7568,ZNF20,P17024
79012,CAMKV,Q8NCB2
284348,LYPD5,Q6UWN5
81025,GJA9,P57773
54149,EURL,Q9NYK6
56158,TEX12,Q9BXU0
8690,JRKL,Q9Y4A0
10900,RUNDC3A,Q59EK9
79269,DCAF10,Q5QP82
84648,LCE3D,Q9BYE3
64863,METTL4,Q8N3J2
54967,CT55,Q8WUE5
90625,ERVH48-1,M5A8F1
55565,ZNF821,O75541
158586,ZXDB,P98169
55175,KLHL11,Q9NVR0
80759,KHDC1,Q4VXA5
55057,CRYBG2,Q8N1P7
79078,C1orf50,Q9BV19
57687,VAT1L,Q9HCJ6
79729,SH3D21,A4FU49
25770,C22orf31,O95567
79815,NIPAL2,Q9H841
122616,CLBA1,Q96F83
150160,CCT8L2,Q96SF2
92346,C1orf105,O95561
388730,TMEM81,Q6P7N7
79024,SMIM2,Q9BVW6
574414,PRR9,Q5T870
110599564,EEF1AKMT4,P0DPD7
58529,MYOZ1,Q9NP98
80177,MYCT1,Q8N699
51046,ST8SIA3,O43173
56670,SUCNR1,Q9BXA5
27154,BRPF3,Q9ULD4
6564,SLC15A1,P46059
5999,RGS4,P49798
25803,SPDEF,O95238
646627,LYPD8,Q6UX82
57184,FAM219B,Q5XKK7
2742,GLRA2,P23416
642273,FAM110C,Q1W6H9
1184,CLCN5,P51795
80231,CXorf21,Q9HAI6
57645,POGK,Q9P215
90161,HS6ST2,Q96MM7
114908,TMEM123,Q8N131
54982,CLN6,Q9NWW5
1399,CRKL,P46109
8477,GPR65,Q8IYL9
120892,LRRK2,Q5S007
643314,KIAA0754,O94854
79443,FYCO1,Q9BQS8
27063,ANKRD1,Q15327
29980,DONSON,Q9NYP3
1134,CHRNA1,P02708
50852,TRAT1,Q6PIZ9
7429,VIL1,P09327
4214,MAP3K1,Q13233
7306,TYRP1,P17643
4049,LTA,P01374
83473,KATNAL2,Q8IYT4
79974,CPED1,A4D0V7
752,FMNL1,O95466
283849,EXOC3L1,Q86VI1
6327,SCN2B,O60939
3931,LCAT,P04180
10246,SLC17A2,O00624
84896,ATAD1,Q8NBU5
29802,VPREB3,Q9UKI3
54676,GTPBP2,Q9BX10
54332,GDAP1,Q8TB36
114898,C1QTNF2,Q9BXJ5
5406,PNLIP,P16233
202333,CMYA5,Q8N3K9
54511,HMGCLL1,Q8TB92
162515,SLC16A11,Q8NCK7
6121,RPE65,Q16518
23431,AP4E1,Q9UPM8
55344,PLCXD1,Q9NUJ7
14421443,CSH2,P0DML3
147837,ZNF563,Q8TA94
2323,FLT3LG,P49771
30128335,H2AC4; H2AC8,P04908
5450,POU2AF1,Q16633
6102,RP2,O75695
8170,SLC14A2,Q15849
5092,PCBD1,P61457
53822,FXYD7,P58549
10763,NES,P48681
79670,TUT7,Q5VYS8
2301,FOXE3,Q13461
4301,AFDN,P55196
6366,CCL21,O00585
4620,MYH2,Q9UKX2
79853,TM4SF20,Q53R12
91120,ZNF682,O95780
6248,RSC1A1,Q92681
83697,SLC4A9,Q96Q91
54809,SAMD9,Q5K651
54363,HAO1,Q9UJM8
26998,FETUB,Q9UGM5
1370,CPN2,P22792
4939,OAS2,P29728
90529,STPG1,Q5TH74
9128,PRPF4,O43172
3134,HLA-F,P30511
80128,TRIM46,Q7Z4K8
164832,LONRF2,Q1L5Z9
79901,CYBRD1,Q53TN4
795,S100G,P29377
7135,TNNI1,P19237
29015,SLC43A3,Q8NBI5
2206,MS4A2,Q01362
4653,MYOC,Q99972
4547,MTTP,P55157
196403,DTX3,Q8N9I9
283298,OLFML1,Q6UWY5
389524,GTF2IRD2B,Q6EKJ0
11234,HPS5,Q9UPZ3
55303,GIMAP4,Q9NUV9
124274,GPR139,Q6DWJ6
415,ARSL,P51690
51237,MZB1,Q8WU39
84874,ZNF514,Q96K75
387893,KMT5A,Q9NQR1
81888,HYI,Q5T013
5897,RAG2,P55895
170371,TMEM273,Q5T292
5826,ABCD4,O14678
6555,SLC10A2,Q12908
440738,MAP1LC3C,Q9BXW4
346389,MACC1,Q6ZN28
26071,RTL8A,Q9BWD3
59,ACTA2,P62736
51134,CEP83,Q9Y592
79777,ACBD4,Q8NC06
83856,FSD1L,Q9BXM9
8436,CAVIN2,O95810
5699,PSMB10,P40306
10346,TRIM22,Q8IYM9
2911,GRM1,Q13255
1638,DCT,P40126
9898,UBAP2L,Q14157
7782,SLC30A4,O14863
5961,PRPH2,P23942
54900,LAX1,Q8IWV1
79840,NHEJ1,Q9H9Q4
122011,CSNK1A1L,Q8N752
6623,SNCG,O76070
9073,CLDN8,P56748
5612,THAP12,O43422
4162,MCAM,P43121
10848,PPP1R13L,Q8WUF5
3357,HTR2B,P41595
10251,SPRY3,O43610
27240,SIT1,Q9Y3P8
283160,OR8D2,Q9GZM6
54798,DCHS2,Q6V1P9
2202,EFEMP1,Q12805
6359,CCL15,Q16663
26585,GREM1,O60565
85406,DNAJC14,Q6Y2X3
2348,FOLR1,P15328
4889,NPY5R,Q15761
120400,NXPE1,Q8N323
54842,MFSD6,Q6ZSS7
8092,ALX1,Q15699
55825,PECR,Q9BY49
8542,APOL1,O14791
64816,CYP3A43,Q9HB55
9891,NUAK1,O60285
81543,LRRC3,Q9BY71
10090,UST,Q9Y2C2
728,C5AR1,P21730
5650,KLK7,P49862
126961333932652992,H3C15; H3C14; H3C13,Q71DI3
2255,FGF10,O15520
90293,KLHL13,Q9P2N7
47438183740,H2AB2; H2AB3,P0C5Z0
1233,CCR4,P51679
54827,NXPE4,Q6UWF7
6003,RGS13,O14921
91010,FMNL3,Q8IVF7
8225,GTPBP6,O43824
30010,NXPH1,P58417
3627,CXCL10,P02778
6374,CXCL5,P42830
58538,MPP4,Q96JB8
85456,TNKS1BP1,Q9C0C2
219464,OR5T2,Q8NGG2
11249,NXPH2,O95156
5067,CNTN3,Q9P232
3201,HOXA4,Q00056
57407,NMRAL1,Q9HBL8
144448,TSPAN19,P0C672
22890,ZBTB1,Q9Y2K1
388662,SLC6A17,Q9H1V8
64221,ROBO3,Q96MS0
2664,GDI1,P31150
283600,SLC25A47,Q6Q0C1
84659,RNASE7,Q9H1E1
63935,PCIF1,Q9H4Z3
222171,PRR15,Q8IV56
165904,XIRP1,Q702N8
255394,TCP11L2,Q8N4U5
51209,RAB9B,Q9NP90
201161,CENPV,Q7Z7K6
150248,C22orf15,Q8WYQ4
5308,PITX2,Q99697
55531,ELMOD1,Q8N336
27294,DHDH,Q9UQ10
10086,HHLA1,C9JL84
84251,SGIP1,Q9BQI5
79605,PGBD5,Q8N414
64757,MTARC1,Q5VT66
1774,DNASE1L1,P49184
552900654483,BOLA2; BOLA2B,Q9H3K6
11018,TMED1,Q13445
6347,CCL2,P13500
64778,FNDC3B,Q53EP0
57176,VARS2,Q5ST30
6545,SLC7A4,O43246
2596,GAP43,P17677
121504554313829000824401711573595221723764549422843305132032,H4C1; H4C2; H4C3; H4C4; H4C5; H4C6; H4C8; H4C9; H4C11; H4C12; H4C13; H4C14; H4C15; H4-16,P62805
54995,OXSM,Q9NWU1
3437,IFIT3,O14879
146183,OTOA,Q7RTW8
93134,ZNF561,Q8N587
7376,NR1H2,P55055
342850,ANKRD62,A6NC57
11074,TRIM31,Q9BZY9
728568,C12orf73,Q69YU5
121268,RHEBL1,Q8TAI7
55308,DDX19A,Q9NUU7
80019,UBTD1,Q9HAC8
54626,HES2,Q9Y543
57633,LRRN1,Q6UXK5
219537,SMTNL1,A8MU46
7922,SLC39A7,Q92504
730130,TMEM229A,B2RXF0
200933,FBXO45,P0C2W1
28974,C19orf53,Q9UNZ5
80317,ZKSCAN3,Q9BRR0
342931,RFPL4A,A6NLU0
118738,ZNF488,Q96MN9
333,APLP1,P51693
147686,ZNF418,Q8TF45
339541,ARMH1,Q6PIY5
10053401279005,SCNM1,Q9BWG6
7080,NKX2-1,P43699
79064,TMEM223,A0PJW6
283078,MKX,Q8IYA7
337879,KRTAP8-1,Q8IUC2
221301,CALHM4,Q5JW98
644096,SDHAF1,A6NFY7
301783398343834016415744,H2BC4; H2BC6; H2BC7; H2BC8; H2BC10,P62807
65005,MRPL9,Q9BYD2
26018,LRIG1,Q96JA1
1046,CDX4,O14627
9941,EXOG,Q9Y2C4
8516,ITGA8,P53708
4159,MC3R,P41968
158399,ZNF483,Q8TF39
4747,NEFL,P07196
79727,LIN28A,Q9H9Z2
404672,GTF2H5,Q6ZYL4
55911,APOBR,Q0VD83
94234,FOXQ1,Q9C009
57536,KIAA1328,Q86T90
7368,UGT8,Q16880
55529,PIP4P2,Q8N4L2
535,ATP6V0A1,Q93050
84063,KIRREL2,Q6UWL6
81553,CYRIA,Q9H0Q0
6708505,PARG,Q86W56
353274,ZNF445,P59923
2128,EVX1,P49640
157777,MCMDC2,Q4G0Z9
988,CDC5L,Q99459
948,CD36,P16671
2051,EPHB6,O15197
956,ENTPD3,O75355
284371,ZNF841,Q6ZN19
9103,FCGR2C,P31995
100505385,IQCJ-SCHIP1,B3KU38
400818,NBPF9,P0DPF3
412,STS,P08842
339324,ZNF260,Q3ZCT1
22,ABCB7,O75027
941,CD80,P33681
497661,C18orf32,Q8TCD1
51340,CRNKL1,Q9BZJ0
345462,ZNF879,B4DU55
347475,CCDC160,A6NGH7
84273,NOA1,Q8NC60
54495,TMX3,Q96JJ7
10363,HMG20A,Q9NP66
79908,BTNL8,Q6UX41
6913,TBX15,Q96SF7
84530,SRRM4,A7MD48
51141,INSIG2,Q9Y5U4
54433,GAR1,Q9NY12
90874,ZNF697,Q5TEC3
64860,ARMCX5,Q6P1M9
51384,WNT16,Q9UBV4
90134,KCNH7,Q9NS40
55801,IL26,Q9NPH9
51075,TMX2,Q9Y320
219541,MED19,A0JLT2
378925,RNF148,Q8N7C7
152586,MGAT4D,A6NG13
5480,PPIC,P45877
11069,RAPGEF4,Q8WZA2
8078,USP5,P45974
57864,SLC46A2,Q9BY10
53354,PANK1,Q8TE04
7458,EIF4H,Q15056
2052,EPHX1,P07099
101180976,IFNL4,K9M1U5
10687,PNMA2,Q9UL42
64711,HS3ST6,Q96QI5
256643,BCLAF3,A2AJT9
3170,FOXA2,Q9Y261
100507055,LRCOL1,A6NCL2
27129,HSPB7,Q9UBY9
100506736,SLFN12L,Q6IEE8
29800,ZDHHC1,Q8WTX9
640,BLK,P51451
8200,GDF5,P43026
85027,SMIM3,Q9BZL3
390436,OR4K17,Q8NGC6
7791,ZYX,Q15942
432,ASGR1,P07306
729092,AGAP5,A6NIR3
89944,GLB1L2,Q8IW92
56474,CTPS2,Q9NRF8
100506049,LRRC72,A6NJI9
55454,CSGALNACT2,Q8N6G5
140809,SRXN1,Q9BYN0
9464,HAND2,P61296
9472,AKAP6,Q13023
1559,CYP2C9,P11712
350,APOH,P02749
120376,COLCA2,A8K830
285527,FRYL,O94915
343505,NBPF7,P0C2Y1
1109,AKR1C4,P17516
7691,ZNF132,P52740
168002,DACT2,Q5SW24
11221,DUSP10,Q9Y6W6
85569,GALP,Q9UBC7
403284,OR6C68,A6NDL8
3347,HTN3,P15516
55054,ATG16L1,Q676U5
118430,MUCL1,Q96DR8
256297,PTF1A,Q7RTS3
496,ATP4B,P51164
5949,RBP3,P10745
79365,BHLHE41,Q9C0J9
57132,CHMP1B,Q7LBR1
6909,TBX2,Q13207
340371,NRBP2,Q9NSY0
57578,UNC79,Q9P2D8
2949,GSTM5,P46439
259285,TAS2R39,P59534
9187,SLC24A1,O60721
100506243,KRBOX1,C9JBD0
5422,POLA1,P09884
653145728113,ANXA8,P13928
25938,HEATR5A,Q86XA9
286436,H2BW2,P0C1H6
5313,PKLR,P30613
93432,MGAM2,Q2M2H8
11185,INMT,O95050
4608,MYBPH,Q13203
4535,MT-ND1,P03886
64123,ADGRL4,Q9HBW9
115861,NXNL1,Q96CM4
219285,SAMD9L,Q8IVG5
388419,BTBD17,A6NE02
3206,HOXA10,P31260
22822,PHLDA1,Q8WV24
7784,ZP3,P21754
56165,TDRD1,Q9BXT4
33033304,HSPA1A,P0DMV8
33033304,HSPA1B,P0DMV9
124783,SPATA32,Q96LK8
83639,TEX101,Q9BY14
5914,RARA,P10276
2099,ESR1,P03372
22862,FNDC3A,Q9Y2H6
2760,GM2A,P17900
7301,TYRO3,Q06418
708,C1QBP,Q07021
85407,NKD1,Q969G9
7182,NR2C2,P49116
7345,UCHL1,P09936
,TP53,P04637
2798,GNRHR,P30968
50807,ASAP1,Q9ULH1
5620,PRM2,P04554
5141,PDE4A,P27815
5179,PENK,P01210
2623,GATA1,P15976
8653,DDX3Y,O15523
11158,RABL2B,Q9UNT1
7442,TRPV1,Q8NER1
7417,VDAC2,P45880
9389,SLC22A14,Q9Y267
55812,SPATA7,Q9P0W8
232337,Znf32,Q80V23
857,CAV1,Q03135
2852,GPER1,Q99527
7124,TNF,P01375
14824,Grn,P28798
18476,Pafah1b3,Q61205
3315,HSPB1,P04792
80742,PRR3,P79522
120066,OR5P3,Q8WZ94
2820,GPD2,P43304
3115,HLA-DPB1,P04440
54587,MXRA8,Q9BRK3
353145,LCE3E,Q5T5B0
12,SERPINA3,P01011
2037,EPB41L2,O43491
342096,GOLGA6A,Q9NYA3
56548,CHST7,Q9NS84
989,SEPTIN7,Q16181
148022,TICAM1,Q8IUC6
5265,SERPINA1,P01009
4837,NNMT,P40261
177,AGER,Q15109
6271,S100A1,P23297
2531759085,CDY1; CDY1B,Q9Y6F8
1238,ACKR2,O00590
728695,SPANXB1,Q9NS25
64753,CCDC136,Q96JN2
10124,ARL4A,P40617
199,AIF1,P55008
10272365510272299410723830559369271498448744139824906108928,TP53TG3; TP53TG3B; TP53TG3C; TP53TG3D; TP53TG3E; TP53TG3F,Q9ULZ0
117155,CATSPER2,Q96P56
1617,DAZ1,Q9NQZ3
161497,STRC,Q7RTU9
57135,DAZ4,Q86SG3
2488,FSHB,P01225
3972,LHB,P01229
3973,LHCGR,P22888
2516,NR5A1,Q13285
3640,INSL3,P51460
6795,AURKC,Q9UQB9
122042,RXFP2,Q8WXD0
57055,DAZ2,Q13117
7043,TGFB3,P10600
7133,TNFRSF1B,P20333
8743,TNFSF10,P50591
837,CASP4,P49662
839,CASP6,P55212
51561,IL23A,Q9NPF7
3569,IL6,P05231
3576,CXCL8,P10145
3586,IL10,P22301
3458,IFNG,P01579
7132,TNFRSF1A,P19438
3553,IL1B,P01584
348,APOE,P02649
1634,DCN,P07585
1950,EGF,P01133
1956,EGFR,P00533
581,BAX,Q07812
578,BAK1,Q16611
596,BCL2,P10415
599,BCL2L2,Q92843
7422,VEGFA,P15692
3606,IL18,Q14116
7040,TGFB1,P01137
3383,ICAM1,P05362
3557,IL1RN,P18510
834,CASP1,P29466
4254,KITLG,P21583
3592,IL12A,P29459
3976,LIF,P15018
3589,IL11,P20809
3570,IL6R,P08887
3572,IL6ST,P40189
355,FAS,P25445
1636,ACE,P12821
2100,ESR2,Q92731
367,AR,P10275
4625,MYH7,P12883
196,AHR,P35869
3292,HSD17B1,P14061
6462,SHBG,P04278
1543,CYP1A1,P04798
6716,SRD5A2,P31213
467,ATF3,P18847
3295,HSD17B4,P51659
146225,CMTM2,Q8TAZ6
2492,FSHR,P23945
1588,CYP19A1,P11511
8204,NRIP1,P48552
5241,PGR,P06401
6046,BRD2,P25440
3730,ANOS1,P23352
2332,FMR1,Q06787
29947,DNMT3L,Q9UJW3
1081,CGA,P01215
3123,HLA-DRB1,P01911
3123,HLA-DRB1,P01912
3123,HLA-DRB1,P13761
3123,HLA-DRB1,Q29974
3565,IL4,P05112
672,BRCA1,P38398
6663,SOX10,P56693
133,ADM,P35318
3091,HIF1A,Q16665
5743,PTGS2,P35354
57447,NDRG2,Q9UN36
5742,PTGS1,P23219
117144,CATSPER1,Q8NEC5
2494,NR5A2,O00482
6662,SOX9,P48436
268,AMH,P03971
5351,PLOD1,Q02809
63943,FKBPL,Q9UIM3
2288,FKBP4,Q02790
7490,WT1,P19544
960,CD44,P16070
4318,MMP9,P14780
4313,MMP2,P08253
4846,NOS3,P29474
6647,SOD1,P00441
115677,NOSTRIN,Q8IVI9
4232,MEST,Q5EB52
2778,GNAS,O95467
2778,GNAS,P63092
2778,GNAS,P84996
2778,GNAS,Q5JWF2
26240,FAM50B,Q9Y247
1591,CYP24A1,Q07973
7421,VDR,P11473
627,BDNF,P23560
83983,TSSK6,Q9BXA6
283629,TSSK4,Q6SA08
269,AMHR2,Q16671
3624,INHBA,P08476
3483,IGFALS,P35858
3981,LIG4,P49917
5896,RAG1,P15918
675,BRCA2,P51587
7076,TIMP1,P01033
2159,F10,P00742
462,SERPINC1,P01008
5619,PRM1,P04553
4193,MDM2,Q00987
3133,HLA-E,P13747
3105,HLA-A,P04439
3105,HLA-A,P30443
3106,HLA-B,P01889
4838,NODAL,Q96S42
3119,HLA-DQB1,P01920
5444,PON1,P27169
6648,SOD2,P04179
2944,GSTM1,P09488
10519,CIB1,Q99828
332,BIRC5,O15392
7015,TERT,O14746
207,AKT1,P31749
2932,GSK3B,P49841
5594,MAPK1,P28482
5595,MAPK3,P27361
6772,STAT1,P42224
23545,ATP6V0A2,Q9Y487
5243,ABCB1,P08183
2064,ERBB2,P04626
3293,HSD17B3,P37058
51738,GHRL,Q9UBU3
3162,HMOX1,P09601
1080,CFTR,P13569
80025,PANK2,Q9BZ23
7450,VWF,P04275
7320,UBE2B,P63146
6736,SRY,Q05066
6667,SP1,P08047
7980,TFPI2,P48307
2621,GAS6,Q14393
558,AXL,P30530
9915,ARNT2,Q9HBZ2
1544,CYP1A2,P05177
1586,CYP17A1,P05093
8856,NR1I2,O75469
338,APOB,P04114
100132285,KIR2DS2,P43631
3803,KIR2DL2,P43627
6283,S100A12,P80511
4780,NFE2L2,Q16236
6927,HNF1A,P20823
6928,HNF1B,P35680
190,NR0B1,P51843
632,BGLAP,P02818
2321,FLT1,P17948
3791,KDR,P35968
2068,ERCC2,P18074
7507,XPA,P23025
2067,ERCC1,P07992
7515,XRCC1,P18887
10,NAT2,P11245
1555,CYP2B6,P20813
841,CASP8,Q14790
842,CASP9,P55211
356,FASLG,P48023
836,CASP3,P42574
3308,HSPA4,P34932
3320,HSP90AA1,P07900
3297,HSF1,Q00613
3298,HSF2,Q03933
6658,SOX3,P41225
6775,STAT4,Q14765
34393447,IFNA1; IFNA13,P01562
7297,TYK2,P29597
4968,OGG1,O15527
8788,DLK1,P80370
2146,EZH2,Q15910
4152,MBD1,Q9UIS9
8932,MBD2,Q9UBB5
85509,MBD3L1,Q8WWY6
676,BRDT,Q58F21
1869,E2F1,Q01094
472,ATM,Q13315
55717,WDR11,Q9BZH6
1761,DMRT1,Q9Y5R6
2263,FGFR2,P21802
23189,KANK1,Q14678
108,ADCY2,Q08462
9839,ZEB2,O60315
1029,CDKN2A,P42771
1029,CDKN2A,Q8N726
4255,MGMT,P16455
2261,FGFR3,P22607
983,CDK1,P06493
891,CCNB1,P14635
9133,CCNB2,O95067
993,CDC25A,P30304
995,CDC25C,P30307
7465,WEE1,P30291
5325,PLAGL1,Q9UM63
5178,PEG3,Q9GZU2
3481,IGF2,P01344
4524,MTHFR,P42898
4548,MTR,Q99707
4552,MTRR,Q9UBK8
54014,BRWD1,Q9NSI6
1786,DNMT1,P26358
1789,DNMT3B,Q9UBC3
56163,RNF17,Q9BXT8
23304,UBR2,Q8IWV8
7398,USP1,O94782
83844,USP26,Q9BXU7
4522,MTHFD1,P11586
140690,CTCFL,Q8NI51
5054,SERPINE1,P05121
1618,DAZL,Q92904
2153,F5,P12259
3547,IGSF1,Q8N6C5
1401,CRP,P02741
1583,CYP11A1,P05108
92579,G6PC3,Q9BUM1
5728,PTEN,P60484
1584,CYP11B1,P15538
2796,GNRH1,P01148
351,APP,P05067
7049,TGFBR3,Q03167
655,BMP7,P18075
9518,GDF15,Q99988
102724560875,CBSL,P0DN79
102724560875,CBS,P35520
5228,PGF,P49763
2797,GNRH2,O43555
3284,HSD3B2,P26439
2876,GPX1,P07203
10549,PRDX4,Q13162
1509,CTSD,P07339
3552,IL1A,P01583
3306,HSPA2,P54652
3073,HEXA,P06865
173,AFM,P43652
1499,CTNNB1,P35222
3074,HEXB,P07686
1459,CSNK2A2,P19784
1460,CSNK2B,P67870
1666,DECR1,Q16698
7200,TRH,P20396
11141,IL1RAPL1,Q9NZN1
3688,ITGB1,P05556
3455,IFNAR2,P48551
4069,LYZ,P61626
718,C3,P01024
567,B2M,P61769
8644,AKR1C3,P42330
5047,PAEP,P09466
38,ACAT1,P24752
10724,MGEA5,O60502
354,KLK3,P07288
4477,MSMB,P08118
3283,HSD3B1,P14060
3294,HSD17B2,P37059
3678,ITGA5,P08648
11253,MAN1B1,Q9UKM7
6783,SULT1E1,P49888
7018,TF,P02787
213,ALB,P02768
10721,POLQ,O75417
6715,SRD5A1,P18405
5617,PRL,P01236
572,BAD,Q92934
2475,MTOR,P42345
142,PARP1,P09874
6774,STAT3,P40763
3952,LEP,P41159
3122,HLA-DRA,P01903
9271,PIWIL1,Q96J94
55124,PIWIL2,Q8TC59
2023,ENO1,P06733
9219,MTA2,O94776
9024,BRSK2,Q8IWQ3
85474,LBX2,Q6XYB7
22802,CLCA4,Q14CN2
1909,EDNRA,P25101
4363,ABCC1,P33527
7097,TLR2,O60603
7099,TLR4,O00206
9510,ADAMTS1,Q9UHI8
11096,ADAMTS5,Q9UNA0
23626,SPO11,Q9Y5K1
373156,GSTK1,Q9Y2Q3
347733,TUBB2B,Q9BVA1
3848,KRT1,P04264
4957,ODF2,Q5BJF6
8852,AKAP4,Q5JQC9
388753,COA6,Q5JTJ3
2879,GPX4,P36969
80150,ASRGL1,Q7L266
3313,HSPA9,P38646
2597,GAPDH,P04406
1191,CLU,P10909
2950,GSTP1,P09211
2952,GSTT1,P30711
5445,PON2,Q15165
5329,PLAUR,Q03405
2770,GNAI1,P63096
10655,DMRT2,Q9Y5R5
7141,TNP1,P09430
7142,TNP2,Q05952
2908,NR3C1,P04150
7917,BAG6,P46379
5634,PRPS2,P11908
1106,CHD2,O14647
2775,GNAO1,P09471
3953,LEPR,P48357
7431,VIM,P08670
5886,RAD23A,P54725
5887,RAD23B,P54727
2936,GSR,P00390
4257,MGST1,P10620
5618,PRLR,P16471
7114,TMSB4X,P62328
7539,ZFP37,Q9Y6Q3
11315,PARK7,Q99497
2260,FGFR1,P11362
10371,SEMA3A,Q14563
8482,SEMA7A,O75326
3077,HFE,Q30201
2152,F3,P13726
26012,NSMF,Q6X4W1
64641,EBF2,Q9HAK2
84634,KISS1R,Q969F8
427,ASAH1,Q13510
4025,LPO,P22079
5498,PPOX,P50336
847,CAT,P04040
4843,NOS2,P35228
7498,XDH,P47989
5133,PDCD1,Q15116
10657,KHDRBS1,Q07666
3815,KIT,P10721
9210,BMP15,O95972
2661,GDF9,O60383
659,BMPR2,Q13873
2526,FUT4,P22083
54514,DDX4,Q9NQI0
402381,SOHLH1,Q5JUK2
1119,CHKA,P35790
6352,CCL5,P13501
57054,DAZ3,Q9NR90
4428674428689083,BPY2; BPY2B; BPY2C,O14599
5290,PIK3CA,P42336
78997,GDAP1L1,Q96MZ0
51305,KCNK9,Q9NPC2
389421,LIN28B,Q6ZN17
5925,RB1,P06400
388015,RTL1,A6NKG5
5002,SLC22A18,Q96BI1
57683,ZDBF2,Q9HCK1
968,CD68,P34810
4321,MMP12,P39900
3309,HSPA5,P11021
4057,LTF,P02788
5232,PGK2,P07205
56949,XAB2,Q9HCS7
93210,PGAP3,Q96FM1
1043,CD52,P31358
969,CD69,Q07108
8140,SLC7A5,Q01650
2357,FPR1,P21462
4267,CD99,P14209
4179,CD46,P15529
3676,ITGA4,P13612
59067,IL21,Q9HBE4
973,CD79A,P11912
3567,IL5,P05113
3559,IL2RA,P01589
2674,GFRA1,P56159
3655,ITGA6,P23229
23369,PUM2,Q8TB72
10499,NCOA2,Q15596
11143,KAT7,O95251
6714,SRC,P12931
7525,YES1,P07947
6817,SULT1A1,P50225
3685,ITGAV,P06756
54205,CYCS,P99999
128240,NAXE,Q8NCW5
4292,MLH1,P40692
27030,MLH3,Q9UHC1
1079840565395,PMS2,P54278
4438,MSH4,O15457
4439,MSH5,O43196
545,ATR,Q13535
50511,SYCP3,Q8IZU3
9985,REC8,O95072
56159,TEX11,Q8IYF3
56154,TEX15,Q9BXT5
3605,IL17A,Q16552
3135,HLA-G,P17693
3479,IGF1,P05019
1804,DPP6,P42658
781,CACNA2D1,P54289
3643,INSR,P06213
11254,SLC6A14,Q9UN76
3482,IGF2R,P11717
11172,INSL6,Q9Y581
3480,IGF1R,P08069
2688,GH1,P01241
5730,PTGDS,P41222
283417,DPY19L2,Q6NUT2
222545,GPRC6A,Q5T6X5
5599,MAPK8,P45983
128674,PROKR2,Q8NFJ6
5104,SERPINA5,P05154
4582,MUC1,P15941
51293,CD320,Q9NPF0
727897,MUC5B,Q9HC84
56667,MUC13,Q9H3R2
23641,LDOC1,O95751
10038,PARP2,Q9UGN5
22853,LMTK2,Q8IWU2
339345,NANOS2,P60321
80712,ESX1,Q8N693
3558,IL2,P60568
652,BMP4,P12644
80336,PABPC1L,Q4VXU2
26986,PABPC1,P11940
5042,PABPC3,Q9H361
3082,HGF,P14210
3084,NRG1,Q02297
81833,SPACA1,Q9HBV2
79730,NSUN7,Q8NE18
6406,SEMG1,P04279
6866,TAC3,Q9UHF0
255220,TXNDC8,Q6A555
396,ARHGDIA,P52565
284359,IZUMO1,Q8IYV9
2923,PDIA3,P30101
5428,POLG,P54098
49,ACR,P10323
279,AMY2A,P04746
3117,HLA-DQA1,P01909
2,A2M,P01023
4282,MIF,P14174
10052677357119,EPPIN,O95925
2335,FN1,P02751
5781,PTPN11,Q06124
203413,CT83,Q5H943
343171,OR2W3,Q7Z3T1
4316,MMP7,P09237
5726,TAS2R38,P59533
3959,LGALS3BP,Q08380
3991,LIPE,Q05469
328,APEX1,P27695
4205,MEF2A,Q02078
5328,PLAU,P00749
6675,UAP1,Q16222
9463,PICK1,Q9NRD5
3417,IDH1,O75874
1545,CYP1B1,Q16678
5010,CLDN11,O75508
2697,GJA1,P17302
6657,SOX2,P48431
5626,PROP1,O75360
4210,MEFV,O15553
5111,PCNA,P12004
5468,PPARG,P37231
6407,SEMG2,Q02383
4170,MCL1,Q07820
2149,F2R,P25116
6677,SPAM1,P38567
410,ARSA,P15289
3305,HSPA1L,P34931
6654,SOS1,Q07889
5894,RAF1,P04049
1589,CYP21A2,P08686
54878,DPP8,Q6V1X1
2253,FGF8,P55075
54756,IL17RD,Q8NFM7
60675,PROK2,Q9HC23
8822,FGF17,O60258
1848,DUSP6,Q16828
81848,SPRY4,Q9C004
23767,FLRT3,Q9NZU0
6870,TACR3,P29371
55636,CHD7,Q9P2D1
2539,G6PD,P11413
7430,EZR,P15311
998,CDC42,P60953
928,CD9,P21926
60,ACTB,P60709
10381,TUBB3,Q13509
5013,OTX1,P32242
6469,SHH,Q15465
794,CALB2,P22676
124912,SPACA3,Q8IXA5
4803,NGF,P01138
10971,YWHAQ,P27348
2016,EMX1,Q04741
52,ACP1,P24666
7341,SUMO1,P63165
2308,FOXO1,Q12778
2214,FCGR3A,P08637
4684,NCAM1,P13591
2626,GATA4,P43694
3329,HSPD1,P10809
2053,EPHX2,P34913
23405,DICER1,Q9UPY3
29102,DROSHA,Q9NRR4
7508,XPC,Q01831
3014,H2AFX,P16104
100131137,BSPH1,Q075Z2
51314,NME8,Q8N427
1234,CCR5,P51681
1585,CYP11B2,P19099
10876,EDDM3A,Q14507
64184,EDDM3B,P56851
100287399100996331,POTEB,A0A0A6YYL3
100287399100996331,POTEB2,H3BUK9
4867,NPHP1,O15259
7026,NR2F2,P24468
80070,ADAMTS20,P59510
5756,TWF1,Q12792
1352,COX10,Q12887
4117,MAK,P20794
1770,DNAH9,Q9NYC9
3858,KRT10,P13645
5327,PLAT,P00750
84057,MND1,Q9BWT6
84690,SPATA22,Q8NHS9
26330,GAPDHS,O14556
341567,H1FNT,Q75WM6
7001,PRDX2,P32119
3948,LDHC,P07864
5021,OXTR,P30559
93426,SYCE1,Q8N0S2
26256,CABYR,O75952
84203,TXNDC2,Q86VQ3
124404,SEPT12,Q8IYM1
89869,PLCZ1,Q86YW0
11055,ZPBP,Q9BS86
1016,CDH18,Q13634
27253,PCDH17,O14917
8317,CDC7,O00311
1025,CDK9,P50750
991,CDC20,Q12834
1198,CLK3,P49761
54457,TAF7L,Q5H9L4
150365,MEI1,Q5TIA1
64581,CLEC7A,Q9BXN2
8566,PDXK,O00764
5906,RAP1A,P62834
999,CDH1,P12830
55905,RNF114,Q9Y508
83893,SPATA16,Q9BXB7
83890,SPATA9,Q9BWV2
7068,THRB,P10828
29118,DDX25,Q9UHL0
56603,CYP26B1,Q9NR63
340719,NANOS1,Q8WY41
346673,STRA8,Q7Z7C7
1312,COMT,P21964
55422,ZNF331,Q9NQX6
3789495940,RBMY1A1,P0DJD3
167,CRISP1,P54107
140881,DEFB129,Q9H1M3
362,AQP5,P55064
50801,KCNK4,Q9NYG8
89822,KCNK17,Q96T54
54716,SLC6A20,Q9NP91
64849,SLC13A3,Q8WWT9
81623,DEFB126,Q9BYW3
245909503841,DEFB106A; DEFB106B,Q8N104
11186,RASSF1,Q9NS23
8242,KDM5C,P41229
51634,RBMX2,Q9Y388
2248,FGF3,P11487
64395,GMCL1,Q96IK5
2036119426,CDY2A; CDY2B,Q9Y6F7
4428629081,PRY; PRY2; PRYP3; PRYP4,O14603
7391,USF1,P22415
11036,GTF2A1L,Q9UNN4
30014728712,SPANXA1; SPANXA2,Q9NS26
1134577278,TUBA3C; TUBA3D,Q13748
7277,TUBA4A,P68366
51807,TUBA8,Q9NY65
5304,PIP,P12273
55811,ADCY10,Q96PN6
347732,CATSPER3,Q86XQ3
378807,CATSPER4,Q7RTX7
8398,PLA2G6,O60733
8284,KDM5D,Q9BY66
4512,MT-CO1,P00395
4508,MT-ATP6,P00846
4509,MT-ATP8,P03928
1528,CYB5A,P00167
5684,PSMA3,P25788
10407,SPAG11B,Q08648
10407653423,SPAG11A,Q6PDA7
6429,SRSF4,Q08170
6431,SRSF6,Q13247
8683,SRSF9,Q13242
3623,INHA,P05111
51686,OAZ3,Q9UMX2
64518,TEKT3,Q9BXF9
6954,TCP11,Q8WWU5
7180,CRISP2,P16562
384,ARG2,P78540
6993,DYNLT1,P63172
780,DDR1,Q08345
140885,SIRPA,P78324
55423,SIRPG,Q9P1W8
6660,SOX5,P35711
66037,BOLL,Q8N9W6
128153,SPATA17,Q96L03
5230,PGK1,P00558
4771,NF2,P35240
29968,PSAT1,Q9Y617
9101,USP8,P40818
94240,EPSTI1,Q96J88
388389,CCDC103,Q8IW40
121355,GTSF1,Q8WW33
51571,FAM49B,Q9NUQ9
143689,PIWIL4,Q7Z3Z4
10577,NPC2,P61916
3933,LCN1,P31025
83853,ROPN1L,Q96C74
5223,PGAM1,P18669
160065,PATE1,Q8WXA2
3814,KISS1,Q15726
26580,BSCL2,Q96G97
25924,MYRIP,Q8NFW9
57689,LRRC4C,Q9HCJ2
25942,SIN3A,Q96ST3
9025,RNF8,O76064
23476,BRD4,O60885
140625,ACTRT2,Q8TDY3
10300,KATNB1,Q9BVA0
5052,PRDX1,Q06830
1181,CLCN2,P51788
10059,DNM1L,O00429
5905,RANGAP1,P46060
7153,TOP2A,P11388
7850,IL1R2,P27930
1390,CREM,Q03060
54974,THG1L,Q9NWX6
10062,NR1H3,Q13133
11159,RABL2A,Q9UBK7
54456,MOV10L1,Q9BXT6
150280,HORMAD2,Q8N7B1
9194,SLC16A7,O60669
9677,PPIP5K1,Q6PFW1
4514,MT-CO3,P00414
8854,ALDH1A2,O94788
93058,COQ10A,Q96MF6
158983,H2BFWT,Q7Z2G1
6875,TAF4B,Q92750
84225,ZMYND15,Q9H091
116369,SLC26A8,Q96RN1
168391,GALNTL5,Q7Z4T8
25981,DNAH1,Q9P2D7
55170,PRMT6,Q96LA8
5192,PEX10,O60683
8110,DPF3,Q92784
57453,DSCAML1,Q8TD84
1893,ECM1,Q16610
2254,FGF9,P31371
84528,RHOXF2,Q9BQY4
5310,PKD1,P98161
7259,TSPYL1,Q9H0U9
135138,PACRG,Q96M98
56979,PRDM9,Q9NQV7
1991,ELANE,P08246
5049,PAFAH1B2,P68402
5020,OXT,P01178
4914,NTRK1,P04629
8626,TP63,Q9H3D4
27285,TEKT2,Q9UIF3
6584,SLC22A5,O76082
90780,PYGO2,Q9BRQ0
23139,MAST2,Q6P0Q8
117143,TADA1,Q96BN2
286,ANK1,P16157
4862,NPAS2,Q99743
441531,PGAM4,Q8N0Y7
261734,NPHP4,O75161
9575,CLOCK,O15516
1831,TSC22D3,Q99576
222229,LRWD1,Q9UFC0
79582,SPAG16,Q8N0X2
814,CAMK4,Q16566
2119,ETV5,P41161
7466,WFS1,O76024
150483,TEKT4,Q8WW24
6934,TCF7L2,Q9NQB0
419,ART3,Q13508
84072,HORMAD1,Q86X24
302,ANXA2,P07355
3191,HNRNPL,P14866
84944,MAEL,Q96JY0
122402,TDRD9,Q8NDG6
55,ACPP,P15309
563,AZGP1,P25311
89953,KLC4,Q9NSK0
9371,KIF3B,O15066
51168,MYO15A,Q9UKN7
221458,KIF6,Q6ZMV9
55083,KIF26B,Q2KJY2
11127,KIF3A,Q9Y496
201625,DNAH12,Q6ZR08
23336,SYNM,O15061
79659,DYNC2H1,Q8NCM8
57519,STARD9,Q9P2P6
80179,MYO19,Q96H55
7168,TPM1,P09493
644150,WIPF3,A6NGB9
8976,WASL,O00401
6535,SLC6A8,P48029
2593,GAMT,Q14353
440822,PIWIL3,Q7Z3Z3
7416,VDAC1,P21796
23598,PATZ1,Q9HBE1
4142,MAS1,P04201
59272,ACE2,Q9BYF1
6573,SLC19A1,P41440
317719,KLHL10,Q6JEL2
8900,CCNA1,P78396
342977,NANOS3,P60323
6305,SBF1,O95248
3985,LIMK2,P53671
9519,TBPL1,P62380
128497,SPATA25,Q9BR10
4683,NBN,O60934
5669,PSG1,P11464
6847,SYCP1,Q15431
10734,STAG3,Q9UJ98
84432,PROK1,P58294
27019,DNAI1,Q9UI46
1767,DNAH5,Q8TE73
8701,DNAH11,Q96DT5
4519,MT-CYB,P00156
90316,TGIF2LX,Q8IUE1
90655,TGIF2LY,Q8IUE0
51087,YBX2,Q9Y2T7
56001728343,NXF2; NXF2B,Q9GZY0
4538,MT-ND4,P03905
8468,FKBP6,O75344
6389,SDHA,P31040
338323,NLRP14,Q86W24
3267,AGFG1,P52594
57120,GOPC,Q9HD26
5551,PRF1,P14222
5394,EXOSC10,Q01780
9724,UTP14C,Q5TAP6
7773,ZNF230,Q9UIE0
1760,DMPK,Q09013
27316,RBMX,P38159
89885,FATE1,Q969F0
5320,PLA2G2A,P14555
6376,CX3CL1,P78423
4350,MPG,P29372
6288,SAA1,P0DJI8
23536,ADAT1,Q9BUB4
51816,ADA2,Q9NZK5
1435,CSF1,P09603
2305,FOXM1,Q08050
2668,GDNF,P39905
1432,MAPK14,Q16539
309,ANXA6,P08133
307,ANXA4,P09525
1778,DYNC1H1,Q14204
155971,env,P04578
5795,PTPRJ,Q12913
2638,GC,P02774
6282,S100A11,P31949
11112,HIBADH,P31937
8635,RNASET2,O00584
79400,NOX5,Q96PH1
6390,SDHB,P21912
4609,MYC,P01106
4613,MYCN,P04198
90865,IL33,O95760
5414,SEPT4,O43236
760,CA2,P00918
890,CCNA2,P20248
308,ANXA5,P08758
6280,S100A9,P06702
364,AQP7,O14520
7727,ZNF174,Q15697
93661,CAPZA3,Q96KX2
8718,TNFRSF25,Q93038
7011,TEP1,Q99973
10468,FST,P19883
9768,PCLAF,Q15004
53340,SPA17,Q15506
10892,MALT1,Q9UDY8
51181,DCXR,Q7Z4W1
1369,CPN1,P15169
3107,HLA-C,P10321
779,CACNA1S,Q13698
925,CD8A,P01732
2629,GBA,P04062
7150,TOP1,P11387
6690,SPINK1,P00995
6590,SLPI,P03973
2548,GAA,P10253
56252,YLPM1,P49750
7077,TIMP2,P16035
1158,CKM,P06732
3939,LDHA,P00338
6863,TAC1,P20366
5110,PCMT1,P22061
94025,MUC16,Q8WXI7
30815,ST6GALNAC6,Q969X2
6822,SULT2A1,Q06520
1610,DAO,P14920
4125,MAN2B1,O00754
2720,GLB1,P16278
64772,ENGASE,Q8NFI3
6674,SPAG1,Q07617
4436,MSH2,P43246
8655,DYNLL1,P63167
